#
# There is insufficient memory for the Java Runtime Environment to continue.
# Native memory allocation (malloc) failed to allocate 1337296 bytes for Chunk::new
# Possible reasons:
#   The system is out of physical RAM or swap space
#   The process is running with CompressedOops enabled, and the Java Heap may be blocking the growth of the native heap
# Possible solutions:
#   Reduce memory load on the system
#   Increase physical memory or swap space
#   Check if swap backing store is full
#   Decrease Java heap size (-Xmx/-Xms)
#   Decrease number of Java threads
#   Decrease Java thread stack sizes (-Xss)
#   Set larger code cache with -XX:ReservedCodeCacheSize=
#   JVM is running with Unscaled Compressed Oops mode in which the Java heap is
#     placed in the first 4GB address space. The Java Heap base address is the
#     maximum limit for the native heap growth. Please use -XX:HeapBaseMinAddress
#     to set the Java Heap base and to place the Java Heap above 4GB virtual address.
# This output file may be truncated or incomplete.
#
#  Out of Memory Error (arena.cpp:189), pid=30796, tid=32316
#
# JRE version: Java(TM) SE Runtime Environment (17.0.12+8) (build 17.0.12+8-LTS-286)
# Java VM: Java HotSpot(TM) 64-Bit Server VM (17.0.12+8-LTS-286, mixed mode, sharing, tiered, compressed oops, compressed class ptrs, g1 gc, windows-amd64)
# No core dump will be written. Minidumps are not enabled by default on client versions of Windows
#

---------------  S U M M A R Y ------------

Command Line: -XX:MaxMetaspaceSize=512m --add-opens=java.base/java.util=ALL-UNNAMED --add-opens=java.base/java.lang=ALL-UNNAMED --add-opens=java.base/java.lang.invoke=ALL-UNNAMED --add-opens=java.prefs/java.util.prefs=ALL-UNNAMED --add-opens=java.base/java.nio.charset=ALL-UNNAMED --add-opens=java.base/java.net=ALL-UNNAMED --add-opens=java.base/java.util.concurrent.atomic=ALL-UNNAMED -Xmx2048m -Dfile.encoding=windows-1252 -Duser.country=IN -Duser.language=en -Duser.variant -javaagent:C:\Users\glbha\.gradle\wrapper\dists\gradle-8.6-all\3mbtmo166bl6vumsh5k2lkq5h\gradle-8.6\lib\agents\gradle-instrumentation-agent-8.6.jar org.gradle.launcher.daemon.bootstrap.GradleDaemon 8.6

Host: 13th Gen Intel(R) Core(TM) i5-1334U, 12 cores, 7G,  Windows 11 , 64 bit Build 26100 (10.0.26100.7705)
Time: Sun Feb 15 07:38:24 2026 India Standard Time elapsed time: 195.060036 seconds (0d 0h 3m 15s)

---------------  T H R E A D  ---------------

Current thread (0x00000157bee7fa30):  JavaThread "C2 CompilerThread0" daemon [_thread_in_native, id=32316, stack(0x00000039b5a00000,0x00000039b5b00000)]


Current CompileTask:
C2: 195061 30594       4       com.android.tools.build.apkzlib.zip.StoredEntry::getInFileSize (51 bytes)

Stack: [0x00000039b5a00000,0x00000039b5b00000]
Native frames: (J=compiled Java code, j=interpreted, Vv=VM code, C=native code)
V  [jvm.dll+0x67a04a]
V  [jvm.dll+0x7da4ed]
V  [jvm.dll+0x7dbe33]
V  [jvm.dll+0x7dc4a3]
V  [jvm.dll+0x24508f]
V  [jvm.dll+0xab773]
V  [jvm.dll+0xabd3c]
V  [jvm.dll+0x361b9f]
V  [jvm.dll+0x32c431]
V  [jvm.dll+0x32b8ca]
V  [jvm.dll+0x21683f]
V  [jvm.dll+0x215c6f]
V  [jvm.dll+0x1a2960]
V  [jvm.dll+0x22610b]
V  [jvm.dll+0x2242ab]
V  [jvm.dll+0x79075c]
V  [jvm.dll+0x78abea]
V  [jvm.dll+0x678f35]
C  [ucrtbase.dll+0x37b0]
C  [KERNEL32.DLL+0x2e8d7]
C  [ntdll.dll+0x8c40c]


---------------  P R O C E S S  ---------------

Threads class SMR info:
_java_thread_list=0x00000157e5cfb210, length=229, elements={
0x00000157a07f2040, 0x00000157bee5e210, 0x00000157bee5ece0, 0x00000157bee793a0,
0x00000157bee7bc80, 0x00000157bee7c550, 0x00000157bee7ce20, 0x00000157bee7fa30,
0x00000157bee84360, 0x00000157bee87080, 0x00000157bee4d650, 0x00000157de16b5b0,
0x00000157dfce26a0, 0x00000157df1ff450, 0x00000157df98b210, 0x00000157dfa8e570,
0x00000157dfbac4f0, 0x00000157dfac8ca0, 0x00000157dfac7860, 0x00000157dfac5f10,
0x00000157dfac6420, 0x00000157dfac6930, 0x00000157dfac7d70, 0x00000157dfac6e40,
0x00000157dfac54f0, 0x00000157dfac5a00, 0x00000157dfac7350, 0x00000157dfac8280,
0x00000157e1229df0, 0x00000157e12289b0, 0x00000157e12284a0, 0x00000157e122a300,
0x00000157e122c160, 0x00000157e122a810, 0x00000157e122c670, 0x00000157e1228ec0,
0x00000157e122cb80, 0x00000157e12293d0, 0x00000157e122e9e0, 0x00000157e122f400,
0x00000157e122fe20, 0x00000157e122dfc0, 0x00000157e122d090, 0x00000157e122d5a0,
0x00000157e122dab0, 0x00000157e122e4d0, 0x00000157e122eef0, 0x00000157e122f910,
0x00000157de6cdb90, 0x00000157de6cff00, 0x00000157de6ce5b0, 0x00000157de6d0e30,
0x00000157de6cf9f0, 0x00000157de6ceac0, 0x00000157de6d1340, 0x00000157de6d1850,
0x00000157de6cefd0, 0x00000157de6d0410, 0x00000157de6cf4e0, 0x00000157de6d0920,
0x00000157de6ce0a0, 0x00000157de6d45e0, 0x00000157de6d3bc0, 0x00000157de6d36b0,
0x00000157de6d4af0, 0x00000157de6d5510, 0x00000157de6d1d60, 0x00000157de6d2c90,
0x00000157de6d2780, 0x00000157dfb5ffd0, 0x00000157dfb63c90, 0x00000157dfb604e0,
0x00000157dfb61920, 0x00000157dfb62850, 0x00000157dfb641a0, 0x00000157dfb62d60,
0x00000157dfb609f0, 0x00000157dfb63270, 0x00000157dfb61410, 0x00000157dfb646b0,
0x00000157dfb60f00, 0x00000157dfb650d0, 0x00000157dfb655e0, 0x00000157dfb61e30,
0x00000157dfb64bc0, 0x00000157dfb65af0, 0x00000157dfb62340, 0x00000157dfb66000,
0x00000157dfb66510, 0x00000157dfb66a20, 0x00000157dfb66f30, 0x00000157dfb67440,
0x00000157dfb67950, 0x00000157e3113a60, 0x00000157e3114ea0, 0x00000157e3113550,
0x00000157e31167f0, 0x00000157e3114990, 0x00000157e31162e0, 0x00000157e31153b0,
0x00000157e3115dd0, 0x00000157e31158c0, 0x00000157e3116d00, 0x00000157e3117210,
0x00000157e3117720, 0x00000157e3113f70, 0x00000157e3117c30, 0x00000157e3114480,
0x00000157e311a9c0, 0x00000157e3118b60, 0x00000157e311aed0, 0x00000157e3118650,
0x00000157e3119580, 0x00000157e3118140, 0x00000157e3119070, 0x00000157e311a4b0,
0x00000157e3119fa0, 0x00000157e3119a90, 0x00000157e06bf2e0, 0x00000157e06bf7f0,
0x00000157e06bfd00, 0x00000157e06c34b0, 0x00000157e06c0210, 0x00000157e06c3ed0,
0x00000157e06c5820, 0x00000157e06c43e0, 0x00000157e06c2a90, 0x00000157e06c2070,
0x00000157e06c48f0, 0x00000157e06c4e00, 0x00000157e06c5310, 0x00000157dfac8790,
0x00000157e3da98e0, 0x00000157e3da9df0, 0x00000157e3daa300, 0x00000157e3da7a80,
0x00000157e3daad20, 0x00000157e3da89b0, 0x00000157e3dab740, 0x00000157e3da7f90,
0x00000157e3dabc50, 0x00000157e3dac160, 0x00000157e3dac670, 0x00000157e3dacb80,
0x00000157e3da93d0, 0x00000157e3dad5a0, 0x00000157e3daf400, 0x00000157e3dadab0,
0x00000157e3dadfc0, 0x00000157e3dae4d0, 0x00000157e3dae9e0, 0x00000157e56755b0,
0x00000157e5677e30, 0x00000157e5677920, 0x00000157e5678340, 0x00000157e5678850,
0x00000157e56750a0, 0x00000157e5679270, 0x00000157e5677410, 0x00000157e5678d60,
0x00000157e5676f00, 0x00000157e5675fd0, 0x00000157e5675ac0, 0x00000157e5679780,
0x00000157e5679c90, 0x00000157e56764e0, 0x00000157e567a1a0, 0x00000157e567b5e0,
0x00000157e567b0d0, 0x00000157e567baf0, 0x00000157e567c000, 0x00000157e567ca20,
0x00000157e567c510, 0x00000157e3daeef0, 0x00000157eac473d0, 0x00000157eac464a0,
0x00000157eac478e0, 0x00000157eac44640, 0x00000157eac45f90, 0x00000157eac44b50,
0x00000157eac469b0, 0x00000157eac45060, 0x00000157eac46ec0, 0x00000157eac45570,
0x00000157eac45a80, 0x00000157eac44130, 0x00000157eac48810, 0x00000157eac49230,
0x00000157eac47df0, 0x00000157eac49740, 0x00000157eb124ae0, 0x00000157eb1240c0,
0x00000157eb122c80, 0x00000157eb121330, 0x00000157eb1245d0, 0x00000157eb124ff0,
0x00000157eb122260, 0x00000157eb121840, 0x00000157eb125f20, 0x00000157eb123bb0,
0x00000157eb122770, 0x00000157eb126940, 0x00000157eb1291c0, 0x00000157eb127d80,
0x00000157eb128cb0, 0x00000157eb127360, 0x00000157eb12a0f0, 0x00000157eb12ba40,
0x00000157eb12b020, 0x00000157eb128290, 0x00000157eb12a600, 0x00000157eb12b530,
0x00000157eb12bf50, 0x00000157eb1287a0, 0x00000157eb12d8a0, 0x00000157eb12c460,
0x00000157eb130b40, 0x00000157eb12d390, 0x00000157eb12ddb0, 0x00000157eb12e2c0,
0x00000157eb12e7d0, 0x00000157eac4ab80, 0x00000157e06be3b0, 0x00000157dfb63780,
0x00000157e41c4550, 0x00000157e41c3110, 0x00000157e41c2c00, 0x00000157e41c3620,
0x00000157e4ee7c60
}
_to_delete_list=0x00000157ebbb4bd0, length=232, elements={
0x00000157a07f2040, 0x00000157bee5e210, 0x00000157bee5ece0, 0x00000157bee793a0,
0x00000157bee7bc80, 0x00000157bee7c550, 0x00000157bee7ce20, 0x00000157bee7fa30,
0x00000157bee84360, 0x00000157bee87080, 0x00000157bee4d650, 0x00000157de16b5b0,
0x00000157dfce26a0, 0x00000157df1ff450, 0x00000157df98b210, 0x00000157dfa8e570,
0x00000157dfbac4f0, 0x00000157dfac8ca0, 0x00000157dfac7860, 0x00000157dfac5f10,
0x00000157dfac6420, 0x00000157dfac6930, 0x00000157dfac7d70, 0x00000157dfac6e40,
0x00000157dfac54f0, 0x00000157dfac5a00, 0x00000157dfac7350, 0x00000157dfac8280,
0x00000157e1229df0, 0x00000157e12289b0, 0x00000157e12284a0, 0x00000157e122a300,
0x00000157e122c160, 0x00000157e122a810, 0x00000157e122c670, 0x00000157e1228ec0,
0x00000157e122cb80, 0x00000157e12293d0, 0x00000157e122e9e0, 0x00000157e122f400,
0x00000157e122fe20, 0x00000157e122dfc0, 0x00000157e122d090, 0x00000157e122d5a0,
0x00000157e122dab0, 0x00000157e122e4d0, 0x00000157e122eef0, 0x00000157e122f910,
0x00000157de6cdb90, 0x00000157de6cff00, 0x00000157de6ce5b0, 0x00000157de6d0e30,
0x00000157de6cf9f0, 0x00000157de6ceac0, 0x00000157de6d1340, 0x00000157de6d1850,
0x00000157de6cefd0, 0x00000157de6d0410, 0x00000157de6cf4e0, 0x00000157de6d0920,
0x00000157de6ce0a0, 0x00000157de6d45e0, 0x00000157de6d3bc0, 0x00000157de6d36b0,
0x00000157de6d4af0, 0x00000157de6d5510, 0x00000157de6d1d60, 0x00000157de6d2c90,
0x00000157de6d2780, 0x00000157dfb5ffd0, 0x00000157dfb63c90, 0x00000157dfb604e0,
0x00000157dfb61920, 0x00000157dfb62850, 0x00000157dfb641a0, 0x00000157dfb62d60,
0x00000157dfb609f0, 0x00000157dfb63270, 0x00000157dfb61410, 0x00000157dfb646b0,
0x00000157dfb60f00, 0x00000157dfb650d0, 0x00000157dfb655e0, 0x00000157dfb61e30,
0x00000157dfb64bc0, 0x00000157dfb65af0, 0x00000157dfb62340, 0x00000157dfb66000,
0x00000157dfb66510, 0x00000157dfb66a20, 0x00000157dfb66f30, 0x00000157dfb67440,
0x00000157dfb67950, 0x00000157e3113a60, 0x00000157e3114ea0, 0x00000157e3113550,
0x00000157e31167f0, 0x00000157e3114990, 0x00000157e31162e0, 0x00000157e31153b0,
0x00000157e3115dd0, 0x00000157e31158c0, 0x00000157e3116d00, 0x00000157e3117210,
0x00000157e3117720, 0x00000157e3113f70, 0x00000157e3117c30, 0x00000157e3114480,
0x00000157e311a9c0, 0x00000157e3118b60, 0x00000157e311aed0, 0x00000157e3118650,
0x00000157e3119580, 0x00000157e3118140, 0x00000157e3119070, 0x00000157e311a4b0,
0x00000157e3119fa0, 0x00000157e3119a90, 0x00000157e06bf2e0, 0x00000157e06bf7f0,
0x00000157e06bfd00, 0x00000157e06c34b0, 0x00000157e06c0210, 0x00000157e06c3ed0,
0x00000157e06c5820, 0x00000157e06c43e0, 0x00000157e06c2a90, 0x00000157e06c2070,
0x00000157e06c48f0, 0x00000157e06c4e00, 0x00000157e06c5310, 0x00000157dfac8790,
0x00000157e3da98e0, 0x00000157e3da9df0, 0x00000157e3daa300, 0x00000157e3da7a80,
0x00000157e3daad20, 0x00000157e3da89b0, 0x00000157e3dab740, 0x00000157e3da7f90,
0x00000157e3dabc50, 0x00000157e3dac160, 0x00000157e3dac670, 0x00000157e3dacb80,
0x00000157e3da93d0, 0x00000157e3dad5a0, 0x00000157e3daf400, 0x00000157e3dadab0,
0x00000157e3dadfc0, 0x00000157e3dae4d0, 0x00000157e3dae9e0, 0x00000157e56755b0,
0x00000157e5677e30, 0x00000157e5677920, 0x00000157e5678340, 0x00000157e5678850,
0x00000157e56750a0, 0x00000157e5679270, 0x00000157e5677410, 0x00000157e5678d60,
0x00000157e5676f00, 0x00000157e5675fd0, 0x00000157e5675ac0, 0x00000157e5679780,
0x00000157e5679c90, 0x00000157e56764e0, 0x00000157e567a1a0, 0x00000157e567b5e0,
0x00000157e567b0d0, 0x00000157e567baf0, 0x00000157e567c000, 0x00000157e567ca20,
0x00000157e567c510, 0x00000157e3daeef0, 0x00000157eac473d0, 0x00000157eac464a0,
0x00000157eac478e0, 0x00000157eac44640, 0x00000157eac45f90, 0x00000157eac44b50,
0x00000157eac469b0, 0x00000157eac45060, 0x00000157eac46ec0, 0x00000157eac45570,
0x00000157eac45a80, 0x00000157eac44130, 0x00000157eac48810, 0x00000157eac49230,
0x00000157eac47df0, 0x00000157eac49740, 0x00000157eb124ae0, 0x00000157eb1240c0,
0x00000157eb122c80, 0x00000157eb121330, 0x00000157eb1245d0, 0x00000157eb124ff0,
0x00000157eb122260, 0x00000157eb121840, 0x00000157eb125f20, 0x00000157eb123bb0,
0x00000157eb1236a0, 0x00000157eb122770, 0x00000157eb126940, 0x00000157eb1291c0,
0x00000157eb127d80, 0x00000157eb127870, 0x00000157eb128cb0, 0x00000157eb127360,
0x00000157eb12a0f0, 0x00000157eb12ba40, 0x00000157eb12b020, 0x00000157eb128290,
0x00000157eb12a600, 0x00000157eb12b530, 0x00000157eb12bf50, 0x00000157eb1287a0,
0x00000157eb12d8a0, 0x00000157eb12c460, 0x00000157eb130b40, 0x00000157eb12d390,
0x00000157eb12ddb0, 0x00000157eb12e2c0, 0x00000157eb12e7d0, 0x00000157eac4ab80,
0x00000157e06be3b0, 0x00000157dfb63780, 0x00000157e41c4550, 0x00000157e41c3110,
0x00000157e41c2c00, 0x00000157e41c3620, 0x00000157e41c4040, 0x00000157e4ee7c60
}

Java Threads: ( => current thread )
  0x00000157a07f2040 JavaThread "main" [_thread_blocked, id=29204, stack(0x00000039b4d00000,0x00000039b4e00000)]
  0x00000157bee5e210 JavaThread "Reference Handler" daemon [_thread_blocked, id=27040, stack(0x00000039b5400000,0x00000039b5500000)]
  0x00000157bee5ece0 JavaThread "Finalizer" daemon [_thread_blocked, id=19740, stack(0x00000039b5500000,0x00000039b5600000)]
  0x00000157bee793a0 JavaThread "Signal Dispatcher" daemon [_thread_blocked, id=19968, stack(0x00000039b5600000,0x00000039b5700000)]
  0x00000157bee7bc80 JavaThread "Attach Listener" daemon [_thread_blocked, id=10996, stack(0x00000039b5700000,0x00000039b5800000)]
  0x00000157bee7c550 JavaThread "Service Thread" daemon [_thread_blocked, id=1040, stack(0x00000039b5800000,0x00000039b5900000)]
  0x00000157bee7ce20 JavaThread "Monitor Deflation Thread" daemon [_thread_blocked, id=28272, stack(0x00000039b5900000,0x00000039b5a00000)]
=>0x00000157bee7fa30 JavaThread "C2 CompilerThread0" daemon [_thread_in_native, id=32316, stack(0x00000039b5a00000,0x00000039b5b00000)]
  0x00000157bee84360 JavaThread "C1 CompilerThread0" daemon [_thread_blocked, id=8544, stack(0x00000039b5b00000,0x00000039b5c00000)]
  0x00000157bee87080 JavaThread "Sweeper thread" daemon [_thread_in_vm, id=29040, stack(0x00000039b5c00000,0x00000039b5d00000)]
  0x00000157bee4d650 JavaThread "Common-Cleaner" daemon [_thread_blocked, id=26528, stack(0x00000039b5d00000,0x00000039b5e00000)]
  0x00000157de16b5b0 JavaThread "Notification Thread" daemon [_thread_blocked, id=16732, stack(0x00000039b5f00000,0x00000039b6000000)]
  0x00000157dfce26a0 JavaThread "Daemon health stats" [_thread_blocked, id=27888, stack(0x00000039b6500000,0x00000039b6600000)]
  0x00000157df1ff450 JavaThread "Incoming local TCP Connector on port 57665" [_thread_in_native, id=24828, stack(0x00000039b6400000,0x00000039b6500000)]
  0x00000157df98b210 JavaThread "Daemon periodic checks" [_thread_blocked, id=2168, stack(0x00000039b6600000,0x00000039b6700000)]
  0x00000157dfa8e570 JavaThread "Daemon" [_thread_blocked, id=6864, stack(0x00000039b6700000,0x00000039b6800000)]
  0x00000157dfbac4f0 JavaThread "Handler for socket connection from /127.0.0.1:57665 to /127.0.0.1:57666" [_thread_in_native, id=16436, stack(0x00000039b6800000,0x00000039b6900000)]
  0x00000157dfac8ca0 JavaThread "Cancel handler" [_thread_blocked, id=31292, stack(0x00000039b6900000,0x00000039b6a00000)]
  0x00000157dfac7860 JavaThread "Daemon worker" [_thread_blocked, id=2796, stack(0x00000039b6a00000,0x00000039b6b00000)]
  0x00000157dfac5f10 JavaThread "Asynchronous log dispatcher for DefaultDaemonConnection: socket connection from /127.0.0.1:57665 to /127.0.0.1:57666" [_thread_blocked, id=21000, stack(0x00000039b6b00000,0x00000039b6c00000)]
  0x00000157dfac6420 JavaThread "Stdin handler" [_thread_blocked, id=10812, stack(0x00000039b6c00000,0x00000039b6d00000)]
  0x00000157dfac6930 JavaThread "Daemon client event forwarder" [_thread_blocked, id=7944, stack(0x00000039b6d00000,0x00000039b6e00000)]
  0x00000157dfac7d70 JavaThread "Cache worker for journal cache (C:\Users\glbha\.gradle\caches\journal-1)" [_thread_blocked, id=14900, stack(0x00000039b6e00000,0x00000039b6f00000)]
  0x00000157dfac6e40 JavaThread "File lock request listener" [_thread_in_native, id=6644, stack(0x00000039b6f00000,0x00000039b7000000)]
  0x00000157dfac54f0 JavaThread "Cache worker for file hash cache (C:\Users\glbha\.gradle\caches\8.6\fileHashes)" [_thread_blocked, id=14464, stack(0x00000039b7000000,0x00000039b7100000)]
  0x00000157dfac5a00 JavaThread "File watcher server" daemon [_thread_in_native, id=28548, stack(0x00000039b7700000,0x00000039b7800000)]
  0x00000157dfac7350 JavaThread "File watcher consumer" daemon [_thread_blocked, id=26348, stack(0x00000039b7800000,0x00000039b7900000)]
  0x00000157dfac8280 JavaThread "Cache worker for checksums cache (D:\My Life\Hack-With-GDG\User_Frontend\android\.gradle\8.6\checksums)" [_thread_blocked, id=17756, stack(0x00000039b7600000,0x00000039b7700000)]
  0x00000157e1229df0 JavaThread "Cache worker for file hash cache (D:\My Life\Hack-With-GDG\User_Frontend\android\.gradle\8.6\fileHashes)" [_thread_blocked, id=29156, stack(0x00000039b7b00000,0x00000039b7c00000)]
  0x00000157e12289b0 JavaThread "Cache worker for cache directory md-supplier (C:\Users\glbha\.gradle\caches\8.6\md-supplier)" [_thread_blocked, id=22816, stack(0x00000039b7c00000,0x00000039b7d00000)]
  0x00000157e12284a0 JavaThread "Cache worker for cache directory md-rule (C:\Users\glbha\.gradle\caches\8.6\md-rule)" [_thread_blocked, id=20192, stack(0x00000039b7d00000,0x00000039b7e00000)]
  0x00000157e122a300 JavaThread "Cache worker for file content cache (C:\Users\glbha\.gradle\caches\8.6\fileContent)" [_thread_blocked, id=11584, stack(0x00000039b7e00000,0x00000039b7f00000)]
  0x00000157e122c160 JavaThread "jar transforms" [_thread_blocked, id=4744, stack(0x00000039b7f00000,0x00000039b8000000)]
  0x00000157e122a810 JavaThread "jar transforms Thread 2" [_thread_blocked, id=22100, stack(0x00000039b8000000,0x00000039b8100000)]
  0x00000157e122c670 JavaThread "jar transforms Thread 3" [_thread_blocked, id=20968, stack(0x00000039b8200000,0x00000039b8300000)]
  0x00000157e1228ec0 JavaThread "jar transforms Thread 4" [_thread_blocked, id=7808, stack(0x00000039b8300000,0x00000039b8400000)]
  0x00000157e122cb80 JavaThread "Exec process" [_thread_in_native, id=19540, stack(0x00000039b8400000,0x00000039b8500000)]
  0x00000157e12293d0 JavaThread "Exec process Thread 2" [_thread_in_native, id=25004, stack(0x00000039b8500000,0x00000039b8600000)]
  0x00000157e122e9e0 JavaThread "Exec process Thread 3" [_thread_in_native, id=25752, stack(0x00000039b8600000,0x00000039b8700000)]
  0x00000157e122f400 JavaThread "jar transforms Thread 5" [_thread_blocked, id=26604, stack(0x00000039b8900000,0x00000039b8a00000)]
  0x00000157e122fe20 JavaThread "jar transforms Thread 6" [_thread_blocked, id=32012, stack(0x00000039b8a00000,0x00000039b8b00000)]
  0x00000157e122dfc0 JavaThread "Unconstrained build operations" [_thread_blocked, id=29196, stack(0x00000039b8700000,0x00000039b8800000)]
  0x00000157e122d090 JavaThread "Unconstrained build operations Thread 2" [_thread_blocked, id=7564, stack(0x00000039b8800000,0x00000039b8900000)]
  0x00000157e122d5a0 JavaThread "jar transforms Thread 7" [_thread_blocked, id=32144, stack(0x00000039b8c00000,0x00000039b8d00000)]
  0x00000157e122dab0 JavaThread "jar transforms Thread 8" [_thread_blocked, id=29420, stack(0x00000039b8d00000,0x00000039b8e00000)]
  0x00000157e122e4d0 JavaThread "Cache worker for Build Output Cleanup Cache (D:\My Life\Hack-With-GDG\User_Frontend\node_modules\@react-native\gradle-plugin\.gradle\buildOutputCleanup)" [_thread_blocked, id=28576, stack(0x00000039b8e00000,0x00000039b8f00000)]
  0x00000157e122eef0 JavaThread "jar transforms Thread 9" [_thread_blocked, id=26796, stack(0x00000039b8f00000,0x00000039b9000000)]
  0x00000157e122f910 JavaThread "jar transforms Thread 10" [_thread_blocked, id=31644, stack(0x00000039b9000000,0x00000039b9100000)]
  0x00000157de6cdb90 JavaThread "Unconstrained build operations Thread 3" [_thread_blocked, id=25236, stack(0x00000039b9100000,0x00000039b9200000)]
  0x00000157de6cff00 JavaThread "Unconstrained build operations Thread 4" [_thread_blocked, id=7052, stack(0x00000039b9200000,0x00000039b9300000)]
  0x00000157de6ce5b0 JavaThread "Unconstrained build operations Thread 5" [_thread_blocked, id=1808, stack(0x00000039b9300000,0x00000039b9400000)]
  0x00000157de6d0e30 JavaThread "Unconstrained build operations Thread 6" [_thread_blocked, id=23536, stack(0x00000039b9400000,0x00000039b9500000)]
  0x00000157de6cf9f0 JavaThread "Unconstrained build operations Thread 7" [_thread_blocked, id=10748, stack(0x00000039b9500000,0x00000039b9600000)]
  0x00000157de6ceac0 JavaThread "Unconstrained build operations Thread 8" [_thread_blocked, id=7044, stack(0x00000039b9600000,0x00000039b9700000)]
  0x00000157de6d1340 JavaThread "Unconstrained build operations Thread 9" [_thread_blocked, id=29672, stack(0x00000039b9700000,0x00000039b9800000)]
  0x00000157de6d1850 JavaThread "Unconstrained build operations Thread 10" [_thread_blocked, id=22356, stack(0x00000039b9800000,0x00000039b9900000)]
  0x00000157de6cefd0 JavaThread "Unconstrained build operations Thread 11" [_thread_blocked, id=30300, stack(0x00000039b9900000,0x00000039b9a00000)]
  0x00000157de6d0410 JavaThread "Unconstrained build operations Thread 12" [_thread_blocked, id=2624, stack(0x00000039b9a00000,0x00000039b9b00000)]
  0x00000157de6cf4e0 JavaThread "Unconstrained build operations Thread 13" [_thread_blocked, id=31336, stack(0x00000039b9b00000,0x00000039b9c00000)]
  0x00000157de6d0920 JavaThread "Memory manager" [_thread_blocked, id=15540, stack(0x00000039b9c00000,0x00000039b9d00000)]
  0x00000157de6ce0a0 JavaThread "jar transforms Thread 11" [_thread_blocked, id=24188, stack(0x00000039b9e00000,0x00000039b9f00000)]
  0x00000157de6d45e0 JavaThread "jar transforms Thread 12" [_thread_blocked, id=28860, stack(0x00000039b9f00000,0x00000039ba000000)]
  0x00000157de6d3bc0 JavaThread "build event listener" [_thread_blocked, id=30572, stack(0x00000039b9d00000,0x00000039b9e00000)]
  0x00000157de6d36b0 JavaThread "Cache worker for Build Output Cleanup Cache (D:\My Life\Hack-With-GDG\User_Frontend\android\.gradle\buildOutputCleanup)" [_thread_blocked, id=6992, stack(0x00000039ba000000,0x00000039ba100000)]
  0x00000157de6d4af0 JavaThread "ForkJoinPool.commonPool-worker-1" daemon [_thread_blocked, id=22500, stack(0x00000039ba100000,0x00000039ba200000)]
  0x00000157de6d5510 JavaThread "ForkJoinPool.commonPool-worker-2" daemon [_thread_blocked, id=7372, stack(0x00000039ba200000,0x00000039ba300000)]
  0x00000157de6d1d60 JavaThread "ForkJoinPool.commonPool-worker-3" daemon [_thread_blocked, id=31100, stack(0x00000039ba300000,0x00000039ba400000)]
  0x00000157de6d2c90 JavaThread "ForkJoinPool.commonPool-worker-4" daemon [_thread_blocked, id=11204, stack(0x00000039ba400000,0x00000039ba500000)]
  0x00000157de6d2780 JavaThread "ForkJoinPool.commonPool-worker-5" daemon [_thread_blocked, id=26876, stack(0x00000039ba500000,0x00000039ba600000)]
  0x00000157dfb5ffd0 JavaThread "ForkJoinPool.commonPool-worker-6" daemon [_thread_blocked, id=20928, stack(0x00000039ba600000,0x00000039ba700000)]
  0x00000157dfb63c90 JavaThread "ForkJoinPool.commonPool-worker-7" daemon [_thread_blocked, id=29980, stack(0x00000039ba700000,0x00000039ba800000)]
  0x00000157dfb604e0 JavaThread "ForkJoinPool.commonPool-worker-9" daemon [_thread_blocked, id=9884, stack(0x00000039ba900000,0x00000039baa00000)]
  0x00000157dfb61920 JavaThread "ForkJoinPool.commonPool-worker-10" daemon [_thread_blocked, id=4308, stack(0x00000039baa00000,0x00000039bab00000)]
  0x00000157dfb62850 JavaThread "included builds" [_thread_blocked, id=24264, stack(0x00000039bab00000,0x00000039bac00000)]
  0x00000157dfb641a0 JavaThread "Execution worker" [_thread_blocked, id=28048, stack(0x00000039bac00000,0x00000039bad00000)]
  0x00000157dfb62d60 JavaThread "Execution worker Thread 2" [_thread_blocked, id=25716, stack(0x00000039bad00000,0x00000039bae00000)]
  0x00000157dfb609f0 JavaThread "Execution worker Thread 3" [_thread_blocked, id=9764, stack(0x00000039bae00000,0x00000039baf00000)]
  0x00000157dfb63270 JavaThread "Execution worker Thread 4" [_thread_blocked, id=18744, stack(0x00000039baf00000,0x00000039bb000000)]
  0x00000157dfb61410 JavaThread "Execution worker Thread 5" [_thread_blocked, id=31252, stack(0x00000039bb000000,0x00000039bb100000)]
  0x00000157dfb646b0 JavaThread "Execution worker Thread 6" [_thread_blocked, id=21432, stack(0x00000039bb100000,0x00000039bb200000)]
  0x00000157dfb60f00 JavaThread "Execution worker Thread 7" [_thread_blocked, id=22508, stack(0x00000039bb200000,0x00000039bb300000)]
  0x00000157dfb650d0 JavaThread "Execution worker Thread 8" [_thread_blocked, id=25296, stack(0x00000039bb300000,0x00000039bb400000)]
  0x00000157dfb655e0 JavaThread "Execution worker Thread 9" [_thread_blocked, id=31984, stack(0x00000039bb400000,0x00000039bb500000)]
  0x00000157dfb61e30 JavaThread "Execution worker Thread 10" [_thread_blocked, id=28540, stack(0x00000039bb500000,0x00000039bb600000)]
  0x00000157dfb64bc0 JavaThread "Execution worker Thread 11" [_thread_blocked, id=5788, stack(0x00000039bb600000,0x00000039bb700000)]
  0x00000157dfb65af0 JavaThread "Cache worker for execution history cache (D:\My Life\Hack-With-GDG\User_Frontend\node_modules\@react-native\gradle-plugin\.gradle\8.6\executionHistory)" [_thread_blocked, id=23836, stack(0x00000039bb700000,0x00000039bb800000)]
  0x00000157dfb62340 JavaThread "Unconstrained build operations Thread 14" [_thread_blocked, id=32480, stack(0x00000039bb800000,0x00000039bb900000)]
  0x00000157dfb66000 JavaThread "Unconstrained build operations Thread 15" [_thread_blocked, id=12064, stack(0x00000039bb900000,0x00000039bba00000)]
  0x00000157dfb66510 JavaThread "Unconstrained build operations Thread 16" [_thread_blocked, id=4328, stack(0x00000039bba00000,0x00000039bbb00000)]
  0x00000157dfb66a20 JavaThread "Unconstrained build operations Thread 17" [_thread_blocked, id=30808, stack(0x00000039bbb00000,0x00000039bbc00000)]
  0x00000157dfb66f30 JavaThread "Unconstrained build operations Thread 18" [_thread_blocked, id=6312, stack(0x00000039bbc00000,0x00000039bbd00000)]
  0x00000157dfb67440 JavaThread "Unconstrained build operations Thread 19" [_thread_blocked, id=25200, stack(0x00000039bbd00000,0x00000039bbe00000)]
  0x00000157dfb67950 JavaThread "Unconstrained build operations Thread 20" [_thread_blocked, id=22952, stack(0x00000039bbe00000,0x00000039bbf00000)]
  0x00000157e3113a60 JavaThread "Unconstrained build operations Thread 21" [_thread_blocked, id=12792, stack(0x00000039bbf00000,0x00000039bc000000)]
  0x00000157e3114ea0 JavaThread "Unconstrained build operations Thread 22" [_thread_blocked, id=20148, stack(0x00000039bc000000,0x00000039bc100000)]
  0x00000157e3113550 JavaThread "Unconstrained build operations Thread 23" [_thread_blocked, id=27396, stack(0x00000039bc100000,0x00000039bc200000)]
  0x00000157e31167f0 JavaThread "Unconstrained build operations Thread 24" [_thread_blocked, id=24396, stack(0x00000039bc200000,0x00000039bc300000)]
  0x00000157e3114990 JavaThread "Unconstrained build operations Thread 25" [_thread_blocked, id=16504, stack(0x00000039bc300000,0x00000039bc400000)]
  0x00000157e31162e0 JavaThread "Unconstrained build operations Thread 26" [_thread_blocked, id=30664, stack(0x00000039bc400000,0x00000039bc500000)]
  0x00000157e31153b0 JavaThread "Unconstrained build operations Thread 27" [_thread_blocked, id=32760, stack(0x00000039bc500000,0x00000039bc600000)]
  0x00000157e3115dd0 JavaThread "Unconstrained build operations Thread 28" [_thread_blocked, id=24700, stack(0x00000039bc600000,0x00000039bc700000)]
  0x00000157e31158c0 JavaThread "Unconstrained build operations Thread 29" [_thread_blocked, id=25960, stack(0x00000039bc700000,0x00000039bc800000)]
  0x00000157e3116d00 JavaThread "Unconstrained build operations Thread 30" [_thread_blocked, id=24596, stack(0x00000039bc800000,0x00000039bc900000)]
  0x00000157e3117210 JavaThread "Unconstrained build operations Thread 31" [_thread_blocked, id=32716, stack(0x00000039bc900000,0x00000039bca00000)]
  0x00000157e3117720 JavaThread "Unconstrained build operations Thread 32" [_thread_blocked, id=30836, stack(0x00000039bca00000,0x00000039bcb00000)]
  0x00000157e3113f70 JavaThread "Unconstrained build operations Thread 33" [_thread_blocked, id=10932, stack(0x00000039bcb00000,0x00000039bcc00000)]
  0x00000157e3117c30 JavaThread "Unconstrained build operations Thread 34" [_thread_blocked, id=31060, stack(0x00000039bcc00000,0x00000039bcd00000)]
  0x00000157e3114480 JavaThread "Unconstrained build operations Thread 35" [_thread_blocked, id=16832, stack(0x00000039bcd00000,0x00000039bce00000)]
  0x00000157e311a9c0 JavaThread "Unconstrained build operations Thread 36" [_thread_blocked, id=29172, stack(0x00000039bce00000,0x00000039bcf00000)]
  0x00000157e3118b60 JavaThread "Unconstrained build operations Thread 37" [_thread_blocked, id=9384, stack(0x00000039bcf00000,0x00000039bd000000)]
  0x00000157e311aed0 JavaThread "Unconstrained build operations Thread 38" [_thread_blocked, id=31116, stack(0x00000039bd000000,0x00000039bd100000)]
  0x00000157e3118650 JavaThread "Unconstrained build operations Thread 39" [_thread_blocked, id=30616, stack(0x00000039bd100000,0x00000039bd200000)]
  0x00000157e3119580 JavaThread "Unconstrained build operations Thread 40" [_thread_blocked, id=18800, stack(0x00000039bd200000,0x00000039bd300000)]
  0x00000157e3118140 JavaThread "Unconstrained build operations Thread 41" [_thread_blocked, id=31956, stack(0x00000039bd300000,0x00000039bd400000)]
  0x00000157e3119070 JavaThread "Unconstrained build operations Thread 42" [_thread_blocked, id=22972, stack(0x00000039bd400000,0x00000039bd500000)]
  0x00000157e311a4b0 JavaThread "Unconstrained build operations Thread 43" [_thread_blocked, id=26524, stack(0x00000039bd500000,0x00000039bd600000)]
  0x00000157e3119fa0 JavaThread "Unconstrained build operations Thread 44" [_thread_blocked, id=31996, stack(0x00000039bd600000,0x00000039bd700000)]
  0x00000157e3119a90 JavaThread "Unconstrained build operations Thread 45" [_thread_blocked, id=23368, stack(0x00000039bd700000,0x00000039bd800000)]
  0x00000157e06bf2e0 JavaThread "Unconstrained build operations Thread 46" [_thread_blocked, id=32288, stack(0x00000039bd800000,0x00000039bd900000)]
  0x00000157e06bf7f0 JavaThread "Unconstrained build operations Thread 47" [_thread_blocked, id=30968, stack(0x00000039bd900000,0x00000039bda00000)]
  0x00000157e06bfd00 JavaThread "Unconstrained build operations Thread 48" [_thread_blocked, id=30392, stack(0x00000039bda00000,0x00000039bdb00000)]
  0x00000157e06c34b0 JavaThread "build event listener" [_thread_blocked, id=29296, stack(0x00000039b4a00000,0x00000039b4b00000)]
  0x00000157e06c0210 JavaThread "Unconstrained build operations Thread 49" [_thread_blocked, id=24156, stack(0x00000039bdc00000,0x00000039bdd00000)]
  0x00000157e06c3ed0 JavaThread "Unconstrained build operations Thread 50" [_thread_blocked, id=27920, stack(0x00000039bdd00000,0x00000039bde00000)]
  0x00000157e06c5820 JavaThread "Unconstrained build operations Thread 51" [_thread_blocked, id=9152, stack(0x00000039bde00000,0x00000039bdf00000)]
  0x00000157e06c43e0 JavaThread "Unconstrained build operations Thread 52" [_thread_blocked, id=25844, stack(0x00000039bdf00000,0x00000039be000000)]
  0x00000157e06c2a90 JavaThread "Unconstrained build operations Thread 53" [_thread_blocked, id=29964, stack(0x00000039be000000,0x00000039be100000)]
  0x00000157e06c2070 JavaThread "Unconstrained build operations Thread 54" [_thread_blocked, id=8640, stack(0x00000039be100000,0x00000039be200000)]
  0x00000157e06c48f0 JavaThread "Unconstrained build operations Thread 55" [_thread_blocked, id=4832, stack(0x00000039be200000,0x00000039be300000)]
  0x00000157e06c4e00 JavaThread "Unconstrained build operations Thread 56" [_thread_blocked, id=32596, stack(0x00000039be300000,0x00000039be400000)]
  0x00000157e06c5310 JavaThread "Unconstrained build operations Thread 57" [_thread_blocked, id=23056, stack(0x00000039be400000,0x00000039be500000)]
  0x00000157dfac8790 JavaThread "Unconstrained build operations Thread 58" [_thread_blocked, id=30232, stack(0x00000039be500000,0x00000039be600000)]
  0x00000157e3da98e0 JavaThread "Unconstrained build operations Thread 59" [_thread_blocked, id=3708, stack(0x00000039be600000,0x00000039be700000)]
  0x00000157e3da9df0 JavaThread "Unconstrained build operations Thread 60" [_thread_blocked, id=22412, stack(0x00000039b8b00000,0x00000039b8c00000)]
  0x00000157e3daa300 JavaThread "Unconstrained build operations Thread 61" [_thread_blocked, id=17764, stack(0x00000039be700000,0x00000039be800000)]
  0x00000157e3da7a80 JavaThread "Unconstrained build operations Thread 62" [_thread_blocked, id=31512, stack(0x00000039be800000,0x00000039be900000)]
  0x00000157e3daad20 JavaThread "Unconstrained build operations Thread 63" [_thread_blocked, id=27032, stack(0x00000039be900000,0x00000039bea00000)]
  0x00000157e3da89b0 JavaThread "Unconstrained build operations Thread 64" [_thread_blocked, id=27616, stack(0x00000039bea00000,0x00000039beb00000)]
  0x00000157e3dab740 JavaThread "Unconstrained build operations Thread 65" [_thread_blocked, id=21856, stack(0x00000039beb00000,0x00000039bec00000)]
  0x00000157e3da7f90 JavaThread "Unconstrained build operations Thread 66" [_thread_blocked, id=2540, stack(0x00000039bec00000,0x00000039bed00000)]
  0x00000157e3dabc50 JavaThread "Unconstrained build operations Thread 67" [_thread_blocked, id=26252, stack(0x00000039bed00000,0x00000039bee00000)]
  0x00000157e3dac160 JavaThread "Unconstrained build operations Thread 68" [_thread_blocked, id=32640, stack(0x00000039bee00000,0x00000039bef00000)]
  0x00000157e3dac670 JavaThread "Unconstrained build operations Thread 69" [_thread_blocked, id=26792, stack(0x00000039bef00000,0x00000039bf000000)]
  0x00000157e3dacb80 JavaThread "Unconstrained build operations Thread 70" [_thread_blocked, id=5720, stack(0x00000039bf000000,0x00000039bf100000)]
  0x00000157e3da93d0 JavaThread "Unconstrained build operations Thread 71" [_thread_blocked, id=32188, stack(0x00000039bf100000,0x00000039bf200000)]
  0x00000157e3dad5a0 JavaThread "Unconstrained build operations Thread 72" [_thread_blocked, id=26424, stack(0x00000039bf200000,0x00000039bf300000)]
  0x00000157e3daf400 JavaThread "Unconstrained build operations Thread 73" [_thread_blocked, id=23120, stack(0x00000039bf300000,0x00000039bf400000)]
  0x00000157e3dadab0 JavaThread "Unconstrained build operations Thread 74" [_thread_blocked, id=8696, stack(0x00000039bf400000,0x00000039bf500000)]
  0x00000157e3dadfc0 JavaThread "Unconstrained build operations Thread 75" [_thread_blocked, id=30948, stack(0x00000039bf500000,0x00000039bf600000)]
  0x00000157e3dae4d0 JavaThread "Unconstrained build operations Thread 76" [_thread_blocked, id=14248, stack(0x00000039bf600000,0x00000039bf700000)]
  0x00000157e3dae9e0 JavaThread "Unconstrained build operations Thread 77" [_thread_blocked, id=28892, stack(0x00000039bf700000,0x00000039bf800000)]
  0x00000157e56755b0 JavaThread "Unconstrained build operations Thread 78" [_thread_blocked, id=2664, stack(0x00000039bf800000,0x00000039bf900000)]
  0x00000157e5677e30 JavaThread "Unconstrained build operations Thread 79" [_thread_blocked, id=18840, stack(0x00000039bf900000,0x00000039bfa00000)]
  0x00000157e5677920 JavaThread "Unconstrained build operations Thread 80" [_thread_blocked, id=27596, stack(0x00000039bfa00000,0x00000039bfb00000)]
  0x00000157e5678340 JavaThread "Unconstrained build operations Thread 81" [_thread_blocked, id=5984, stack(0x00000039bfb00000,0x00000039bfc00000)]
  0x00000157e5678850 JavaThread "Unconstrained build operations Thread 82" [_thread_blocked, id=31012, stack(0x00000039bfc00000,0x00000039bfd00000)]
  0x00000157e56750a0 JavaThread "Unconstrained build operations Thread 83" [_thread_blocked, id=31924, stack(0x00000039bfd00000,0x00000039bfe00000)]
  0x00000157e5679270 JavaThread "Unconstrained build operations Thread 84" [_thread_blocked, id=27344, stack(0x00000039bfe00000,0x00000039bff00000)]
  0x00000157e5677410 JavaThread "Unconstrained build operations Thread 85" [_thread_blocked, id=24028, stack(0x00000039bff00000,0x00000039c0000000)]
  0x00000157e5678d60 JavaThread "Unconstrained build operations Thread 86" [_thread_blocked, id=25348, stack(0x00000039c0000000,0x00000039c0100000)]
  0x00000157e5676f00 JavaThread "Unconstrained build operations Thread 87" [_thread_blocked, id=32464, stack(0x00000039c0100000,0x00000039c0200000)]
  0x00000157e5675fd0 JavaThread "Unconstrained build operations Thread 88" [_thread_blocked, id=25496, stack(0x00000039c0200000,0x00000039c0300000)]
  0x00000157e5675ac0 JavaThread "Unconstrained build operations Thread 89" [_thread_blocked, id=20656, stack(0x00000039c0300000,0x00000039c0400000)]
  0x00000157e5679780 JavaThread "Unconstrained build operations Thread 90" [_thread_blocked, id=7404, stack(0x00000039c0400000,0x00000039c0500000)]
  0x00000157e5679c90 JavaThread "Unconstrained build operations Thread 91" [_thread_blocked, id=11852, stack(0x00000039c0500000,0x00000039c0600000)]
  0x00000157e56764e0 JavaThread "Unconstrained build operations Thread 92" [_thread_blocked, id=29840, stack(0x00000039c0600000,0x00000039c0700000)]
  0x00000157e567a1a0 JavaThread "Unconstrained build operations Thread 93" [_thread_blocked, id=32320, stack(0x00000039c0700000,0x00000039c0800000)]
  0x00000157e567b5e0 JavaThread "Unconstrained build operations Thread 94" [_thread_blocked, id=29608, stack(0x00000039c0800000,0x00000039c0900000)]
  0x00000157e567b0d0 JavaThread "Unconstrained build operations Thread 95" [_thread_blocked, id=31436, stack(0x00000039c0900000,0x00000039c0a00000)]
  0x00000157e567baf0 JavaThread "Unconstrained build operations Thread 96" [_thread_blocked, id=31192, stack(0x00000039c0a00000,0x00000039c0b00000)]
  0x00000157e567c000 JavaThread "Unconstrained build operations Thread 97" [_thread_blocked, id=17996, stack(0x00000039c0b00000,0x00000039c0c00000)]
  0x00000157e567ca20 JavaThread "Unconstrained build operations Thread 98" [_thread_blocked, id=13804, stack(0x00000039c0c00000,0x00000039c0d00000)]
  0x00000157e567c510 JavaThread "Unconstrained build operations Thread 99" [_thread_blocked, id=27956, stack(0x00000039c0d00000,0x00000039c0e00000)]
  0x00000157e3daeef0 JavaThread "Unconstrained build operations Thread 100" [_thread_blocked, id=14148, stack(0x00000039c0e00000,0x00000039c0f00000)]
  0x00000157eac473d0 JavaThread "Unconstrained build operations Thread 101" [_thread_blocked, id=19816, stack(0x00000039c0f00000,0x00000039c1000000)]
  0x00000157eac464a0 JavaThread "Unconstrained build operations Thread 102" [_thread_blocked, id=11880, stack(0x00000039c1000000,0x00000039c1100000)]
  0x00000157eac478e0 JavaThread "Unconstrained build operations Thread 103" [_thread_blocked, id=4220, stack(0x00000039c1100000,0x00000039c1200000)]
  0x00000157eac44640 JavaThread "Unconstrained build operations Thread 104" [_thread_blocked, id=10084, stack(0x00000039c1200000,0x00000039c1300000)]
  0x00000157eac45f90 JavaThread "Unconstrained build operations Thread 105" [_thread_blocked, id=14680, stack(0x00000039b4c00000,0x00000039b4d00000)]
  0x00000157eac44b50 JavaThread "Unconstrained build operations Thread 106" [_thread_blocked, id=30792, stack(0x00000039c1300000,0x00000039c1400000)]
  0x00000157eac469b0 JavaThread "Unconstrained build operations Thread 107" [_thread_blocked, id=29484, stack(0x00000039c1400000,0x00000039c1500000)]
  0x00000157eac45060 JavaThread "Unconstrained build operations Thread 108" [_thread_blocked, id=28376, stack(0x00000039c1500000,0x00000039c1600000)]
  0x00000157eac46ec0 JavaThread "Unconstrained build operations Thread 109" [_thread_blocked, id=30560, stack(0x00000039c1600000,0x00000039c1700000)]
  0x00000157eac45570 JavaThread "Unconstrained build operations Thread 110" [_thread_blocked, id=24368, stack(0x00000039c1700000,0x00000039c1800000)]
  0x00000157eac45a80 JavaThread "Unconstrained build operations Thread 111" [_thread_blocked, id=25720, stack(0x00000039c1800000,0x00000039c1900000)]
  0x00000157eac44130 JavaThread "Unconstrained build operations Thread 112" [_thread_blocked, id=19972, stack(0x00000039c1900000,0x00000039c1a00000)]
  0x00000157eac48810 JavaThread "Unconstrained build operations Thread 113" [_thread_blocked, id=30872, stack(0x00000039c1a00000,0x00000039c1b00000)]
  0x00000157eac49230 JavaThread "Unconstrained build operations Thread 114" [_thread_blocked, id=21216, stack(0x00000039c1b00000,0x00000039c1c00000)]
  0x00000157eac47df0 JavaThread "Unconstrained build operations Thread 115" [_thread_blocked, id=2460, stack(0x00000039c1c00000,0x00000039c1d00000)]
  0x00000157eac49740 JavaThread "ForkJoinPool.commonPool-worker-11" daemon [_thread_blocked, id=5188, stack(0x00000039c1e00000,0x00000039c1f00000)]
  0x00000157eb124ae0 JavaThread "pool-3-thread-1" [_thread_blocked, id=20404, stack(0x00000039c2000000,0x00000039c2100000)]
  0x00000157eb1240c0 JavaThread "build event listener" [_thread_blocked, id=32740, stack(0x00000039c2100000,0x00000039c2200000)]
  0x00000157eb122c80 JavaThread "Unconstrained build operations Thread 116" [_thread_blocked, id=11200, stack(0x00000039c2200000,0x00000039c2300000)]
  0x00000157eb121330 JavaThread "Unconstrained build operations Thread 117" [_thread_blocked, id=21740, stack(0x00000039c2300000,0x00000039c2400000)]
  0x00000157eb1245d0 JavaThread "Unconstrained build operations Thread 118" [_thread_blocked, id=26016, stack(0x00000039c2400000,0x00000039c2500000)]
  0x00000157eb124ff0 JavaThread "Unconstrained build operations Thread 119" [_thread_blocked, id=32636, stack(0x00000039c2500000,0x00000039c2600000)]
  0x00000157eb122260 JavaThread "Unconstrained build operations Thread 120" [_thread_blocked, id=28536, stack(0x00000039c2600000,0x00000039c2700000)]
  0x00000157eb121840 JavaThread "Cache worker for execution history cache (D:\My Life\Hack-With-GDG\User_Frontend\android\.gradle\8.6\executionHistory)" [_thread_blocked, id=30568, stack(0x00000039c2700000,0x00000039c2800000)]
  0x00000157eb125f20 JavaThread "WorkerExecutor Queue" [_thread_blocked, id=2612, stack(0x00000039c2800000,0x00000039c2900000)]
  0x00000157eb123bb0 JavaThread "RMI Scheduler(0)" daemon [_thread_blocked, id=24788, stack(0x00000039c1d00000,0x00000039c1e00000)]
  0x00000157eb122770 JavaThread "RMI GC Daemon" daemon [_thread_blocked, id=17116, stack(0x00000039c2a00000,0x00000039c2b00000)]
  0x00000157eb126940 JavaThread "WorkerExecutor Queue Thread 2" [_thread_blocked, id=28280, stack(0x00000039c2b00000,0x00000039c2c00000)]
  0x00000157eb1291c0 JavaThread "RMI TCP Accept-0" daemon [_thread_in_native, id=1180, stack(0x00000039c2e00000,0x00000039c2f00000)]
  0x00000157eb127d80 JavaThread "RMI Reaper" [_thread_blocked, id=31552, stack(0x00000039c2f00000,0x00000039c3000000)]
  0x00000157eb128cb0 JavaThread "RMI TCP Connection(idle)" daemon [_thread_blocked, id=25328, stack(0x00000039c3100000,0x00000039c3200000)]
  0x00000157eb127360 JavaThread "RMI TCP Connection(5)-127.0.0.1" daemon [_thread_in_native, id=29100, stack(0x00000039c3200000,0x00000039c3300000)]
  0x00000157eb12a0f0 JavaThread "WorkerExecutor Queue Thread 3" [_thread_blocked, id=22768, stack(0x00000039c2c00000,0x00000039c2d00000)]
  0x00000157eb12ba40 JavaThread "WorkerExecutor Queue Thread 4" [_thread_blocked, id=21956, stack(0x00000039c2d00000,0x00000039c2e00000)]
  0x00000157eb12b020 JavaThread "WorkerExecutor Queue Thread 5" [_thread_blocked, id=5960, stack(0x00000039c3500000,0x00000039c3600000)]
  0x00000157eb128290 JavaThread "WorkerExecutor Queue Thread 6" [_thread_blocked, id=17744, stack(0x00000039c3600000,0x00000039c3700000)]
  0x00000157eb12a600 JavaThread "WorkerExecutor Queue Thread 7" [_thread_blocked, id=30920, stack(0x00000039c3700000,0x00000039c3800000)]
  0x00000157eb12b530 JavaThread "WorkerExecutor Queue Thread 8" [_thread_blocked, id=16972, stack(0x00000039c3800000,0x00000039c3900000)]
  0x00000157eb12bf50 JavaThread "WorkerExecutor Queue Thread 9" [_thread_in_Java, id=8444, stack(0x00000039c3900000,0x00000039c3a00000)]
  0x00000157eb1287a0 JavaThread "WorkerExecutor Queue Thread 10" [_thread_blocked, id=31236, stack(0x00000039c3a00000,0x00000039c3b00000)]
  0x00000157eb12d8a0 JavaThread "WorkerExecutor Queue Thread 11" [_thread_blocked, id=32512, stack(0x00000039c3b00000,0x00000039c3c00000)]
  0x00000157eb12c460 JavaThread "Cache worker for Java compile cache (C:\Users\glbha\.gradle\caches\8.6\javaCompile)" [_thread_blocked, id=10392, stack(0x00000039b4b00000,0x00000039b4c00000)]
  0x00000157eb130b40 JavaThread "Build operations" [_thread_blocked, id=25904, stack(0x00000039c3400000,0x00000039c3500000)]
  0x00000157eb12d390 JavaThread "Build operations Thread 2" [_thread_blocked, id=20000, stack(0x00000039c3c00000,0x00000039c3d00000)]
  0x00000157eb12ddb0 JavaThread "Build operations Thread 3" [_thread_blocked, id=21836, stack(0x00000039c3d00000,0x00000039c3e00000)]
  0x00000157eb12e2c0 JavaThread "Build operations Thread 4" [_thread_blocked, id=1556, stack(0x00000039c3e00000,0x00000039c3f00000)]
  0x00000157eb12e7d0 JavaThread "Build operations Thread 5" [_thread_blocked, id=26412, stack(0x00000039c3f00000,0x00000039c4000000)]
  0x00000157eac4ab80 JavaThread "Build operations Thread 6" [_thread_blocked, id=31888, stack(0x00000039c4000000,0x00000039c4100000)]
  0x00000157e06be3b0 JavaThread "Build operations Thread 7" [_thread_blocked, id=31860, stack(0x00000039c4100000,0x00000039c4200000)]
  0x00000157dfb63780 JavaThread "Build operations Thread 8" [_thread_blocked, id=15352, stack(0x00000039c4200000,0x00000039c4300000)]
  0x00000157e41c4550 JavaThread "Build operations Thread 9" [_thread_blocked, id=32536, stack(0x00000039c4300000,0x00000039c4400000)]
  0x00000157e41c3110 JavaThread "Build operations Thread 10" [_thread_blocked, id=24600, stack(0x00000039c4400000,0x00000039c4500000)]
  0x00000157e41c2c00 JavaThread "Build operations Thread 11" [_thread_blocked, id=12404, stack(0x00000039c4500000,0x00000039c4600000)]
  0x00000157e41c3620 JavaThread "Build operations Thread 12" [_thread_blocked, id=20524, stack(0x00000039c4600000,0x00000039c4700000)]
  0x00000157e4ee7c60 JavaThread "WorkerExecutor Queue Thread 13" [_thread_blocked, id=15980, stack(0x00000039ba800000,0x00000039ba900000)]

Other Threads:
  0x00000157bee59be0 VMThread "VM Thread" [stack: 0x00000039b5300000,0x00000039b5400000] [id=30460]
  0x00000157a0866560 WatcherThread [stack: 0x00000039b6000000,0x00000039b6100000] [id=28532]
  0x00000157a084aee0 GCTaskThread "GC Thread#0" [stack: 0x00000039b4e00000,0x00000039b4f00000] [id=9060]
  0x00000157de7f50f0 GCTaskThread "GC Thread#1" [stack: 0x00000039b6100000,0x00000039b6200000] [id=15188]
  0x00000157de3c4b90 GCTaskThread "GC Thread#2" [stack: 0x00000039b6200000,0x00000039b6300000] [id=24340]
  0x00000157debf8970 GCTaskThread "GC Thread#3" [stack: 0x00000039b6300000,0x00000039b6400000] [id=29368]
  0x00000157ded80340 GCTaskThread "GC Thread#4" [stack: 0x00000039b5e00000,0x00000039b5f00000] [id=32104]
  0x00000157de25e0f0 GCTaskThread "GC Thread#5" [stack: 0x00000039b7100000,0x00000039b7200000] [id=20624]
  0x00000157dff1d740 GCTaskThread "GC Thread#6" [stack: 0x00000039b7200000,0x00000039b7300000] [id=21440]
  0x00000157de266450 GCTaskThread "GC Thread#7" [stack: 0x00000039b7300000,0x00000039b7400000] [id=26340]
  0x00000157de266710 GCTaskThread "GC Thread#8" [stack: 0x00000039b7400000,0x00000039b7500000] [id=24180]
  0x00000157de2e9420 GCTaskThread "GC Thread#9" [stack: 0x00000039b7500000,0x00000039b7600000] [id=27168]
  0x00000157a085bd40 ConcurrentGCThread "G1 Main Marker" [stack: 0x00000039b4f00000,0x00000039b5000000] [id=8660]
  0x00000157a085c660 ConcurrentGCThread "G1 Conc#0" [stack: 0x00000039b5000000,0x00000039b5100000] [id=11532]
  0x00000157e075d430 ConcurrentGCThread "G1 Conc#1" [stack: 0x00000039b7900000,0x00000039b7a00000] [id=25924]
  0x00000157dff40d60 ConcurrentGCThread "G1 Conc#2" [stack: 0x00000039b7a00000,0x00000039b7b00000] [id=29744]
  0x00000157a08ad770 ConcurrentGCThread "G1 Refine#0" [stack: 0x00000039b5100000,0x00000039b5200000] [id=22608]
  0x00000157decb4240 ConcurrentGCThread "G1 Refine#1" [stack: 0x00000039bdb00000,0x00000039bdc00000] [id=24768]
  0x00000157e551c2a0 ConcurrentGCThread "G1 Refine#2" [stack: 0x00000039c1f00000,0x00000039c2000000] [id=16184]
  0x00000157a08ae0b0 ConcurrentGCThread "G1 Service" [stack: 0x00000039b5200000,0x00000039b5300000] [id=22596]

Threads with active compile tasks:
C2 CompilerThread0   195252 30594       4       com.android.tools.build.apkzlib.zip.StoredEntry::getInFileSize (51 bytes)

VM state: not at safepoint (normal execution)

VM Mutex/Monitor currently owned by a thread:  ([mutex/lock_event])
[0x00000157a07ec400] CompiledIC_lock - owner thread: 0x00000157bee87080

Heap address: 0x0000000080000000, size: 2048 MB, Compressed Oops mode: 32-bit

CDS archive(s) mapped at: [0x00000157bf000000-0x00000157bfbd0000-0x00000157bfbd0000), size 12386304, SharedBaseAddress: 0x00000157bf000000, ArchiveRelocationMode: 1.
Compressed class space mapped at: 0x00000157c0000000-0x00000157da000000, reserved size: 436207616
Narrow klass base: 0x00000157bf000000, Narrow klass shift: 0, Narrow klass range: 0x100000000

GC Precious Log:
 CPUs: 12 total, 12 available
 Memory: 7835M
 Large Page Support: Disabled
 NUMA Support: Disabled
 Compressed Oops: Enabled (32-bit)
 Heap Region Size: 1M
 Heap Min Capacity: 8M
 Heap Initial Capacity: 124M
 Heap Max Capacity: 2G
 Pre-touch: Disabled
 Parallel Workers: 10
 Concurrent Workers: 3
 Concurrent Refinement Workers: 10
 Periodic GC: Disabled

Heap:
 garbage-first heap   total 736256K, used 373457K [0x0000000080000000, 0x0000000100000000)
  region size 1024K, 30 young (30720K), 3 survivors (3072K)
 Metaspace       used 155225K, committed 157376K, reserved 622592K
  class space    used 21046K, committed 21952K, reserved 425984K

Heap Regions: E=young(eden), S=young(survivor), O=old, HS=humongous(starts), HC=humongous(continues), CS=collection set, F=free, OA=open archive, CA=closed archive, TAMS=top-at-mark-start (previous, next)
|   0|0x0000000080000000, 0x0000000080100000, 0x0000000080100000|100%|HS|  |TAMS 0x0000000080100000, 0x0000000080000000| Complete 
|   1|0x0000000080100000, 0x0000000080200000, 0x0000000080200000|100%|HC|  |TAMS 0x0000000080200000, 0x0000000080100000| Complete 
|   2|0x0000000080200000, 0x0000000080300000, 0x0000000080300000|100%|HC|  |TAMS 0x0000000080300000, 0x0000000080200000| Complete 
|   3|0x0000000080300000, 0x0000000080400000, 0x0000000080400000|100%|HC|  |TAMS 0x0000000080400000, 0x0000000080300000| Complete 
|   4|0x0000000080400000, 0x0000000080500000, 0x0000000080500000|100%| O|  |TAMS 0x0000000080500000, 0x0000000080400000| Untracked 
|   5|0x0000000080500000, 0x0000000080600000, 0x0000000080600000|100%| O|  |TAMS 0x0000000080600000, 0x0000000080500000| Untracked 
|   6|0x0000000080600000, 0x0000000080700000, 0x0000000080700000|100%| O|  |TAMS 0x0000000080700000, 0x0000000080600000| Untracked 
|   7|0x0000000080700000, 0x0000000080800000, 0x0000000080800000|100%| O|  |TAMS 0x0000000080800000, 0x0000000080700000| Untracked 
|   8|0x0000000080800000, 0x0000000080900000, 0x0000000080900000|100%| O|  |TAMS 0x0000000080900000, 0x0000000080800000| Untracked 
|   9|0x0000000080900000, 0x0000000080a00000, 0x0000000080a00000|100%| O|  |TAMS 0x0000000080a00000, 0x0000000080900000| Untracked 
|  10|0x0000000080a00000, 0x0000000080b00000, 0x0000000080b00000|100%| O|  |TAMS 0x0000000080b00000, 0x0000000080a00000| Untracked 
|  11|0x0000000080b00000, 0x0000000080c00000, 0x0000000080c00000|100%| O|  |TAMS 0x0000000080c00000, 0x0000000080b00000| Untracked 
|  12|0x0000000080c00000, 0x0000000080d00000, 0x0000000080d00000|100%| O|  |TAMS 0x0000000080d00000, 0x0000000080c00000| Untracked 
|  13|0x0000000080d00000, 0x0000000080e00000, 0x0000000080e00000|100%| O|  |TAMS 0x0000000080e00000, 0x0000000080d00000| Untracked 
|  14|0x0000000080e00000, 0x0000000080f00000, 0x0000000080f00000|100%| O|  |TAMS 0x0000000080f00000, 0x0000000080e00000| Untracked 
|  15|0x0000000080f00000, 0x0000000081000000, 0x0000000081000000|100%| O|  |TAMS 0x0000000081000000, 0x0000000080f00000| Untracked 
|  16|0x0000000081000000, 0x0000000081100000, 0x0000000081100000|100%| O|  |TAMS 0x0000000081100000, 0x0000000081000000| Untracked 
|  17|0x0000000081100000, 0x0000000081200000, 0x0000000081200000|100%| O|  |TAMS 0x0000000081200000, 0x0000000081100000| Untracked 
|  18|0x0000000081200000, 0x0000000081300000, 0x0000000081300000|100%| O|  |TAMS 0x0000000081300000, 0x0000000081200000| Untracked 
|  19|0x0000000081300000, 0x0000000081400000, 0x0000000081400000|100%| O|  |TAMS 0x0000000081400000, 0x0000000081300000| Untracked 
|  20|0x0000000081400000, 0x0000000081500000, 0x0000000081500000|100%| O|  |TAMS 0x0000000081500000, 0x0000000081400000| Untracked 
|  21|0x0000000081500000, 0x0000000081600000, 0x0000000081600000|100%| O|  |TAMS 0x0000000081600000, 0x0000000081500000| Untracked 
|  22|0x0000000081600000, 0x0000000081700000, 0x0000000081700000|100%| O|  |TAMS 0x0000000081700000, 0x0000000081600000| Untracked 
|  23|0x0000000081700000, 0x0000000081800000, 0x0000000081800000|100%| O|  |TAMS 0x0000000081800000, 0x0000000081700000| Untracked 
|  24|0x0000000081800000, 0x0000000081900000, 0x0000000081900000|100%| O|  |TAMS 0x0000000081900000, 0x0000000081800000| Untracked 
|  25|0x0000000081900000, 0x0000000081a00000, 0x0000000081a00000|100%| O|  |TAMS 0x0000000081a00000, 0x0000000081900000| Untracked 
|  26|0x0000000081a00000, 0x0000000081b00000, 0x0000000081b00000|100%| O|  |TAMS 0x0000000081b00000, 0x0000000081a00000| Untracked 
|  27|0x0000000081b00000, 0x0000000081c00000, 0x0000000081c00000|100%| O|  |TAMS 0x0000000081c00000, 0x0000000081b00000| Untracked 
|  28|0x0000000081c00000, 0x0000000081d00000, 0x0000000081d00000|100%| O|  |TAMS 0x0000000081d00000, 0x0000000081c00000| Untracked 
|  29|0x0000000081d00000, 0x0000000081e00000, 0x0000000081e00000|100%| O|  |TAMS 0x0000000081e00000, 0x0000000081d00000| Untracked 
|  30|0x0000000081e00000, 0x0000000081f00000, 0x0000000081f00000|100%| O|  |TAMS 0x0000000081f00000, 0x0000000081e00000| Untracked 
|  31|0x0000000081f00000, 0x0000000082000000, 0x0000000082000000|100%| O|  |TAMS 0x0000000082000000, 0x0000000081f00000| Untracked 
|  32|0x0000000082000000, 0x0000000082100000, 0x0000000082100000|100%| O|  |TAMS 0x0000000082100000, 0x0000000082000000| Untracked 
|  33|0x0000000082100000, 0x0000000082200000, 0x0000000082200000|100%|HS|  |TAMS 0x0000000082200000, 0x0000000082100000| Complete 
|  34|0x0000000082200000, 0x0000000082300000, 0x0000000082300000|100%| O|  |TAMS 0x0000000082300000, 0x0000000082200000| Untracked 
|  35|0x0000000082300000, 0x0000000082400000, 0x0000000082400000|100%| O|  |TAMS 0x0000000082400000, 0x0000000082300000| Untracked 
|  36|0x0000000082400000, 0x0000000082500000, 0x0000000082500000|100%| O|  |TAMS 0x0000000082500000, 0x0000000082400000| Untracked 
|  37|0x0000000082500000, 0x0000000082600000, 0x0000000082600000|100%| O|  |TAMS 0x0000000082600000, 0x0000000082500000| Untracked 
|  38|0x0000000082600000, 0x0000000082700000, 0x0000000082700000|100%| O|  |TAMS 0x0000000082700000, 0x0000000082600000| Untracked 
|  39|0x0000000082700000, 0x0000000082800000, 0x0000000082800000|100%|HS|  |TAMS 0x0000000082800000, 0x0000000082700000| Complete 
|  40|0x0000000082800000, 0x0000000082900000, 0x0000000082900000|100%|HS|  |TAMS 0x0000000082900000, 0x0000000082800000| Complete 
|  41|0x0000000082900000, 0x0000000082a00000, 0x0000000082a00000|100%|HC|  |TAMS 0x0000000082a00000, 0x0000000082900000| Complete 
|  42|0x0000000082a00000, 0x0000000082b00000, 0x0000000082b00000|100%|HS|  |TAMS 0x0000000082b00000, 0x0000000082a00000| Complete 
|  43|0x0000000082b00000, 0x0000000082c00000, 0x0000000082c00000|100%|HC|  |TAMS 0x0000000082c00000, 0x0000000082b00000| Complete 
|  44|0x0000000082c00000, 0x0000000082d00000, 0x0000000082d00000|100%| O|  |TAMS 0x0000000082d00000, 0x0000000082c00000| Untracked 
|  45|0x0000000082d00000, 0x0000000082e00000, 0x0000000082e00000|100%| O|  |TAMS 0x0000000082e00000, 0x0000000082d00000| Untracked 
|  46|0x0000000082e00000, 0x0000000082f00000, 0x0000000082f00000|100%| O|  |TAMS 0x0000000082f00000, 0x0000000082e00000| Untracked 
|  47|0x0000000082f00000, 0x0000000083000000, 0x0000000083000000|100%| O|  |TAMS 0x0000000083000000, 0x0000000082f00000| Untracked 
|  48|0x0000000083000000, 0x0000000083100000, 0x0000000083100000|100%|HS|  |TAMS 0x0000000083100000, 0x0000000083000000| Complete 
|  49|0x0000000083100000, 0x0000000083200000, 0x0000000083200000|100%|HC|  |TAMS 0x0000000083200000, 0x0000000083100000| Complete 
|  50|0x0000000083200000, 0x0000000083300000, 0x0000000083300000|100%|HC|  |TAMS 0x0000000083300000, 0x0000000083200000| Complete 
|  51|0x0000000083300000, 0x0000000083400000, 0x0000000083400000|100%|HC|  |TAMS 0x0000000083400000, 0x0000000083300000| Complete 
|  52|0x0000000083400000, 0x0000000083500000, 0x0000000083500000|100%|HS|  |TAMS 0x0000000083500000, 0x0000000083400000| Complete 
|  53|0x0000000083500000, 0x0000000083600000, 0x0000000083600000|100%|HC|  |TAMS 0x0000000083600000, 0x0000000083500000| Complete 
|  54|0x0000000083600000, 0x0000000083700000, 0x0000000083700000|100%|HC|  |TAMS 0x0000000083700000, 0x0000000083600000| Complete 
|  55|0x0000000083700000, 0x0000000083800000, 0x0000000083800000|100%|HC|  |TAMS 0x0000000083800000, 0x0000000083700000| Complete 
|  56|0x0000000083800000, 0x0000000083900000, 0x0000000083900000|100%| O|  |TAMS 0x0000000083900000, 0x0000000083800000| Untracked 
|  57|0x0000000083900000, 0x0000000083a00000, 0x0000000083a00000|100%| O|  |TAMS 0x0000000083a00000, 0x0000000083900000| Untracked 
|  58|0x0000000083a00000, 0x0000000083b00000, 0x0000000083b00000|100%| O|  |TAMS 0x0000000083b00000, 0x0000000083a00000| Untracked 
|  59|0x0000000083b00000, 0x0000000083c00000, 0x0000000083c00000|100%| O|  |TAMS 0x0000000083c00000, 0x0000000083b00000| Untracked 
|  60|0x0000000083c00000, 0x0000000083d00000, 0x0000000083d00000|100%| O|  |TAMS 0x0000000083d00000, 0x0000000083c00000| Untracked 
|  61|0x0000000083d00000, 0x0000000083e00000, 0x0000000083e00000|100%| O|  |TAMS 0x0000000083e00000, 0x0000000083d00000| Untracked 
|  62|0x0000000083e00000, 0x0000000083f00000, 0x0000000083f00000|100%| O|  |TAMS 0x0000000083f00000, 0x0000000083e00000| Untracked 
|  63|0x0000000083f00000, 0x0000000084000000, 0x0000000084000000|100%| O|  |TAMS 0x0000000084000000, 0x0000000083f00000| Untracked 
|  64|0x0000000084000000, 0x0000000084100000, 0x0000000084100000|100%| O|  |TAMS 0x0000000084100000, 0x0000000084000000| Untracked 
|  65|0x0000000084100000, 0x0000000084200000, 0x0000000084200000|100%| O|  |TAMS 0x0000000084200000, 0x0000000084100000| Untracked 
|  66|0x0000000084200000, 0x0000000084300000, 0x0000000084300000|100%| O|  |TAMS 0x0000000084300000, 0x0000000084200000| Untracked 
|  67|0x0000000084300000, 0x0000000084400000, 0x0000000084400000|100%|HS|  |TAMS 0x0000000084400000, 0x0000000084300000| Complete 
|  68|0x0000000084400000, 0x0000000084500000, 0x0000000084500000|100%|HS|  |TAMS 0x0000000084500000, 0x0000000084400000| Complete 
|  69|0x0000000084500000, 0x0000000084600000, 0x0000000084600000|100%| O|  |TAMS 0x0000000084600000, 0x0000000084500000| Untracked 
|  70|0x0000000084600000, 0x0000000084700000, 0x0000000084700000|100%|HS|  |TAMS 0x0000000084700000, 0x0000000084600000| Complete 
|  71|0x0000000084700000, 0x0000000084800000, 0x0000000084800000|100%| O|  |TAMS 0x0000000084800000, 0x0000000084700000| Untracked 
|  72|0x0000000084800000, 0x0000000084900000, 0x0000000084900000|100%| O|  |TAMS 0x0000000084900000, 0x0000000084800000| Untracked 
|  73|0x0000000084900000, 0x0000000084a00000, 0x0000000084a00000|100%| O|  |TAMS 0x0000000084a00000, 0x0000000084900000| Untracked 
|  74|0x0000000084a00000, 0x0000000084b00000, 0x0000000084b00000|100%| O|  |TAMS 0x0000000084b00000, 0x0000000084a00000| Untracked 
|  75|0x0000000084b00000, 0x0000000084c00000, 0x0000000084c00000|100%| O|  |TAMS 0x0000000084c00000, 0x0000000084b00000| Untracked 
|  76|0x0000000084c00000, 0x0000000084d00000, 0x0000000084d00000|100%| O|  |TAMS 0x0000000084d00000, 0x0000000084c00000| Untracked 
|  77|0x0000000084d00000, 0x0000000084e00000, 0x0000000084e00000|100%| O|  |TAMS 0x0000000084e00000, 0x0000000084d00000| Untracked 
|  78|0x0000000084e00000, 0x0000000084f00000, 0x0000000084f00000|100%| O|  |TAMS 0x0000000084f00000, 0x0000000084e00000| Untracked 
|  79|0x0000000084f00000, 0x0000000085000000, 0x0000000085000000|100%| O|  |TAMS 0x0000000085000000, 0x0000000084f00000| Untracked 
|  80|0x0000000085000000, 0x0000000085100000, 0x0000000085100000|100%| O|  |TAMS 0x0000000085100000, 0x0000000085000000| Untracked 
|  81|0x0000000085100000, 0x0000000085200000, 0x0000000085200000|100%| O|  |TAMS 0x0000000085200000, 0x0000000085100000| Untracked 
|  82|0x0000000085200000, 0x0000000085300000, 0x0000000085300000|100%| O|  |TAMS 0x0000000085300000, 0x0000000085200000| Untracked 
|  83|0x0000000085300000, 0x0000000085400000, 0x0000000085400000|100%| O|  |TAMS 0x0000000085400000, 0x0000000085300000| Untracked 
|  84|0x0000000085400000, 0x0000000085500000, 0x0000000085500000|100%| O|  |TAMS 0x0000000085500000, 0x0000000085400000| Untracked 
|  85|0x0000000085500000, 0x0000000085600000, 0x0000000085600000|100%| O|  |TAMS 0x0000000085600000, 0x0000000085500000| Untracked 
|  86|0x0000000085600000, 0x0000000085700000, 0x0000000085700000|100%| O|  |TAMS 0x0000000085700000, 0x0000000085600000| Untracked 
|  87|0x0000000085700000, 0x0000000085800000, 0x0000000085800000|100%| O|  |TAMS 0x0000000085800000, 0x0000000085700000| Untracked 
|  88|0x0000000085800000, 0x0000000085900000, 0x0000000085900000|100%| O|  |TAMS 0x0000000085900000, 0x0000000085800000| Untracked 
|  89|0x0000000085900000, 0x0000000085a00000, 0x0000000085a00000|100%| O|  |TAMS 0x0000000085a00000, 0x0000000085900000| Untracked 
|  90|0x0000000085a00000, 0x0000000085b00000, 0x0000000085b00000|100%| O|  |TAMS 0x0000000085b00000, 0x0000000085a00000| Untracked 
|  91|0x0000000085b00000, 0x0000000085c00000, 0x0000000085c00000|100%| O|  |TAMS 0x0000000085c00000, 0x0000000085b00000| Untracked 
|  92|0x0000000085c00000, 0x0000000085d00000, 0x0000000085d00000|100%| O|  |TAMS 0x0000000085d00000, 0x0000000085c00000| Untracked 
|  93|0x0000000085d00000, 0x0000000085e00000, 0x0000000085e00000|100%| O|  |TAMS 0x0000000085e00000, 0x0000000085d00000| Untracked 
|  94|0x0000000085e00000, 0x0000000085f00000, 0x0000000085f00000|100%| O|  |TAMS 0x0000000085f00000, 0x0000000085e00000| Untracked 
|  95|0x0000000085f00000, 0x0000000086000000, 0x0000000086000000|100%| O|  |TAMS 0x0000000086000000, 0x0000000085f00000| Untracked 
|  96|0x0000000086000000, 0x0000000086100000, 0x0000000086100000|100%| O|  |TAMS 0x0000000086100000, 0x0000000086000000| Untracked 
|  97|0x0000000086100000, 0x0000000086200000, 0x0000000086200000|100%| O|  |TAMS 0x0000000086200000, 0x0000000086100000| Untracked 
|  98|0x0000000086200000, 0x0000000086300000, 0x0000000086300000|100%| O|  |TAMS 0x0000000086300000, 0x0000000086200000| Untracked 
|  99|0x0000000086300000, 0x0000000086400000, 0x0000000086400000|100%| O|  |TAMS 0x0000000086400000, 0x0000000086300000| Untracked 
| 100|0x0000000086400000, 0x0000000086500000, 0x0000000086500000|100%|HS|  |TAMS 0x0000000086500000, 0x0000000086400000| Complete 
| 101|0x0000000086500000, 0x0000000086600000, 0x0000000086600000|100%|HC|  |TAMS 0x0000000086600000, 0x0000000086500000| Complete 
| 102|0x0000000086600000, 0x0000000086700000, 0x0000000086700000|100%| O|  |TAMS 0x0000000086700000, 0x0000000086600000| Untracked 
| 103|0x0000000086700000, 0x0000000086800000, 0x0000000086800000|100%| O|  |TAMS 0x0000000086800000, 0x0000000086700000| Untracked 
| 104|0x0000000086800000, 0x0000000086900000, 0x0000000086900000|100%| O|  |TAMS 0x0000000086900000, 0x0000000086800000| Untracked 
| 105|0x0000000086900000, 0x0000000086a00000, 0x0000000086a00000|100%| O|  |TAMS 0x0000000086a00000, 0x0000000086900000| Untracked 
| 106|0x0000000086a00000, 0x0000000086b00000, 0x0000000086b00000|100%| O|  |TAMS 0x0000000086b00000, 0x0000000086a00000| Untracked 
| 107|0x0000000086b00000, 0x0000000086c00000, 0x0000000086c00000|100%| O|  |TAMS 0x0000000086c00000, 0x0000000086b00000| Untracked 
| 108|0x0000000086c00000, 0x0000000086d00000, 0x0000000086d00000|100%| O|  |TAMS 0x0000000086d00000, 0x0000000086c00000| Untracked 
| 109|0x0000000086d00000, 0x0000000086e00000, 0x0000000086e00000|100%| O|  |TAMS 0x0000000086e00000, 0x0000000086d00000| Untracked 
| 110|0x0000000086e00000, 0x0000000086f00000, 0x0000000086f00000|100%| O|  |TAMS 0x0000000086f00000, 0x0000000086e00000| Untracked 
| 111|0x0000000086f00000, 0x0000000087000000, 0x0000000087000000|100%| O|  |TAMS 0x0000000087000000, 0x0000000086f00000| Untracked 
| 112|0x0000000087000000, 0x0000000087100000, 0x0000000087100000|100%| O|  |TAMS 0x0000000087100000, 0x0000000087000000| Untracked 
| 113|0x0000000087100000, 0x0000000087200000, 0x0000000087200000|100%| O|  |TAMS 0x0000000087200000, 0x0000000087100000| Untracked 
| 114|0x0000000087200000, 0x0000000087300000, 0x0000000087300000|100%| O|  |TAMS 0x0000000087300000, 0x0000000087200000| Untracked 
| 115|0x0000000087300000, 0x0000000087400000, 0x0000000087400000|100%| O|  |TAMS 0x0000000087400000, 0x0000000087300000| Untracked 
| 116|0x0000000087400000, 0x0000000087500000, 0x0000000087500000|100%| O|  |TAMS 0x0000000087500000, 0x0000000087400000| Untracked 
| 117|0x0000000087500000, 0x0000000087600000, 0x0000000087600000|100%| O|  |TAMS 0x0000000087600000, 0x0000000087500000| Untracked 
| 118|0x0000000087600000, 0x0000000087700000, 0x0000000087700000|100%| O|  |TAMS 0x0000000087700000, 0x0000000087600000| Untracked 
| 119|0x0000000087700000, 0x0000000087800000, 0x0000000087800000|100%| O|  |TAMS 0x0000000087800000, 0x0000000087700000| Untracked 
| 120|0x0000000087800000, 0x0000000087900000, 0x0000000087900000|100%| O|  |TAMS 0x0000000087900000, 0x0000000087800000| Untracked 
| 121|0x0000000087900000, 0x0000000087a00000, 0x0000000087a00000|100%| O|  |TAMS 0x0000000087a00000, 0x0000000087900000| Untracked 
| 122|0x0000000087a00000, 0x0000000087b00000, 0x0000000087b00000|100%| O|  |TAMS 0x0000000087b00000, 0x0000000087a00000| Untracked 
| 123|0x0000000087b00000, 0x0000000087c00000, 0x0000000087c00000|100%| O|  |TAMS 0x0000000087c00000, 0x0000000087b00000| Untracked 
| 124|0x0000000087c00000, 0x0000000087d00000, 0x0000000087d00000|100%| O|  |TAMS 0x0000000087d00000, 0x0000000087c00000| Untracked 
| 125|0x0000000087d00000, 0x0000000087e00000, 0x0000000087e00000|100%| O|  |TAMS 0x0000000087e00000, 0x0000000087d00000| Untracked 
| 126|0x0000000087e00000, 0x0000000087f00000, 0x0000000087f00000|100%|HS|  |TAMS 0x0000000087f00000, 0x0000000087e00000| Complete 
| 127|0x0000000087f00000, 0x0000000088000000, 0x0000000088000000|100%|HS|  |TAMS 0x0000000088000000, 0x0000000087f00000| Complete 
| 128|0x0000000088000000, 0x0000000088100000, 0x0000000088100000|100%|HS|  |TAMS 0x0000000088100000, 0x0000000088000000| Complete 
| 129|0x0000000088100000, 0x0000000088200000, 0x0000000088200000|100%|HC|  |TAMS 0x0000000088200000, 0x0000000088100000| Complete 
| 130|0x0000000088200000, 0x0000000088300000, 0x0000000088300000|100%| O|  |TAMS 0x0000000088300000, 0x0000000088200000| Untracked 
| 131|0x0000000088300000, 0x0000000088400000, 0x0000000088400000|100%| O|  |TAMS 0x0000000088400000, 0x0000000088300000| Untracked 
| 132|0x0000000088400000, 0x0000000088500000, 0x0000000088500000|100%| O|  |TAMS 0x0000000088500000, 0x0000000088400000| Untracked 
| 133|0x0000000088500000, 0x0000000088600000, 0x0000000088600000|100%| O|  |TAMS 0x0000000088600000, 0x0000000088500000| Untracked 
| 134|0x0000000088600000, 0x0000000088700000, 0x0000000088700000|100%| O|  |TAMS 0x0000000088700000, 0x0000000088600000| Untracked 
| 135|0x0000000088700000, 0x0000000088800000, 0x0000000088800000|100%| O|  |TAMS 0x0000000088800000, 0x0000000088700000| Untracked 
| 136|0x0000000088800000, 0x0000000088900000, 0x0000000088900000|100%| O|  |TAMS 0x0000000088900000, 0x0000000088800000| Untracked 
| 137|0x0000000088900000, 0x0000000088a00000, 0x0000000088a00000|100%| O|  |TAMS 0x0000000088a00000, 0x0000000088900000| Untracked 
| 138|0x0000000088a00000, 0x0000000088b00000, 0x0000000088b00000|100%| O|  |TAMS 0x0000000088b00000, 0x0000000088a00000| Untracked 
| 139|0x0000000088b00000, 0x0000000088c00000, 0x0000000088c00000|100%| O|  |TAMS 0x0000000088c00000, 0x0000000088b00000| Untracked 
| 140|0x0000000088c00000, 0x0000000088d00000, 0x0000000088d00000|100%| O|  |TAMS 0x0000000088d00000, 0x0000000088c00000| Untracked 
| 141|0x0000000088d00000, 0x0000000088e00000, 0x0000000088e00000|100%|HS|  |TAMS 0x0000000088e00000, 0x0000000088d00000| Complete 
| 142|0x0000000088e00000, 0x0000000088f00000, 0x0000000088f00000|100%|HS|  |TAMS 0x0000000088f00000, 0x0000000088e00000| Complete 
| 143|0x0000000088f00000, 0x0000000089000000, 0x0000000089000000|100%|HS|  |TAMS 0x0000000089000000, 0x0000000088f00000| Complete 
| 144|0x0000000089000000, 0x0000000089100000, 0x0000000089100000|100%| O|  |TAMS 0x0000000089100000, 0x0000000089000000| Untracked 
| 145|0x0000000089100000, 0x0000000089200000, 0x0000000089200000|100%| O|  |TAMS 0x0000000089200000, 0x0000000089100000| Untracked 
| 146|0x0000000089200000, 0x0000000089300000, 0x0000000089300000|100%| O|  |TAMS 0x0000000089300000, 0x0000000089200000| Untracked 
| 147|0x0000000089300000, 0x0000000089400000, 0x0000000089400000|100%| O|  |TAMS 0x0000000089400000, 0x0000000089300000| Untracked 
| 148|0x0000000089400000, 0x0000000089500000, 0x0000000089500000|100%| O|  |TAMS 0x0000000089500000, 0x0000000089400000| Untracked 
| 149|0x0000000089500000, 0x0000000089600000, 0x0000000089600000|100%| O|  |TAMS 0x0000000089600000, 0x0000000089500000| Untracked 
| 150|0x0000000089600000, 0x0000000089700000, 0x0000000089700000|100%| O|  |TAMS 0x0000000089700000, 0x0000000089600000| Untracked 
| 151|0x0000000089700000, 0x0000000089800000, 0x0000000089800000|100%| O|  |TAMS 0x0000000089800000, 0x0000000089700000| Untracked 
| 152|0x0000000089800000, 0x0000000089900000, 0x0000000089900000|100%| O|  |TAMS 0x0000000089900000, 0x0000000089800000| Untracked 
| 153|0x0000000089900000, 0x0000000089a00000, 0x0000000089a00000|100%| O|  |TAMS 0x0000000089a00000, 0x0000000089900000| Untracked 
| 154|0x0000000089a00000, 0x0000000089b00000, 0x0000000089b00000|100%| O|  |TAMS 0x0000000089b00000, 0x0000000089a00000| Untracked 
| 155|0x0000000089b00000, 0x0000000089c00000, 0x0000000089c00000|100%| O|  |TAMS 0x0000000089c00000, 0x0000000089b00000| Untracked 
| 156|0x0000000089c00000, 0x0000000089d00000, 0x0000000089d00000|100%| O|  |TAMS 0x0000000089d00000, 0x0000000089c00000| Untracked 
| 157|0x0000000089d00000, 0x0000000089e00000, 0x0000000089e00000|100%| O|  |TAMS 0x0000000089e00000, 0x0000000089d00000| Untracked 
| 158|0x0000000089e00000, 0x0000000089f00000, 0x0000000089f00000|100%| O|  |TAMS 0x0000000089f00000, 0x0000000089e00000| Untracked 
| 159|0x0000000089f00000, 0x000000008a000000, 0x000000008a000000|100%| O|  |TAMS 0x000000008a000000, 0x0000000089f00000| Untracked 
| 160|0x000000008a000000, 0x000000008a100000, 0x000000008a100000|100%| O|  |TAMS 0x000000008a100000, 0x000000008a000000| Untracked 
| 161|0x000000008a100000, 0x000000008a200000, 0x000000008a200000|100%| O|  |TAMS 0x000000008a200000, 0x000000008a100000| Untracked 
| 162|0x000000008a200000, 0x000000008a300000, 0x000000008a300000|100%| O|  |TAMS 0x000000008a300000, 0x000000008a200000| Untracked 
| 163|0x000000008a300000, 0x000000008a400000, 0x000000008a400000|100%| O|  |TAMS 0x000000008a400000, 0x000000008a300000| Untracked 
| 164|0x000000008a400000, 0x000000008a500000, 0x000000008a500000|100%| O|  |TAMS 0x000000008a500000, 0x000000008a400000| Untracked 
| 165|0x000000008a500000, 0x000000008a600000, 0x000000008a600000|100%| O|  |TAMS 0x000000008a600000, 0x000000008a500000| Untracked 
| 166|0x000000008a600000, 0x000000008a700000, 0x000000008a700000|100%| O|  |TAMS 0x000000008a700000, 0x000000008a600000| Untracked 
| 167|0x000000008a700000, 0x000000008a800000, 0x000000008a800000|100%| O|  |TAMS 0x000000008a800000, 0x000000008a700000| Untracked 
| 168|0x000000008a800000, 0x000000008a900000, 0x000000008a900000|100%| O|  |TAMS 0x000000008a900000, 0x000000008a800000| Untracked 
| 169|0x000000008a900000, 0x000000008aa00000, 0x000000008aa00000|100%| O|  |TAMS 0x000000008aa00000, 0x000000008a900000| Untracked 
| 170|0x000000008aa00000, 0x000000008ab00000, 0x000000008ab00000|100%| O|  |TAMS 0x000000008ab00000, 0x000000008aa00000| Untracked 
| 171|0x000000008ab00000, 0x000000008ac00000, 0x000000008ac00000|100%| O|  |TAMS 0x000000008ac00000, 0x000000008ab00000| Untracked 
| 172|0x000000008ac00000, 0x000000008ad00000, 0x000000008ad00000|100%|HS|  |TAMS 0x000000008ad00000, 0x000000008ac00000| Complete 
| 173|0x000000008ad00000, 0x000000008ae00000, 0x000000008ae00000|100%|HS|  |TAMS 0x000000008ae00000, 0x000000008ad00000| Complete 
| 174|0x000000008ae00000, 0x000000008af00000, 0x000000008af00000|100%| O|  |TAMS 0x000000008af00000, 0x000000008ae00000| Untracked 
| 175|0x000000008af00000, 0x000000008b000000, 0x000000008b000000|100%| O|  |TAMS 0x000000008b000000, 0x000000008af00000| Untracked 
| 176|0x000000008b000000, 0x000000008b100000, 0x000000008b100000|100%| O|  |TAMS 0x000000008b100000, 0x000000008b000000| Untracked 
| 177|0x000000008b100000, 0x000000008b200000, 0x000000008b200000|100%| O|  |TAMS 0x000000008b200000, 0x000000008b100000| Untracked 
| 178|0x000000008b200000, 0x000000008b300000, 0x000000008b300000|100%| O|  |TAMS 0x000000008b300000, 0x000000008b200000| Untracked 
| 179|0x000000008b300000, 0x000000008b400000, 0x000000008b400000|100%| O|  |TAMS 0x000000008b400000, 0x000000008b300000| Untracked 
| 180|0x000000008b400000, 0x000000008b500000, 0x000000008b500000|100%| O|  |TAMS 0x000000008b500000, 0x000000008b400000| Untracked 
| 181|0x000000008b500000, 0x000000008b600000, 0x000000008b600000|100%| O|  |TAMS 0x000000008b600000, 0x000000008b500000| Untracked 
| 182|0x000000008b600000, 0x000000008b700000, 0x000000008b700000|100%| O|  |TAMS 0x000000008b700000, 0x000000008b600000| Untracked 
| 183|0x000000008b700000, 0x000000008b800000, 0x000000008b800000|100%| O|  |TAMS 0x000000008b800000, 0x000000008b700000| Untracked 
| 184|0x000000008b800000, 0x000000008b800000, 0x000000008b900000|  0%| F|  |TAMS 0x000000008b800000, 0x000000008b800000| Untracked 
| 185|0x000000008b900000, 0x000000008ba00000, 0x000000008ba00000|100%|HS|  |TAMS 0x000000008ba00000, 0x000000008b900000| Complete 
| 186|0x000000008ba00000, 0x000000008bb00000, 0x000000008bb00000|100%|HS|  |TAMS 0x000000008bb00000, 0x000000008ba00000| Complete 
| 187|0x000000008bb00000, 0x000000008bc00000, 0x000000008bc00000|100%|HS|  |TAMS 0x000000008bc00000, 0x000000008bb00000| Complete 
| 188|0x000000008bc00000, 0x000000008bd00000, 0x000000008bd00000|100%|HS|  |TAMS 0x000000008bd00000, 0x000000008bc00000| Complete 
| 189|0x000000008bd00000, 0x000000008be00000, 0x000000008be00000|100%| O|  |TAMS 0x000000008be00000, 0x000000008bd00000| Untracked 
| 190|0x000000008be00000, 0x000000008bf00000, 0x000000008bf00000|100%| O|  |TAMS 0x000000008bf00000, 0x000000008be00000| Untracked 
| 191|0x000000008bf00000, 0x000000008c000000, 0x000000008c000000|100%| O|  |TAMS 0x000000008c000000, 0x000000008bf00000| Untracked 
| 192|0x000000008c000000, 0x000000008c100000, 0x000000008c100000|100%| O|  |TAMS 0x000000008c100000, 0x000000008c000000| Untracked 
| 193|0x000000008c100000, 0x000000008c200000, 0x000000008c200000|100%| O|  |TAMS 0x000000008c200000, 0x000000008c100000| Untracked 
| 194|0x000000008c200000, 0x000000008c300000, 0x000000008c300000|100%| O|  |TAMS 0x000000008c300000, 0x000000008c200000| Untracked 
| 195|0x000000008c300000, 0x000000008c400000, 0x000000008c400000|100%| O|  |TAMS 0x000000008c400000, 0x000000008c300000| Untracked 
| 196|0x000000008c400000, 0x000000008c500000, 0x000000008c500000|100%| O|  |TAMS 0x000000008c500000, 0x000000008c400000| Untracked 
| 197|0x000000008c500000, 0x000000008c600000, 0x000000008c600000|100%| O|  |TAMS 0x000000008c600000, 0x000000008c500000| Untracked 
| 198|0x000000008c600000, 0x000000008c700000, 0x000000008c700000|100%| O|  |TAMS 0x000000008c700000, 0x000000008c600000| Untracked 
| 199|0x000000008c700000, 0x000000008c800000, 0x000000008c800000|100%| O|  |TAMS 0x000000008c800000, 0x000000008c700000| Untracked 
| 200|0x000000008c800000, 0x000000008c900000, 0x000000008c900000|100%| O|  |TAMS 0x000000008c900000, 0x000000008c800000| Untracked 
| 201|0x000000008c900000, 0x000000008ca00000, 0x000000008ca00000|100%| O|  |TAMS 0x000000008ca00000, 0x000000008c900000| Untracked 
| 202|0x000000008ca00000, 0x000000008cb00000, 0x000000008cb00000|100%| O|  |TAMS 0x000000008cb00000, 0x000000008ca00000| Untracked 
| 203|0x000000008cb00000, 0x000000008cc00000, 0x000000008cc00000|100%| O|  |TAMS 0x000000008cc00000, 0x000000008cb00000| Untracked 
| 204|0x000000008cc00000, 0x000000008cd00000, 0x000000008cd00000|100%| O|  |TAMS 0x000000008cd00000, 0x000000008cc00000| Untracked 
| 205|0x000000008cd00000, 0x000000008ce00000, 0x000000008ce00000|100%| O|  |TAMS 0x000000008ce00000, 0x000000008cd00000| Untracked 
| 206|0x000000008ce00000, 0x000000008cf00000, 0x000000008cf00000|100%| O|  |TAMS 0x000000008cf00000, 0x000000008ce00000| Untracked 
| 207|0x000000008cf00000, 0x000000008d000000, 0x000000008d000000|100%| O|  |TAMS 0x000000008d000000, 0x000000008cf00000| Untracked 
| 208|0x000000008d000000, 0x000000008d100000, 0x000000008d100000|100%| O|  |TAMS 0x000000008d100000, 0x000000008d000000| Untracked 
| 209|0x000000008d100000, 0x000000008d200000, 0x000000008d200000|100%| O|  |TAMS 0x000000008d200000, 0x000000008d100000| Untracked 
| 210|0x000000008d200000, 0x000000008d300000, 0x000000008d300000|100%| O|  |TAMS 0x000000008d300000, 0x000000008d200000| Untracked 
| 211|0x000000008d300000, 0x000000008d400000, 0x000000008d400000|100%| O|  |TAMS 0x000000008d400000, 0x000000008d300000| Untracked 
| 212|0x000000008d400000, 0x000000008d500000, 0x000000008d500000|100%| O|  |TAMS 0x000000008d500000, 0x000000008d400000| Untracked 
| 213|0x000000008d500000, 0x000000008d600000, 0x000000008d600000|100%| O|  |TAMS 0x000000008d600000, 0x000000008d500000| Untracked 
| 214|0x000000008d600000, 0x000000008d700000, 0x000000008d700000|100%| O|  |TAMS 0x000000008d700000, 0x000000008d600000| Untracked 
| 215|0x000000008d700000, 0x000000008d800000, 0x000000008d800000|100%| O|  |TAMS 0x000000008d800000, 0x000000008d700000| Untracked 
| 216|0x000000008d800000, 0x000000008d900000, 0x000000008d900000|100%| O|  |TAMS 0x000000008d900000, 0x000000008d800000| Untracked 
| 217|0x000000008d900000, 0x000000008da00000, 0x000000008da00000|100%| O|  |TAMS 0x000000008da00000, 0x000000008d900000| Untracked 
| 218|0x000000008da00000, 0x000000008db00000, 0x000000008db00000|100%| O|  |TAMS 0x000000008db00000, 0x000000008da00000| Untracked 
| 219|0x000000008db00000, 0x000000008dc00000, 0x000000008dc00000|100%| O|  |TAMS 0x000000008dc00000, 0x000000008db00000| Untracked 
| 220|0x000000008dc00000, 0x000000008dd00000, 0x000000008dd00000|100%| O|  |TAMS 0x000000008dd00000, 0x000000008dc00000| Untracked 
| 221|0x000000008dd00000, 0x000000008de00000, 0x000000008de00000|100%| O|  |TAMS 0x000000008de00000, 0x000000008dd00000| Untracked 
| 222|0x000000008de00000, 0x000000008df00000, 0x000000008df00000|100%| O|  |TAMS 0x000000008df00000, 0x000000008de00000| Untracked 
| 223|0x000000008df00000, 0x000000008e000000, 0x000000008e000000|100%| O|  |TAMS 0x000000008e000000, 0x000000008df00000| Untracked 
| 224|0x000000008e000000, 0x000000008e100000, 0x000000008e100000|100%| O|  |TAMS 0x000000008e100000, 0x000000008e000000| Untracked 
| 225|0x000000008e100000, 0x000000008e200000, 0x000000008e200000|100%| O|  |TAMS 0x000000008e200000, 0x000000008e100000| Untracked 
| 226|0x000000008e200000, 0x000000008e300000, 0x000000008e300000|100%| O|  |TAMS 0x000000008e300000, 0x000000008e200000| Untracked 
| 227|0x000000008e300000, 0x000000008e400000, 0x000000008e400000|100%| O|  |TAMS 0x000000008e400000, 0x000000008e300000| Untracked 
| 228|0x000000008e400000, 0x000000008e500000, 0x000000008e500000|100%| O|  |TAMS 0x000000008e500000, 0x000000008e400000| Untracked 
| 229|0x000000008e500000, 0x000000008e600000, 0x000000008e600000|100%| O|  |TAMS 0x000000008e600000, 0x000000008e500000| Untracked 
| 230|0x000000008e600000, 0x000000008e700000, 0x000000008e700000|100%| O|  |TAMS 0x000000008e700000, 0x000000008e600000| Untracked 
| 231|0x000000008e700000, 0x000000008e800000, 0x000000008e800000|100%| O|  |TAMS 0x000000008e800000, 0x000000008e700000| Untracked 
| 232|0x000000008e800000, 0x000000008e900000, 0x000000008e900000|100%| O|  |TAMS 0x000000008e900000, 0x000000008e800000| Untracked 
| 233|0x000000008e900000, 0x000000008e900000, 0x000000008ea00000|  0%| F|  |TAMS 0x000000008e900000, 0x000000008e900000| Untracked 
| 234|0x000000008ea00000, 0x000000008eb00000, 0x000000008eb00000|100%| O|  |TAMS 0x000000008eb00000, 0x000000008ea00000| Untracked 
| 235|0x000000008eb00000, 0x000000008ec00000, 0x000000008ec00000|100%| O|  |TAMS 0x000000008ec00000, 0x000000008eb00000| Untracked 
| 236|0x000000008ec00000, 0x000000008ed00000, 0x000000008ed00000|100%| O|  |TAMS 0x000000008ed00000, 0x000000008ec00000| Untracked 
| 237|0x000000008ed00000, 0x000000008ee00000, 0x000000008ee00000|100%| O|  |TAMS 0x000000008ee00000, 0x000000008ed00000| Untracked 
| 238|0x000000008ee00000, 0x000000008ef00000, 0x000000008ef00000|100%| O|  |TAMS 0x000000008ef00000, 0x000000008ee00000| Untracked 
| 239|0x000000008ef00000, 0x000000008f000000, 0x000000008f000000|100%| O|  |TAMS 0x000000008f000000, 0x000000008ef00000| Untracked 
| 240|0x000000008f000000, 0x000000008f100000, 0x000000008f100000|100%| O|  |TAMS 0x000000008f100000, 0x000000008f000000| Untracked 
| 241|0x000000008f100000, 0x000000008f200000, 0x000000008f200000|100%| O|  |TAMS 0x000000008f200000, 0x000000008f100000| Untracked 
| 242|0x000000008f200000, 0x000000008f300000, 0x000000008f300000|100%| O|  |TAMS 0x000000008f300000, 0x000000008f200000| Untracked 
| 243|0x000000008f300000, 0x000000008f400000, 0x000000008f400000|100%| O|  |TAMS 0x000000008f400000, 0x000000008f300000| Untracked 
| 244|0x000000008f400000, 0x000000008f500000, 0x000000008f500000|100%| O|  |TAMS 0x000000008f500000, 0x000000008f400000| Untracked 
| 245|0x000000008f500000, 0x000000008f600000, 0x000000008f600000|100%| O|  |TAMS 0x000000008f600000, 0x000000008f500000| Untracked 
| 246|0x000000008f600000, 0x000000008f700000, 0x000000008f700000|100%| O|  |TAMS 0x000000008f700000, 0x000000008f600000| Untracked 
| 247|0x000000008f700000, 0x000000008f800000, 0x000000008f800000|100%| O|  |TAMS 0x000000008f800000, 0x000000008f700000| Untracked 
| 248|0x000000008f800000, 0x000000008f900000, 0x000000008f900000|100%| O|  |TAMS 0x000000008f900000, 0x000000008f800000| Untracked 
| 249|0x000000008f900000, 0x000000008fa00000, 0x000000008fa00000|100%| O|  |TAMS 0x000000008fa00000, 0x000000008f900000| Untracked 
| 250|0x000000008fa00000, 0x000000008fb00000, 0x000000008fb00000|100%| O|  |TAMS 0x000000008fb00000, 0x000000008fa00000| Untracked 
| 251|0x000000008fb00000, 0x000000008fc00000, 0x000000008fc00000|100%| O|  |TAMS 0x000000008fc00000, 0x000000008fb00000| Untracked 
| 252|0x000000008fc00000, 0x000000008fd00000, 0x000000008fd00000|100%| O|  |TAMS 0x000000008fd00000, 0x000000008fc00000| Untracked 
| 253|0x000000008fd00000, 0x000000008fe00000, 0x000000008fe00000|100%| O|  |TAMS 0x000000008fe00000, 0x000000008fd00000| Untracked 
| 254|0x000000008fe00000, 0x000000008ff00000, 0x000000008ff00000|100%| O|  |TAMS 0x000000008ff00000, 0x000000008fe00000| Untracked 
| 255|0x000000008ff00000, 0x0000000090000000, 0x0000000090000000|100%| O|  |TAMS 0x0000000090000000, 0x000000008ff00000| Untracked 
| 256|0x0000000090000000, 0x0000000090100000, 0x0000000090100000|100%| O|  |TAMS 0x0000000090100000, 0x0000000090000000| Untracked 
| 257|0x0000000090100000, 0x0000000090200000, 0x0000000090200000|100%| O|  |TAMS 0x0000000090200000, 0x0000000090100000| Untracked 
| 258|0x0000000090200000, 0x0000000090300000, 0x0000000090300000|100%| O|  |TAMS 0x0000000090300000, 0x0000000090200000| Untracked 
| 259|0x0000000090300000, 0x0000000090400000, 0x0000000090400000|100%| O|  |TAMS 0x0000000090300000, 0x0000000090300000| Untracked 
| 260|0x0000000090400000, 0x0000000090500000, 0x0000000090500000|100%| O|  |TAMS 0x0000000090400000, 0x0000000090400000| Untracked 
| 261|0x0000000090500000, 0x0000000090500000, 0x0000000090600000|  0%| F|  |TAMS 0x0000000090500000, 0x0000000090500000| Untracked 
| 262|0x0000000090600000, 0x0000000090600000, 0x0000000090700000|  0%| F|  |TAMS 0x0000000090600000, 0x0000000090600000| Untracked 
| 263|0x0000000090700000, 0x0000000090700000, 0x0000000090800000|  0%| F|  |TAMS 0x0000000090700000, 0x0000000090700000| Untracked 
| 264|0x0000000090800000, 0x0000000090800000, 0x0000000090900000|  0%| F|  |TAMS 0x0000000090800000, 0x0000000090800000| Untracked 
| 265|0x0000000090900000, 0x0000000090a00000, 0x0000000090a00000|100%| O|  |TAMS 0x0000000090a00000, 0x0000000090900000| Untracked 
| 266|0x0000000090a00000, 0x0000000090b00000, 0x0000000090b00000|100%| O|  |TAMS 0x0000000090b00000, 0x0000000090a00000| Untracked 
| 267|0x0000000090b00000, 0x0000000090c00000, 0x0000000090c00000|100%| O|  |TAMS 0x0000000090c00000, 0x0000000090b00000| Untracked 
| 268|0x0000000090c00000, 0x0000000090d00000, 0x0000000090d00000|100%| O|  |TAMS 0x0000000090d00000, 0x0000000090c00000| Untracked 
| 269|0x0000000090d00000, 0x0000000090e00000, 0x0000000090e00000|100%| O|  |TAMS 0x0000000090e00000, 0x0000000090d00000| Untracked 
| 270|0x0000000090e00000, 0x0000000090e00000, 0x0000000090f00000|  0%| F|  |TAMS 0x0000000090e00000, 0x0000000090e00000| Untracked 
| 271|0x0000000090f00000, 0x0000000091000000, 0x0000000091000000|100%| O|  |TAMS 0x0000000091000000, 0x0000000090f00000| Untracked 
| 272|0x0000000091000000, 0x0000000091100000, 0x0000000091100000|100%| O|  |TAMS 0x0000000091100000, 0x0000000091000000| Untracked 
| 273|0x0000000091100000, 0x0000000091100000, 0x0000000091200000|  0%| F|  |TAMS 0x0000000091100000, 0x0000000091100000| Untracked 
| 274|0x0000000091200000, 0x0000000091300000, 0x0000000091300000|100%| O|  |TAMS 0x0000000091300000, 0x0000000091200000| Untracked 
| 275|0x0000000091300000, 0x0000000091400000, 0x0000000091400000|100%| O|  |TAMS 0x0000000091400000, 0x0000000091300000| Untracked 
| 276|0x0000000091400000, 0x0000000091500000, 0x0000000091500000|100%| O|  |TAMS 0x0000000091500000, 0x0000000091400000| Untracked 
| 277|0x0000000091500000, 0x0000000091600000, 0x0000000091600000|100%| O|  |TAMS 0x0000000091600000, 0x0000000091500000| Untracked 
| 278|0x0000000091600000, 0x0000000091700000, 0x0000000091700000|100%| O|  |TAMS 0x0000000091700000, 0x0000000091600000| Untracked 
| 279|0x0000000091700000, 0x0000000091800000, 0x0000000091800000|100%| O|  |TAMS 0x0000000091800000, 0x0000000091700000| Untracked 
| 280|0x0000000091800000, 0x0000000091900000, 0x0000000091900000|100%| O|  |TAMS 0x0000000091900000, 0x0000000091800000| Untracked 
| 281|0x0000000091900000, 0x0000000091a00000, 0x0000000091a00000|100%| O|  |TAMS 0x0000000091a00000, 0x0000000091900000| Untracked 
| 282|0x0000000091a00000, 0x0000000091b00000, 0x0000000091b00000|100%| O|  |TAMS 0x0000000091b00000, 0x0000000091a00000| Untracked 
| 283|0x0000000091b00000, 0x0000000091c00000, 0x0000000091c00000|100%| O|  |TAMS 0x0000000091c00000, 0x0000000091b00000| Untracked 
| 284|0x0000000091c00000, 0x0000000091d00000, 0x0000000091d00000|100%| O|  |TAMS 0x0000000091d00000, 0x0000000091c00000| Untracked 
| 285|0x0000000091d00000, 0x0000000091e00000, 0x0000000091e00000|100%| O|  |TAMS 0x0000000091e00000, 0x0000000091d00000| Untracked 
| 286|0x0000000091e00000, 0x0000000091e00000, 0x0000000091f00000|  0%| F|  |TAMS 0x0000000091e00000, 0x0000000091e00000| Untracked 
| 287|0x0000000091f00000, 0x0000000091f00000, 0x0000000092000000|  0%| F|  |TAMS 0x0000000091f00000, 0x0000000091f00000| Untracked 
| 288|0x0000000092000000, 0x0000000092000000, 0x0000000092100000|  0%| F|  |TAMS 0x0000000092000000, 0x0000000092000000| Untracked 
| 289|0x0000000092100000, 0x0000000092100000, 0x0000000092200000|  0%| F|  |TAMS 0x0000000092100000, 0x0000000092100000| Untracked 
| 290|0x0000000092200000, 0x0000000092200000, 0x0000000092300000|  0%| F|  |TAMS 0x0000000092200000, 0x0000000092200000| Untracked 
| 291|0x0000000092300000, 0x0000000092300000, 0x0000000092400000|  0%| F|  |TAMS 0x0000000092300000, 0x0000000092300000| Untracked 
| 292|0x0000000092400000, 0x0000000092400000, 0x0000000092500000|  0%| F|  |TAMS 0x0000000092400000, 0x0000000092400000| Untracked 
| 293|0x0000000092500000, 0x0000000092500000, 0x0000000092600000|  0%| F|  |TAMS 0x0000000092500000, 0x0000000092500000| Untracked 
| 294|0x0000000092600000, 0x0000000092600000, 0x0000000092700000|  0%| F|  |TAMS 0x0000000092600000, 0x0000000092600000| Untracked 
| 295|0x0000000092700000, 0x0000000092800000, 0x0000000092800000|100%|HS|  |TAMS 0x0000000092800000, 0x0000000092700000| Complete 
| 296|0x0000000092800000, 0x0000000092900000, 0x0000000092900000|100%|HC|  |TAMS 0x0000000092900000, 0x0000000092800000| Complete 
| 297|0x0000000092900000, 0x0000000092a00000, 0x0000000092a00000|100%|HC|  |TAMS 0x0000000092a00000, 0x0000000092900000| Complete 
| 298|0x0000000092a00000, 0x0000000092b00000, 0x0000000092b00000|100%|HC|  |TAMS 0x0000000092b00000, 0x0000000092a00000| Complete 
| 299|0x0000000092b00000, 0x0000000092c00000, 0x0000000092c00000|100%|HC|  |TAMS 0x0000000092c00000, 0x0000000092b00000| Complete 
| 300|0x0000000092c00000, 0x0000000092d00000, 0x0000000092d00000|100%|HC|  |TAMS 0x0000000092d00000, 0x0000000092c00000| Complete 
| 301|0x0000000092d00000, 0x0000000092e00000, 0x0000000092e00000|100%|HC|  |TAMS 0x0000000092e00000, 0x0000000092d00000| Complete 
| 302|0x0000000092e00000, 0x0000000092f00000, 0x0000000092f00000|100%| O|  |TAMS 0x0000000092f00000, 0x0000000092e00000| Untracked 
| 303|0x0000000092f00000, 0x0000000093000000, 0x0000000093000000|100%| O|  |TAMS 0x0000000093000000, 0x0000000092f00000| Untracked 
| 304|0x0000000093000000, 0x0000000093100000, 0x0000000093100000|100%| O|  |TAMS 0x0000000093100000, 0x0000000093000000| Untracked 
| 305|0x0000000093100000, 0x0000000093100000, 0x0000000093200000|  0%| F|  |TAMS 0x0000000093100000, 0x0000000093100000| Untracked 
| 306|0x0000000093200000, 0x0000000093300000, 0x0000000093300000|100%| O|  |TAMS 0x0000000093300000, 0x0000000093200000| Untracked 
| 307|0x0000000093300000, 0x0000000093300000, 0x0000000093400000|  0%| F|  |TAMS 0x0000000093300000, 0x0000000093300000| Untracked 
| 308|0x0000000093400000, 0x0000000093400000, 0x0000000093500000|  0%| F|  |TAMS 0x0000000093400000, 0x0000000093400000| Untracked 
| 309|0x0000000093500000, 0x0000000093500000, 0x0000000093600000|  0%| F|  |TAMS 0x0000000093500000, 0x0000000093500000| Untracked 
| 310|0x0000000093600000, 0x0000000093700000, 0x0000000093700000|100%| O|  |TAMS 0x0000000093600000, 0x0000000093600000| Untracked 
| 311|0x0000000093700000, 0x0000000093700000, 0x0000000093800000|  0%| F|  |TAMS 0x0000000093700000, 0x0000000093700000| Untracked 
| 312|0x0000000093800000, 0x0000000093800000, 0x0000000093900000|  0%| F|  |TAMS 0x0000000093800000, 0x0000000093800000| Untracked 
| 313|0x0000000093900000, 0x0000000093900000, 0x0000000093a00000|  0%| F|  |TAMS 0x0000000093900000, 0x0000000093900000| Untracked 
| 314|0x0000000093a00000, 0x0000000093a00000, 0x0000000093b00000|  0%| F|  |TAMS 0x0000000093a00000, 0x0000000093a00000| Untracked 
| 315|0x0000000093b00000, 0x0000000093b00000, 0x0000000093c00000|  0%| F|  |TAMS 0x0000000093b00000, 0x0000000093b00000| Untracked 
| 316|0x0000000093c00000, 0x0000000093d00000, 0x0000000093d00000|100%|HS|  |TAMS 0x0000000093d00000, 0x0000000093c00000| Complete 
| 317|0x0000000093d00000, 0x0000000093e00000, 0x0000000093e00000|100%|HC|  |TAMS 0x0000000093e00000, 0x0000000093d00000| Complete 
| 318|0x0000000093e00000, 0x0000000093e00000, 0x0000000093f00000|  0%| F|  |TAMS 0x0000000093e00000, 0x0000000093e00000| Untracked 
| 319|0x0000000093f00000, 0x0000000093f00000, 0x0000000094000000|  0%| F|  |TAMS 0x0000000093f00000, 0x0000000093f00000| Untracked 
| 320|0x0000000094000000, 0x0000000094100000, 0x0000000094100000|100%| O|  |TAMS 0x0000000094100000, 0x0000000094000000| Untracked 
| 321|0x0000000094100000, 0x0000000094100000, 0x0000000094200000|  0%| F|  |TAMS 0x0000000094100000, 0x0000000094100000| Untracked 
| 322|0x0000000094200000, 0x0000000094200000, 0x0000000094300000|  0%| F|  |TAMS 0x0000000094200000, 0x0000000094200000| Untracked 
| 323|0x0000000094300000, 0x0000000094400000, 0x0000000094400000|100%| O|  |TAMS 0x0000000094400000, 0x0000000094300000| Untracked 
| 324|0x0000000094400000, 0x0000000094400000, 0x0000000094500000|  0%| F|  |TAMS 0x0000000094400000, 0x0000000094400000| Untracked 
| 325|0x0000000094500000, 0x0000000094500000, 0x0000000094600000|  0%| F|  |TAMS 0x0000000094500000, 0x0000000094500000| Untracked 
| 326|0x0000000094600000, 0x0000000094700000, 0x0000000094700000|100%| O|  |TAMS 0x0000000094600000, 0x0000000094600000| Untracked 
| 327|0x0000000094700000, 0x0000000094700000, 0x0000000094800000|  0%| F|  |TAMS 0x0000000094700000, 0x0000000094700000| Untracked 
| 328|0x0000000094800000, 0x0000000094800000, 0x0000000094900000|  0%| F|  |TAMS 0x0000000094800000, 0x0000000094800000| Untracked 
| 329|0x0000000094900000, 0x0000000094a00000, 0x0000000094a00000|100%| O|  |TAMS 0x0000000094a00000, 0x0000000094900000| Untracked 
| 330|0x0000000094a00000, 0x0000000094a00000, 0x0000000094b00000|  0%| F|  |TAMS 0x0000000094a00000, 0x0000000094a00000| Untracked 
| 331|0x0000000094b00000, 0x0000000094c00000, 0x0000000094c00000|100%| O|  |TAMS 0x0000000094b00000, 0x0000000094b00000| Untracked 
| 332|0x0000000094c00000, 0x0000000094c00000, 0x0000000094d00000|  0%| F|  |TAMS 0x0000000094c00000, 0x0000000094c00000| Untracked 
| 333|0x0000000094d00000, 0x0000000094d00000, 0x0000000094e00000|  0%| F|  |TAMS 0x0000000094d00000, 0x0000000094d00000| Untracked 
| 334|0x0000000094e00000, 0x0000000094e00000, 0x0000000094f00000|  0%| F|  |TAMS 0x0000000094e00000, 0x0000000094e00000| Untracked 
| 335|0x0000000094f00000, 0x0000000094f00000, 0x0000000095000000|  0%| F|  |TAMS 0x0000000094f00000, 0x0000000094f00000| Untracked 
| 336|0x0000000095000000, 0x0000000095100000, 0x0000000095100000|100%| O|  |TAMS 0x0000000095000000, 0x0000000095000000| Untracked 
| 337|0x0000000095100000, 0x0000000095200000, 0x0000000095200000|100%| O|  |TAMS 0x0000000095100000, 0x0000000095100000| Untracked 
| 338|0x0000000095200000, 0x0000000095200000, 0x0000000095300000|  0%| F|  |TAMS 0x0000000095200000, 0x0000000095200000| Untracked 
| 339|0x0000000095300000, 0x0000000095300000, 0x0000000095400000|  0%| F|  |TAMS 0x0000000095300000, 0x0000000095300000| Untracked 
| 340|0x0000000095400000, 0x0000000095400000, 0x0000000095500000|  0%| F|  |TAMS 0x0000000095400000, 0x0000000095400000| Untracked 
| 341|0x0000000095500000, 0x0000000095500000, 0x0000000095600000|  0%| F|  |TAMS 0x0000000095500000, 0x0000000095500000| Untracked 
| 342|0x0000000095600000, 0x0000000095700000, 0x0000000095700000|100%| O|  |TAMS 0x0000000095600000, 0x0000000095600000| Untracked 
| 343|0x0000000095700000, 0x0000000095800000, 0x0000000095800000|100%| O|  |TAMS 0x0000000095800000, 0x0000000095700000| Untracked 
| 344|0x0000000095800000, 0x0000000095900000, 0x0000000095900000|100%| O|  |TAMS 0x0000000095900000, 0x0000000095800000| Untracked 
| 345|0x0000000095900000, 0x0000000095a00000, 0x0000000095a00000|100%| O|  |TAMS 0x0000000095a00000, 0x0000000095900000| Untracked 
| 346|0x0000000095a00000, 0x0000000095b00000, 0x0000000095b00000|100%| O|  |TAMS 0x0000000095b00000, 0x0000000095a00000| Untracked 
| 347|0x0000000095b00000, 0x0000000095c00000, 0x0000000095c00000|100%| O|  |TAMS 0x0000000095c00000, 0x0000000095b00000| Untracked 
| 348|0x0000000095c00000, 0x0000000095d00000, 0x0000000095d00000|100%| O|  |TAMS 0x0000000095d00000, 0x0000000095c00000| Untracked 
| 349|0x0000000095d00000, 0x0000000095e00000, 0x0000000095e00000|100%| O|  |TAMS 0x0000000095e00000, 0x0000000095d00000| Untracked 
| 350|0x0000000095e00000, 0x0000000095f00000, 0x0000000095f00000|100%| O|  |TAMS 0x0000000095f00000, 0x0000000095e00000| Untracked 
| 351|0x0000000095f00000, 0x0000000096000000, 0x0000000096000000|100%| O|  |TAMS 0x0000000096000000, 0x0000000095f00000| Untracked 
| 352|0x0000000096000000, 0x0000000096100000, 0x0000000096100000|100%| O|  |TAMS 0x0000000096078000, 0x0000000096000000| Untracked 
| 353|0x0000000096100000, 0x0000000096200000, 0x0000000096200000|100%| O|  |TAMS 0x0000000096100000, 0x0000000096100000| Untracked 
| 354|0x0000000096200000, 0x0000000096300000, 0x0000000096300000|100%| O|  |TAMS 0x0000000096200000, 0x0000000096200000| Untracked 
| 355|0x0000000096300000, 0x0000000096400000, 0x0000000096400000|100%| O|  |TAMS 0x0000000096300000, 0x0000000096300000| Untracked 
| 356|0x0000000096400000, 0x0000000096500000, 0x0000000096500000|100%| O|  |TAMS 0x0000000096400000, 0x0000000096400000| Untracked 
| 357|0x0000000096500000, 0x0000000096600000, 0x0000000096600000|100%| O|  |TAMS 0x0000000096500000, 0x0000000096500000| Untracked 
| 358|0x0000000096600000, 0x0000000096700000, 0x0000000096700000|100%| O|  |TAMS 0x0000000096600000, 0x0000000096600000| Untracked 
| 359|0x0000000096700000, 0x0000000096800000, 0x0000000096800000|100%| O|  |TAMS 0x0000000096700000, 0x0000000096700000| Untracked 
| 360|0x0000000096800000, 0x0000000096900000, 0x0000000096900000|100%| O|  |TAMS 0x0000000096800000, 0x0000000096800000| Untracked 
| 361|0x0000000096900000, 0x0000000096a00000, 0x0000000096a00000|100%| O|  |TAMS 0x0000000096900000, 0x0000000096900000| Untracked 
| 362|0x0000000096a00000, 0x0000000096b00000, 0x0000000096b00000|100%| O|  |TAMS 0x0000000096a00000, 0x0000000096a00000| Untracked 
| 363|0x0000000096b00000, 0x0000000096c00000, 0x0000000096c00000|100%| O|  |TAMS 0x0000000096b00000, 0x0000000096b00000| Untracked 
| 364|0x0000000096c00000, 0x0000000096d00000, 0x0000000096d00000|100%| O|  |TAMS 0x0000000096c00000, 0x0000000096c00000| Untracked 
| 365|0x0000000096d00000, 0x0000000096e00000, 0x0000000096e00000|100%| O|  |TAMS 0x0000000096d00000, 0x0000000096d00000| Untracked 
| 366|0x0000000096e00000, 0x0000000096f00000, 0x0000000096f00000|100%| O|  |TAMS 0x0000000096e00000, 0x0000000096e00000| Untracked 
| 367|0x0000000096f00000, 0x0000000097000000, 0x0000000097000000|100%| O|  |TAMS 0x0000000096f00000, 0x0000000096f00000| Untracked 
| 368|0x0000000097000000, 0x0000000097100000, 0x0000000097100000|100%| O|  |TAMS 0x0000000097000000, 0x0000000097000000| Untracked 
| 369|0x0000000097100000, 0x0000000097200000, 0x0000000097200000|100%| O|  |TAMS 0x0000000097100000, 0x0000000097100000| Untracked 
| 370|0x0000000097200000, 0x0000000097300000, 0x0000000097300000|100%| O|  |TAMS 0x0000000097200000, 0x0000000097200000| Untracked 
| 371|0x0000000097300000, 0x0000000097400000, 0x0000000097400000|100%| O|  |TAMS 0x0000000097300000, 0x0000000097300000| Untracked 
| 372|0x0000000097400000, 0x0000000097500000, 0x0000000097500000|100%| O|  |TAMS 0x0000000097400000, 0x0000000097400000| Untracked 
| 373|0x0000000097500000, 0x0000000097600000, 0x0000000097600000|100%| O|  |TAMS 0x0000000097500000, 0x0000000097500000| Untracked 
| 374|0x0000000097600000, 0x0000000097700000, 0x0000000097700000|100%| O|  |TAMS 0x0000000097600000, 0x0000000097600000| Untracked 
| 375|0x0000000097700000, 0x0000000097800000, 0x0000000097800000|100%| O|  |TAMS 0x0000000097700000, 0x0000000097700000| Untracked 
| 376|0x0000000097800000, 0x0000000097900000, 0x0000000097900000|100%| O|  |TAMS 0x0000000097800000, 0x0000000097800000| Untracked 
| 377|0x0000000097900000, 0x0000000097a00000, 0x0000000097a00000|100%| O|  |TAMS 0x0000000097900000, 0x0000000097900000| Untracked 
| 378|0x0000000097a00000, 0x0000000097ab4400, 0x0000000097b00000| 70%| O|  |TAMS 0x0000000097a00000, 0x0000000097a00000| Untracked 
| 379|0x0000000097b00000, 0x0000000097b00000, 0x0000000097c00000|  0%| F|  |TAMS 0x0000000097b00000, 0x0000000097b00000| Untracked 
| 380|0x0000000097c00000, 0x0000000097c00000, 0x0000000097d00000|  0%| F|  |TAMS 0x0000000097c00000, 0x0000000097c00000| Untracked 
| 381|0x0000000097d00000, 0x0000000097d00000, 0x0000000097e00000|  0%| F|  |TAMS 0x0000000097d00000, 0x0000000097d00000| Untracked 
| 382|0x0000000097e00000, 0x0000000097e00000, 0x0000000097f00000|  0%| F|  |TAMS 0x0000000097e00000, 0x0000000097e00000| Untracked 
| 383|0x0000000097f00000, 0x0000000097f00000, 0x0000000098000000|  0%| F|  |TAMS 0x0000000097f00000, 0x0000000097f00000| Untracked 
| 384|0x0000000098000000, 0x0000000098000000, 0x0000000098100000|  0%| F|  |TAMS 0x0000000098000000, 0x0000000098000000| Untracked 
| 385|0x0000000098100000, 0x0000000098100000, 0x0000000098200000|  0%| F|  |TAMS 0x0000000098100000, 0x0000000098100000| Untracked 
| 386|0x0000000098200000, 0x0000000098200000, 0x0000000098300000|  0%| F|  |TAMS 0x0000000098200000, 0x0000000098200000| Untracked 
| 387|0x0000000098300000, 0x0000000098300000, 0x0000000098400000|  0%| F|  |TAMS 0x0000000098300000, 0x0000000098300000| Untracked 
| 388|0x0000000098400000, 0x0000000098400000, 0x0000000098500000|  0%| F|  |TAMS 0x0000000098400000, 0x0000000098400000| Untracked 
| 389|0x0000000098500000, 0x0000000098500000, 0x0000000098600000|  0%| F|  |TAMS 0x0000000098500000, 0x0000000098500000| Untracked 
| 390|0x0000000098600000, 0x0000000098600000, 0x0000000098700000|  0%| F|  |TAMS 0x0000000098600000, 0x0000000098600000| Untracked 
| 391|0x0000000098700000, 0x0000000098700000, 0x0000000098800000|  0%| F|  |TAMS 0x0000000098700000, 0x0000000098700000| Untracked 
| 392|0x0000000098800000, 0x0000000098800000, 0x0000000098900000|  0%| F|  |TAMS 0x0000000098800000, 0x0000000098800000| Untracked 
| 393|0x0000000098900000, 0x0000000098900000, 0x0000000098a00000|  0%| F|  |TAMS 0x0000000098900000, 0x0000000098900000| Untracked 
| 394|0x0000000098a00000, 0x0000000098a00000, 0x0000000098b00000|  0%| F|  |TAMS 0x0000000098a00000, 0x0000000098a00000| Untracked 
| 395|0x0000000098b00000, 0x0000000098b00000, 0x0000000098c00000|  0%| F|  |TAMS 0x0000000098b00000, 0x0000000098b00000| Untracked 
| 396|0x0000000098c00000, 0x0000000098c00000, 0x0000000098d00000|  0%| F|  |TAMS 0x0000000098c00000, 0x0000000098c00000| Untracked 
| 397|0x0000000098d00000, 0x0000000098d00000, 0x0000000098e00000|  0%| F|  |TAMS 0x0000000098d00000, 0x0000000098d00000| Untracked 
| 398|0x0000000098e00000, 0x0000000098e00000, 0x0000000098f00000|  0%| F|  |TAMS 0x0000000098e00000, 0x0000000098e00000| Untracked 
| 399|0x0000000098f00000, 0x0000000098f00000, 0x0000000099000000|  0%| F|  |TAMS 0x0000000098f00000, 0x0000000098f00000| Untracked 
| 400|0x0000000099000000, 0x0000000099000000, 0x0000000099100000|  0%| F|  |TAMS 0x0000000099000000, 0x0000000099000000| Untracked 
| 401|0x0000000099100000, 0x0000000099100000, 0x0000000099200000|  0%| F|  |TAMS 0x0000000099100000, 0x0000000099100000| Untracked 
| 402|0x0000000099200000, 0x0000000099200000, 0x0000000099300000|  0%| F|  |TAMS 0x0000000099200000, 0x0000000099200000| Untracked 
| 403|0x0000000099300000, 0x0000000099300000, 0x0000000099400000|  0%| F|  |TAMS 0x0000000099300000, 0x0000000099300000| Untracked 
| 404|0x0000000099400000, 0x0000000099400000, 0x0000000099500000|  0%| F|  |TAMS 0x0000000099400000, 0x0000000099400000| Untracked 
| 405|0x0000000099500000, 0x0000000099500000, 0x0000000099600000|  0%| F|  |TAMS 0x0000000099500000, 0x0000000099500000| Untracked 
| 406|0x0000000099600000, 0x0000000099600000, 0x0000000099700000|  0%| F|  |TAMS 0x0000000099600000, 0x0000000099600000| Untracked 
| 407|0x0000000099700000, 0x0000000099700000, 0x0000000099800000|  0%| F|  |TAMS 0x0000000099700000, 0x0000000099700000| Untracked 
| 408|0x0000000099800000, 0x0000000099800000, 0x0000000099900000|  0%| F|  |TAMS 0x0000000099800000, 0x0000000099800000| Untracked 
| 409|0x0000000099900000, 0x0000000099900000, 0x0000000099a00000|  0%| F|  |TAMS 0x0000000099900000, 0x0000000099900000| Untracked 
| 410|0x0000000099a00000, 0x0000000099a00000, 0x0000000099b00000|  0%| F|  |TAMS 0x0000000099a00000, 0x0000000099a00000| Untracked 
| 411|0x0000000099b00000, 0x0000000099b00000, 0x0000000099c00000|  0%| F|  |TAMS 0x0000000099b00000, 0x0000000099b00000| Untracked 
| 412|0x0000000099c00000, 0x0000000099c00000, 0x0000000099d00000|  0%| F|  |TAMS 0x0000000099c00000, 0x0000000099c00000| Untracked 
| 413|0x0000000099d00000, 0x0000000099d00000, 0x0000000099e00000|  0%| F|  |TAMS 0x0000000099d00000, 0x0000000099d00000| Untracked 
| 414|0x0000000099e00000, 0x0000000099e00000, 0x0000000099f00000|  0%| F|  |TAMS 0x0000000099e00000, 0x0000000099e00000| Untracked 
| 415|0x0000000099f00000, 0x0000000099f00000, 0x000000009a000000|  0%| F|  |TAMS 0x0000000099f00000, 0x0000000099f00000| Untracked 
| 416|0x000000009a000000, 0x000000009a000000, 0x000000009a100000|  0%| F|  |TAMS 0x000000009a000000, 0x000000009a000000| Untracked 
| 417|0x000000009a100000, 0x000000009a100000, 0x000000009a200000|  0%| F|  |TAMS 0x000000009a100000, 0x000000009a100000| Untracked 
| 418|0x000000009a200000, 0x000000009a200000, 0x000000009a300000|  0%| F|  |TAMS 0x000000009a200000, 0x000000009a200000| Untracked 
| 419|0x000000009a300000, 0x000000009a300000, 0x000000009a400000|  0%| F|  |TAMS 0x000000009a300000, 0x000000009a300000| Untracked 
| 420|0x000000009a400000, 0x000000009a400000, 0x000000009a500000|  0%| F|  |TAMS 0x000000009a400000, 0x000000009a400000| Untracked 
| 421|0x000000009a500000, 0x000000009a500000, 0x000000009a600000|  0%| F|  |TAMS 0x000000009a500000, 0x000000009a500000| Untracked 
| 422|0x000000009a600000, 0x000000009a600000, 0x000000009a700000|  0%| F|  |TAMS 0x000000009a600000, 0x000000009a600000| Untracked 
| 423|0x000000009a700000, 0x000000009a700000, 0x000000009a800000|  0%| F|  |TAMS 0x000000009a700000, 0x000000009a700000| Untracked 
| 424|0x000000009a800000, 0x000000009a800000, 0x000000009a900000|  0%| F|  |TAMS 0x000000009a800000, 0x000000009a800000| Untracked 
| 425|0x000000009a900000, 0x000000009a900000, 0x000000009aa00000|  0%| F|  |TAMS 0x000000009a900000, 0x000000009a900000| Untracked 
| 426|0x000000009aa00000, 0x000000009aa00000, 0x000000009ab00000|  0%| F|  |TAMS 0x000000009aa00000, 0x000000009aa00000| Untracked 
| 427|0x000000009ab00000, 0x000000009ab00000, 0x000000009ac00000|  0%| F|  |TAMS 0x000000009ab00000, 0x000000009ab00000| Untracked 
| 428|0x000000009ac00000, 0x000000009ac00000, 0x000000009ad00000|  0%| F|  |TAMS 0x000000009ac00000, 0x000000009ac00000| Untracked 
| 429|0x000000009ad00000, 0x000000009ad00000, 0x000000009ae00000|  0%| F|  |TAMS 0x000000009ad00000, 0x000000009ad00000| Untracked 
| 430|0x000000009ae00000, 0x000000009ae00000, 0x000000009af00000|  0%| F|  |TAMS 0x000000009ae00000, 0x000000009ae00000| Untracked 
| 431|0x000000009af00000, 0x000000009af00000, 0x000000009b000000|  0%| F|  |TAMS 0x000000009af00000, 0x000000009af00000| Untracked 
| 432|0x000000009b000000, 0x000000009b000000, 0x000000009b100000|  0%| F|  |TAMS 0x000000009b000000, 0x000000009b000000| Untracked 
| 433|0x000000009b100000, 0x000000009b100000, 0x000000009b200000|  0%| F|  |TAMS 0x000000009b100000, 0x000000009b100000| Untracked 
| 434|0x000000009b200000, 0x000000009b200000, 0x000000009b300000|  0%| F|  |TAMS 0x000000009b200000, 0x000000009b200000| Untracked 
| 435|0x000000009b300000, 0x000000009b300000, 0x000000009b400000|  0%| F|  |TAMS 0x000000009b300000, 0x000000009b300000| Untracked 
| 436|0x000000009b400000, 0x000000009b400000, 0x000000009b500000|  0%| F|  |TAMS 0x000000009b400000, 0x000000009b400000| Untracked 
| 437|0x000000009b500000, 0x000000009b500000, 0x000000009b600000|  0%| F|  |TAMS 0x000000009b500000, 0x000000009b500000| Untracked 
| 438|0x000000009b600000, 0x000000009b600000, 0x000000009b700000|  0%| F|  |TAMS 0x000000009b600000, 0x000000009b600000| Untracked 
| 439|0x000000009b700000, 0x000000009b700000, 0x000000009b800000|  0%| F|  |TAMS 0x000000009b700000, 0x000000009b700000| Untracked 
| 440|0x000000009b800000, 0x000000009b800000, 0x000000009b900000|  0%| F|  |TAMS 0x000000009b800000, 0x000000009b800000| Untracked 
| 441|0x000000009b900000, 0x000000009b900000, 0x000000009ba00000|  0%| F|  |TAMS 0x000000009b900000, 0x000000009b900000| Untracked 
| 442|0x000000009ba00000, 0x000000009ba00000, 0x000000009bb00000|  0%| F|  |TAMS 0x000000009ba00000, 0x000000009ba00000| Untracked 
| 443|0x000000009bb00000, 0x000000009bb00000, 0x000000009bc00000|  0%| F|  |TAMS 0x000000009bb00000, 0x000000009bb00000| Untracked 
| 444|0x000000009bc00000, 0x000000009bc00000, 0x000000009bd00000|  0%| F|  |TAMS 0x000000009bc00000, 0x000000009bc00000| Untracked 
| 445|0x000000009bd00000, 0x000000009bd00000, 0x000000009be00000|  0%| F|  |TAMS 0x000000009bd00000, 0x000000009bd00000| Untracked 
| 446|0x000000009be00000, 0x000000009be00000, 0x000000009bf00000|  0%| F|  |TAMS 0x000000009be00000, 0x000000009be00000| Untracked 
| 447|0x000000009bf00000, 0x000000009bf00000, 0x000000009c000000|  0%| F|  |TAMS 0x000000009bf00000, 0x000000009bf00000| Untracked 
| 448|0x000000009c000000, 0x000000009c000000, 0x000000009c100000|  0%| F|  |TAMS 0x000000009c000000, 0x000000009c000000| Untracked 
| 449|0x000000009c100000, 0x000000009c100000, 0x000000009c200000|  0%| F|  |TAMS 0x000000009c100000, 0x000000009c100000| Untracked 
| 450|0x000000009c200000, 0x000000009c200000, 0x000000009c300000|  0%| F|  |TAMS 0x000000009c200000, 0x000000009c200000| Untracked 
| 451|0x000000009c300000, 0x000000009c300000, 0x000000009c400000|  0%| F|  |TAMS 0x000000009c300000, 0x000000009c300000| Untracked 
| 452|0x000000009c400000, 0x000000009c400000, 0x000000009c500000|  0%| F|  |TAMS 0x000000009c400000, 0x000000009c400000| Untracked 
| 453|0x000000009c500000, 0x000000009c500000, 0x000000009c600000|  0%| F|  |TAMS 0x000000009c500000, 0x000000009c500000| Untracked 
| 454|0x000000009c600000, 0x000000009c600000, 0x000000009c700000|  0%| F|  |TAMS 0x000000009c600000, 0x000000009c600000| Untracked 
| 455|0x000000009c700000, 0x000000009c700000, 0x000000009c800000|  0%| F|  |TAMS 0x000000009c700000, 0x000000009c700000| Untracked 
| 456|0x000000009c800000, 0x000000009c800000, 0x000000009c900000|  0%| F|  |TAMS 0x000000009c800000, 0x000000009c800000| Untracked 
| 457|0x000000009c900000, 0x000000009c900000, 0x000000009ca00000|  0%| F|  |TAMS 0x000000009c900000, 0x000000009c900000| Untracked 
| 458|0x000000009ca00000, 0x000000009ca00000, 0x000000009cb00000|  0%| F|  |TAMS 0x000000009ca00000, 0x000000009ca00000| Untracked 
| 459|0x000000009cb00000, 0x000000009cb00000, 0x000000009cc00000|  0%| F|  |TAMS 0x000000009cb00000, 0x000000009cb00000| Untracked 
| 460|0x000000009cc00000, 0x000000009cc00000, 0x000000009cd00000|  0%| F|  |TAMS 0x000000009cc00000, 0x000000009cc00000| Untracked 
| 461|0x000000009cd00000, 0x000000009cd00000, 0x000000009ce00000|  0%| F|  |TAMS 0x000000009cd00000, 0x000000009cd00000| Untracked 
| 462|0x000000009ce00000, 0x000000009ce00000, 0x000000009cf00000|  0%| F|  |TAMS 0x000000009ce00000, 0x000000009ce00000| Untracked 
| 463|0x000000009cf00000, 0x000000009cf00000, 0x000000009d000000|  0%| F|  |TAMS 0x000000009cf00000, 0x000000009cf00000| Untracked 
| 464|0x000000009d000000, 0x000000009d000000, 0x000000009d100000|  0%| F|  |TAMS 0x000000009d000000, 0x000000009d000000| Untracked 
| 465|0x000000009d100000, 0x000000009d100000, 0x000000009d200000|  0%| F|  |TAMS 0x000000009d100000, 0x000000009d100000| Untracked 
| 466|0x000000009d200000, 0x000000009d200000, 0x000000009d300000|  0%| F|  |TAMS 0x000000009d200000, 0x000000009d200000| Untracked 
| 467|0x000000009d300000, 0x000000009d300000, 0x000000009d400000|  0%| F|  |TAMS 0x000000009d300000, 0x000000009d300000| Untracked 
| 468|0x000000009d400000, 0x000000009d400000, 0x000000009d500000|  0%| F|  |TAMS 0x000000009d400000, 0x000000009d400000| Untracked 
| 469|0x000000009d500000, 0x000000009d500000, 0x000000009d600000|  0%| F|  |TAMS 0x000000009d500000, 0x000000009d500000| Untracked 
| 470|0x000000009d600000, 0x000000009d600000, 0x000000009d700000|  0%| F|  |TAMS 0x000000009d600000, 0x000000009d600000| Untracked 
| 471|0x000000009d700000, 0x000000009d700000, 0x000000009d800000|  0%| F|  |TAMS 0x000000009d700000, 0x000000009d700000| Untracked 
| 472|0x000000009d800000, 0x000000009d800000, 0x000000009d900000|  0%| F|  |TAMS 0x000000009d800000, 0x000000009d800000| Untracked 
| 473|0x000000009d900000, 0x000000009d900000, 0x000000009da00000|  0%| F|  |TAMS 0x000000009d900000, 0x000000009d900000| Untracked 
| 474|0x000000009da00000, 0x000000009da00000, 0x000000009db00000|  0%| F|  |TAMS 0x000000009da00000, 0x000000009da00000| Untracked 
| 475|0x000000009db00000, 0x000000009db00000, 0x000000009dc00000|  0%| F|  |TAMS 0x000000009db00000, 0x000000009db00000| Untracked 
| 476|0x000000009dc00000, 0x000000009dc00000, 0x000000009dd00000|  0%| F|  |TAMS 0x000000009dc00000, 0x000000009dc00000| Untracked 
| 477|0x000000009dd00000, 0x000000009dd00000, 0x000000009de00000|  0%| F|  |TAMS 0x000000009dd00000, 0x000000009dd00000| Untracked 
| 478|0x000000009de00000, 0x000000009de00000, 0x000000009df00000|  0%| F|  |TAMS 0x000000009de00000, 0x000000009de00000| Untracked 
| 479|0x000000009df00000, 0x000000009df00000, 0x000000009e000000|  0%| F|  |TAMS 0x000000009df00000, 0x000000009df00000| Untracked 
| 480|0x000000009e000000, 0x000000009e000000, 0x000000009e100000|  0%| F|  |TAMS 0x000000009e000000, 0x000000009e000000| Untracked 
| 481|0x000000009e100000, 0x000000009e100000, 0x000000009e200000|  0%| F|  |TAMS 0x000000009e100000, 0x000000009e100000| Untracked 
| 482|0x000000009e200000, 0x000000009e200000, 0x000000009e300000|  0%| F|  |TAMS 0x000000009e200000, 0x000000009e200000| Untracked 
| 483|0x000000009e300000, 0x000000009e300000, 0x000000009e400000|  0%| F|  |TAMS 0x000000009e300000, 0x000000009e300000| Untracked 
| 484|0x000000009e400000, 0x000000009e400000, 0x000000009e500000|  0%| F|  |TAMS 0x000000009e400000, 0x000000009e400000| Untracked 
| 485|0x000000009e500000, 0x000000009e500000, 0x000000009e600000|  0%| F|  |TAMS 0x000000009e500000, 0x000000009e500000| Untracked 
| 486|0x000000009e600000, 0x000000009e600000, 0x000000009e700000|  0%| F|  |TAMS 0x000000009e600000, 0x000000009e600000| Untracked 
| 487|0x000000009e700000, 0x000000009e700000, 0x000000009e800000|  0%| F|  |TAMS 0x000000009e700000, 0x000000009e700000| Untracked 
| 488|0x000000009e800000, 0x000000009e800000, 0x000000009e900000|  0%| F|  |TAMS 0x000000009e800000, 0x000000009e800000| Untracked 
| 489|0x000000009e900000, 0x000000009e900000, 0x000000009ea00000|  0%| F|  |TAMS 0x000000009e900000, 0x000000009e900000| Untracked 
| 490|0x000000009ea00000, 0x000000009ea00000, 0x000000009eb00000|  0%| F|  |TAMS 0x000000009ea00000, 0x000000009ea00000| Untracked 
| 491|0x000000009eb00000, 0x000000009eb00000, 0x000000009ec00000|  0%| F|  |TAMS 0x000000009eb00000, 0x000000009eb00000| Untracked 
| 492|0x000000009ec00000, 0x000000009ec00000, 0x000000009ed00000|  0%| F|  |TAMS 0x000000009ec00000, 0x000000009ec00000| Untracked 
| 493|0x000000009ed00000, 0x000000009ed00000, 0x000000009ee00000|  0%| F|  |TAMS 0x000000009ed00000, 0x000000009ed00000| Untracked 
| 494|0x000000009ee00000, 0x000000009ee00000, 0x000000009ef00000|  0%| F|  |TAMS 0x000000009ee00000, 0x000000009ee00000| Untracked 
| 495|0x000000009ef00000, 0x000000009ef00000, 0x000000009f000000|  0%| F|  |TAMS 0x000000009ef00000, 0x000000009ef00000| Untracked 
| 496|0x000000009f000000, 0x000000009f000000, 0x000000009f100000|  0%| F|  |TAMS 0x000000009f000000, 0x000000009f000000| Untracked 
| 497|0x000000009f100000, 0x000000009f100000, 0x000000009f200000|  0%| F|  |TAMS 0x000000009f100000, 0x000000009f100000| Untracked 
| 498|0x000000009f200000, 0x000000009f200000, 0x000000009f300000|  0%| F|  |TAMS 0x000000009f200000, 0x000000009f200000| Untracked 
| 499|0x000000009f300000, 0x000000009f300000, 0x000000009f400000|  0%| F|  |TAMS 0x000000009f300000, 0x000000009f300000| Untracked 
| 500|0x000000009f400000, 0x000000009f400000, 0x000000009f500000|  0%| F|  |TAMS 0x000000009f400000, 0x000000009f400000| Untracked 
| 501|0x000000009f500000, 0x000000009f500000, 0x000000009f600000|  0%| F|  |TAMS 0x000000009f500000, 0x000000009f500000| Untracked 
| 502|0x000000009f600000, 0x000000009f600000, 0x000000009f700000|  0%| F|  |TAMS 0x000000009f600000, 0x000000009f600000| Untracked 
| 503|0x000000009f700000, 0x000000009f700000, 0x000000009f800000|  0%| F|  |TAMS 0x000000009f700000, 0x000000009f700000| Untracked 
| 504|0x000000009f800000, 0x000000009f800000, 0x000000009f900000|  0%| F|  |TAMS 0x000000009f800000, 0x000000009f800000| Untracked 
| 505|0x000000009f900000, 0x000000009f900000, 0x000000009fa00000|  0%| F|  |TAMS 0x000000009f900000, 0x000000009f900000| Untracked 
| 506|0x000000009fa00000, 0x000000009fa00000, 0x000000009fb00000|  0%| F|  |TAMS 0x000000009fa00000, 0x000000009fa00000| Untracked 
| 507|0x000000009fb00000, 0x000000009fb00000, 0x000000009fc00000|  0%| F|  |TAMS 0x000000009fb00000, 0x000000009fb00000| Untracked 
| 508|0x000000009fc00000, 0x000000009fc00000, 0x000000009fd00000|  0%| F|  |TAMS 0x000000009fc00000, 0x000000009fc00000| Untracked 
| 509|0x000000009fd00000, 0x000000009fd00000, 0x000000009fe00000|  0%| F|  |TAMS 0x000000009fd00000, 0x000000009fd00000| Untracked 
| 510|0x000000009fe00000, 0x000000009fe00000, 0x000000009ff00000|  0%| F|  |TAMS 0x000000009fe00000, 0x000000009fe00000| Untracked 
| 511|0x000000009ff00000, 0x000000009ff00000, 0x00000000a0000000|  0%| F|  |TAMS 0x000000009ff00000, 0x000000009ff00000| Untracked 
| 512|0x00000000a0000000, 0x00000000a0000000, 0x00000000a0100000|  0%| F|  |TAMS 0x00000000a0000000, 0x00000000a0000000| Untracked 
| 513|0x00000000a0100000, 0x00000000a0100000, 0x00000000a0200000|  0%| F|  |TAMS 0x00000000a0100000, 0x00000000a0100000| Untracked 
| 514|0x00000000a0200000, 0x00000000a0200000, 0x00000000a0300000|  0%| F|  |TAMS 0x00000000a0200000, 0x00000000a0200000| Untracked 
| 515|0x00000000a0300000, 0x00000000a0300000, 0x00000000a0400000|  0%| F|  |TAMS 0x00000000a0300000, 0x00000000a0300000| Untracked 
| 516|0x00000000a0400000, 0x00000000a0400000, 0x00000000a0500000|  0%| F|  |TAMS 0x00000000a0400000, 0x00000000a0400000| Untracked 
| 517|0x00000000a0500000, 0x00000000a0500000, 0x00000000a0600000|  0%| F|  |TAMS 0x00000000a0500000, 0x00000000a0500000| Untracked 
| 518|0x00000000a0600000, 0x00000000a0600000, 0x00000000a0700000|  0%| F|  |TAMS 0x00000000a0600000, 0x00000000a0600000| Untracked 
| 519|0x00000000a0700000, 0x00000000a0700000, 0x00000000a0800000|  0%| F|  |TAMS 0x00000000a0700000, 0x00000000a0700000| Untracked 
| 520|0x00000000a0800000, 0x00000000a0800000, 0x00000000a0900000|  0%| F|  |TAMS 0x00000000a0800000, 0x00000000a0800000| Untracked 
| 521|0x00000000a0900000, 0x00000000a0900000, 0x00000000a0a00000|  0%| F|  |TAMS 0x00000000a0900000, 0x00000000a0900000| Untracked 
| 522|0x00000000a0a00000, 0x00000000a0a00000, 0x00000000a0b00000|  0%| F|  |TAMS 0x00000000a0a00000, 0x00000000a0a00000| Untracked 
| 523|0x00000000a0b00000, 0x00000000a0b00000, 0x00000000a0c00000|  0%| F|  |TAMS 0x00000000a0b00000, 0x00000000a0b00000| Untracked 
| 524|0x00000000a0c00000, 0x00000000a0c00000, 0x00000000a0d00000|  0%| F|  |TAMS 0x00000000a0c00000, 0x00000000a0c00000| Untracked 
| 525|0x00000000a0d00000, 0x00000000a0d00000, 0x00000000a0e00000|  0%| F|  |TAMS 0x00000000a0d00000, 0x00000000a0d00000| Untracked 
| 526|0x00000000a0e00000, 0x00000000a0e00000, 0x00000000a0f00000|  0%| F|  |TAMS 0x00000000a0e00000, 0x00000000a0e00000| Untracked 
| 527|0x00000000a0f00000, 0x00000000a0f00000, 0x00000000a1000000|  0%| F|  |TAMS 0x00000000a0f00000, 0x00000000a0f00000| Untracked 
| 528|0x00000000a1000000, 0x00000000a1000000, 0x00000000a1100000|  0%| F|  |TAMS 0x00000000a1000000, 0x00000000a1000000| Untracked 
| 529|0x00000000a1100000, 0x00000000a1100000, 0x00000000a1200000|  0%| F|  |TAMS 0x00000000a1100000, 0x00000000a1100000| Untracked 
| 530|0x00000000a1200000, 0x00000000a1200000, 0x00000000a1300000|  0%| F|  |TAMS 0x00000000a1200000, 0x00000000a1200000| Untracked 
| 531|0x00000000a1300000, 0x00000000a1300000, 0x00000000a1400000|  0%| F|  |TAMS 0x00000000a1300000, 0x00000000a1300000| Untracked 
| 532|0x00000000a1400000, 0x00000000a1400000, 0x00000000a1500000|  0%| F|  |TAMS 0x00000000a1400000, 0x00000000a1400000| Untracked 
| 533|0x00000000a1500000, 0x00000000a1500000, 0x00000000a1600000|  0%| F|  |TAMS 0x00000000a1500000, 0x00000000a1500000| Untracked 
| 534|0x00000000a1600000, 0x00000000a1600000, 0x00000000a1700000|  0%| F|  |TAMS 0x00000000a1600000, 0x00000000a1600000| Untracked 
| 535|0x00000000a1700000, 0x00000000a1700000, 0x00000000a1800000|  0%| F|  |TAMS 0x00000000a1700000, 0x00000000a1700000| Untracked 
| 536|0x00000000a1800000, 0x00000000a1800000, 0x00000000a1900000|  0%| F|  |TAMS 0x00000000a1800000, 0x00000000a1800000| Untracked 
| 537|0x00000000a1900000, 0x00000000a1900000, 0x00000000a1a00000|  0%| F|  |TAMS 0x00000000a1900000, 0x00000000a1900000| Untracked 
| 538|0x00000000a1a00000, 0x00000000a1a00000, 0x00000000a1b00000|  0%| F|  |TAMS 0x00000000a1a00000, 0x00000000a1a00000| Untracked 
| 539|0x00000000a1b00000, 0x00000000a1b00000, 0x00000000a1c00000|  0%| F|  |TAMS 0x00000000a1b00000, 0x00000000a1b00000| Untracked 
| 540|0x00000000a1c00000, 0x00000000a1c00000, 0x00000000a1d00000|  0%| F|  |TAMS 0x00000000a1c00000, 0x00000000a1c00000| Untracked 
| 541|0x00000000a1d00000, 0x00000000a1d00000, 0x00000000a1e00000|  0%| F|  |TAMS 0x00000000a1d00000, 0x00000000a1d00000| Untracked 
| 542|0x00000000a1e00000, 0x00000000a1e00000, 0x00000000a1f00000|  0%| F|  |TAMS 0x00000000a1e00000, 0x00000000a1e00000| Untracked 
| 543|0x00000000a1f00000, 0x00000000a1f00000, 0x00000000a2000000|  0%| F|  |TAMS 0x00000000a1f00000, 0x00000000a1f00000| Untracked 
| 544|0x00000000a2000000, 0x00000000a2000000, 0x00000000a2100000|  0%| F|  |TAMS 0x00000000a2000000, 0x00000000a2000000| Untracked 
| 545|0x00000000a2100000, 0x00000000a2100000, 0x00000000a2200000|  0%| F|  |TAMS 0x00000000a2100000, 0x00000000a2100000| Untracked 
| 546|0x00000000a2200000, 0x00000000a2200000, 0x00000000a2300000|  0%| F|  |TAMS 0x00000000a2200000, 0x00000000a2200000| Untracked 
| 547|0x00000000a2300000, 0x00000000a2300000, 0x00000000a2400000|  0%| F|  |TAMS 0x00000000a2300000, 0x00000000a2300000| Untracked 
| 548|0x00000000a2400000, 0x00000000a2400000, 0x00000000a2500000|  0%| F|  |TAMS 0x00000000a2400000, 0x00000000a2400000| Untracked 
| 549|0x00000000a2500000, 0x00000000a2500000, 0x00000000a2600000|  0%| F|  |TAMS 0x00000000a2500000, 0x00000000a2500000| Untracked 
| 550|0x00000000a2600000, 0x00000000a2600000, 0x00000000a2700000|  0%| F|  |TAMS 0x00000000a2600000, 0x00000000a2600000| Untracked 
| 551|0x00000000a2700000, 0x00000000a2700000, 0x00000000a2800000|  0%| F|  |TAMS 0x00000000a2700000, 0x00000000a2700000| Untracked 
| 552|0x00000000a2800000, 0x00000000a2800000, 0x00000000a2900000|  0%| F|  |TAMS 0x00000000a2800000, 0x00000000a2800000| Untracked 
| 553|0x00000000a2900000, 0x00000000a2900000, 0x00000000a2a00000|  0%| F|  |TAMS 0x00000000a2900000, 0x00000000a2900000| Untracked 
| 554|0x00000000a2a00000, 0x00000000a2a00000, 0x00000000a2b00000|  0%| F|  |TAMS 0x00000000a2a00000, 0x00000000a2a00000| Untracked 
| 555|0x00000000a2b00000, 0x00000000a2b00000, 0x00000000a2c00000|  0%| F|  |TAMS 0x00000000a2b00000, 0x00000000a2b00000| Untracked 
| 556|0x00000000a2c00000, 0x00000000a2c00000, 0x00000000a2d00000|  0%| F|  |TAMS 0x00000000a2c00000, 0x00000000a2c00000| Untracked 
| 557|0x00000000a2d00000, 0x00000000a2d00000, 0x00000000a2e00000|  0%| F|  |TAMS 0x00000000a2d00000, 0x00000000a2d00000| Untracked 
| 558|0x00000000a2e00000, 0x00000000a2e00000, 0x00000000a2f00000|  0%| F|  |TAMS 0x00000000a2e00000, 0x00000000a2e00000| Untracked 
| 559|0x00000000a2f00000, 0x00000000a2f00000, 0x00000000a3000000|  0%| F|  |TAMS 0x00000000a2f00000, 0x00000000a2f00000| Untracked 
| 560|0x00000000a3000000, 0x00000000a3000000, 0x00000000a3100000|  0%| F|  |TAMS 0x00000000a3000000, 0x00000000a3000000| Untracked 
| 561|0x00000000a3100000, 0x00000000a3100000, 0x00000000a3200000|  0%| F|  |TAMS 0x00000000a3100000, 0x00000000a3100000| Untracked 
| 562|0x00000000a3200000, 0x00000000a3200000, 0x00000000a3300000|  0%| F|  |TAMS 0x00000000a3200000, 0x00000000a3200000| Untracked 
| 563|0x00000000a3300000, 0x00000000a3300000, 0x00000000a3400000|  0%| F|  |TAMS 0x00000000a3300000, 0x00000000a3300000| Untracked 
| 564|0x00000000a3400000, 0x00000000a3400000, 0x00000000a3500000|  0%| F|  |TAMS 0x00000000a3400000, 0x00000000a3400000| Untracked 
| 565|0x00000000a3500000, 0x00000000a3500000, 0x00000000a3600000|  0%| F|  |TAMS 0x00000000a3500000, 0x00000000a3500000| Untracked 
| 566|0x00000000a3600000, 0x00000000a3600000, 0x00000000a3700000|  0%| F|  |TAMS 0x00000000a3600000, 0x00000000a3600000| Untracked 
| 567|0x00000000a3700000, 0x00000000a3700000, 0x00000000a3800000|  0%| F|  |TAMS 0x00000000a3700000, 0x00000000a3700000| Untracked 
| 568|0x00000000a3800000, 0x00000000a3800000, 0x00000000a3900000|  0%| F|  |TAMS 0x00000000a3800000, 0x00000000a3800000| Untracked 
| 569|0x00000000a3900000, 0x00000000a3900000, 0x00000000a3a00000|  0%| F|  |TAMS 0x00000000a3900000, 0x00000000a3900000| Untracked 
| 570|0x00000000a3a00000, 0x00000000a3a00000, 0x00000000a3b00000|  0%| F|  |TAMS 0x00000000a3a00000, 0x00000000a3a00000| Untracked 
| 571|0x00000000a3b00000, 0x00000000a3b00000, 0x00000000a3c00000|  0%| F|  |TAMS 0x00000000a3b00000, 0x00000000a3b00000| Untracked 
| 572|0x00000000a3c00000, 0x00000000a3c00000, 0x00000000a3d00000|  0%| F|  |TAMS 0x00000000a3c00000, 0x00000000a3c00000| Untracked 
| 573|0x00000000a3d00000, 0x00000000a3d00000, 0x00000000a3e00000|  0%| F|  |TAMS 0x00000000a3d00000, 0x00000000a3d00000| Untracked 
| 574|0x00000000a3e00000, 0x00000000a3e00000, 0x00000000a3f00000|  0%| F|  |TAMS 0x00000000a3e00000, 0x00000000a3e00000| Untracked 
| 575|0x00000000a3f00000, 0x00000000a3f00000, 0x00000000a4000000|  0%| F|  |TAMS 0x00000000a3f00000, 0x00000000a3f00000| Untracked 
| 576|0x00000000a4000000, 0x00000000a4000000, 0x00000000a4100000|  0%| F|  |TAMS 0x00000000a4000000, 0x00000000a4000000| Untracked 
| 577|0x00000000a4100000, 0x00000000a4100000, 0x00000000a4200000|  0%| F|  |TAMS 0x00000000a4100000, 0x00000000a4100000| Untracked 
| 578|0x00000000a4200000, 0x00000000a4200000, 0x00000000a4300000|  0%| F|  |TAMS 0x00000000a4200000, 0x00000000a4200000| Untracked 
| 579|0x00000000a4300000, 0x00000000a4300000, 0x00000000a4400000|  0%| F|  |TAMS 0x00000000a4300000, 0x00000000a4300000| Untracked 
| 580|0x00000000a4400000, 0x00000000a4400000, 0x00000000a4500000|  0%| F|  |TAMS 0x00000000a4400000, 0x00000000a4400000| Untracked 
| 581|0x00000000a4500000, 0x00000000a4500000, 0x00000000a4600000|  0%| F|  |TAMS 0x00000000a4500000, 0x00000000a4500000| Untracked 
| 582|0x00000000a4600000, 0x00000000a4600000, 0x00000000a4700000|  0%| F|  |TAMS 0x00000000a4600000, 0x00000000a4600000| Untracked 
| 583|0x00000000a4700000, 0x00000000a4700000, 0x00000000a4800000|  0%| F|  |TAMS 0x00000000a4700000, 0x00000000a4700000| Untracked 
| 584|0x00000000a4800000, 0x00000000a4800000, 0x00000000a4900000|  0%| F|  |TAMS 0x00000000a4800000, 0x00000000a4800000| Untracked 
| 585|0x00000000a4900000, 0x00000000a4900000, 0x00000000a4a00000|  0%| F|  |TAMS 0x00000000a4900000, 0x00000000a4900000| Untracked 
| 586|0x00000000a4a00000, 0x00000000a4a00000, 0x00000000a4b00000|  0%| F|  |TAMS 0x00000000a4a00000, 0x00000000a4a00000| Untracked 
| 587|0x00000000a4b00000, 0x00000000a4b00000, 0x00000000a4c00000|  0%| F|  |TAMS 0x00000000a4b00000, 0x00000000a4b00000| Untracked 
| 588|0x00000000a4c00000, 0x00000000a4c00000, 0x00000000a4d00000|  0%| F|  |TAMS 0x00000000a4c00000, 0x00000000a4c00000| Untracked 
| 589|0x00000000a4d00000, 0x00000000a4d00000, 0x00000000a4e00000|  0%| F|  |TAMS 0x00000000a4d00000, 0x00000000a4d00000| Untracked 
| 590|0x00000000a4e00000, 0x00000000a4e00000, 0x00000000a4f00000|  0%| F|  |TAMS 0x00000000a4e00000, 0x00000000a4e00000| Untracked 
| 591|0x00000000a4f00000, 0x00000000a4f00000, 0x00000000a5000000|  0%| F|  |TAMS 0x00000000a4f00000, 0x00000000a4f00000| Untracked 
| 592|0x00000000a5000000, 0x00000000a5000000, 0x00000000a5100000|  0%| F|  |TAMS 0x00000000a5000000, 0x00000000a5000000| Untracked 
| 593|0x00000000a5100000, 0x00000000a5100000, 0x00000000a5200000|  0%| F|  |TAMS 0x00000000a5100000, 0x00000000a5100000| Untracked 
| 594|0x00000000a5200000, 0x00000000a5200000, 0x00000000a5300000|  0%| F|  |TAMS 0x00000000a5200000, 0x00000000a5200000| Untracked 
| 595|0x00000000a5300000, 0x00000000a5300000, 0x00000000a5400000|  0%| F|  |TAMS 0x00000000a5300000, 0x00000000a5300000| Untracked 
| 596|0x00000000a5400000, 0x00000000a5400000, 0x00000000a5500000|  0%| F|  |TAMS 0x00000000a5400000, 0x00000000a5400000| Untracked 
| 597|0x00000000a5500000, 0x00000000a5500000, 0x00000000a5600000|  0%| F|  |TAMS 0x00000000a5500000, 0x00000000a5500000| Untracked 
| 598|0x00000000a5600000, 0x00000000a5600000, 0x00000000a5700000|  0%| F|  |TAMS 0x00000000a5600000, 0x00000000a5600000| Untracked 
| 599|0x00000000a5700000, 0x00000000a5700000, 0x00000000a5800000|  0%| F|  |TAMS 0x00000000a5700000, 0x00000000a5700000| Untracked 
| 600|0x00000000a5800000, 0x00000000a5800000, 0x00000000a5900000|  0%| F|  |TAMS 0x00000000a5800000, 0x00000000a5800000| Untracked 
| 601|0x00000000a5900000, 0x00000000a5900000, 0x00000000a5a00000|  0%| F|  |TAMS 0x00000000a5900000, 0x00000000a5900000| Untracked 
| 602|0x00000000a5a00000, 0x00000000a5a00000, 0x00000000a5b00000|  0%| F|  |TAMS 0x00000000a5a00000, 0x00000000a5a00000| Untracked 
| 603|0x00000000a5b00000, 0x00000000a5b00000, 0x00000000a5c00000|  0%| F|  |TAMS 0x00000000a5b00000, 0x00000000a5b00000| Untracked 
| 604|0x00000000a5c00000, 0x00000000a5c00000, 0x00000000a5d00000|  0%| F|  |TAMS 0x00000000a5c00000, 0x00000000a5c00000| Untracked 
| 605|0x00000000a5d00000, 0x00000000a5d00000, 0x00000000a5e00000|  0%| F|  |TAMS 0x00000000a5d00000, 0x00000000a5d00000| Untracked 
| 606|0x00000000a5e00000, 0x00000000a5e00000, 0x00000000a5f00000|  0%| F|  |TAMS 0x00000000a5e00000, 0x00000000a5e00000| Untracked 
| 607|0x00000000a5f00000, 0x00000000a5f00000, 0x00000000a6000000|  0%| F|  |TAMS 0x00000000a5f00000, 0x00000000a5f00000| Untracked 
| 608|0x00000000a6000000, 0x00000000a6000000, 0x00000000a6100000|  0%| F|  |TAMS 0x00000000a6000000, 0x00000000a6000000| Untracked 
| 609|0x00000000a6100000, 0x00000000a6100000, 0x00000000a6200000|  0%| F|  |TAMS 0x00000000a6100000, 0x00000000a6100000| Untracked 
| 610|0x00000000a6200000, 0x00000000a6200000, 0x00000000a6300000|  0%| F|  |TAMS 0x00000000a6200000, 0x00000000a6200000| Untracked 
| 611|0x00000000a6300000, 0x00000000a6300000, 0x00000000a6400000|  0%| F|  |TAMS 0x00000000a6300000, 0x00000000a6300000| Untracked 
| 612|0x00000000a6400000, 0x00000000a6400000, 0x00000000a6500000|  0%| F|  |TAMS 0x00000000a6400000, 0x00000000a6400000| Untracked 
| 613|0x00000000a6500000, 0x00000000a6500000, 0x00000000a6600000|  0%| F|  |TAMS 0x00000000a6500000, 0x00000000a6500000| Untracked 
| 614|0x00000000a6600000, 0x00000000a6600000, 0x00000000a6700000|  0%| F|  |TAMS 0x00000000a6600000, 0x00000000a6600000| Untracked 
| 615|0x00000000a6700000, 0x00000000a6700000, 0x00000000a6800000|  0%| F|  |TAMS 0x00000000a6700000, 0x00000000a6700000| Untracked 
| 616|0x00000000a6800000, 0x00000000a6800000, 0x00000000a6900000|  0%| F|  |TAMS 0x00000000a6800000, 0x00000000a6800000| Untracked 
| 617|0x00000000a6900000, 0x00000000a6900000, 0x00000000a6a00000|  0%| F|  |TAMS 0x00000000a6900000, 0x00000000a6900000| Untracked 
| 618|0x00000000a6a00000, 0x00000000a6a00000, 0x00000000a6b00000|  0%| F|  |TAMS 0x00000000a6a00000, 0x00000000a6a00000| Untracked 
| 619|0x00000000a6b00000, 0x00000000a6b00000, 0x00000000a6c00000|  0%| F|  |TAMS 0x00000000a6b00000, 0x00000000a6b00000| Untracked 
| 620|0x00000000a6c00000, 0x00000000a6c00000, 0x00000000a6d00000|  0%| F|  |TAMS 0x00000000a6c00000, 0x00000000a6c00000| Untracked 
| 621|0x00000000a6d00000, 0x00000000a6d00000, 0x00000000a6e00000|  0%| F|  |TAMS 0x00000000a6d00000, 0x00000000a6d00000| Untracked 
| 622|0x00000000a6e00000, 0x00000000a6e00000, 0x00000000a6f00000|  0%| F|  |TAMS 0x00000000a6e00000, 0x00000000a6e00000| Untracked 
| 623|0x00000000a6f00000, 0x00000000a6f00000, 0x00000000a7000000|  0%| F|  |TAMS 0x00000000a6f00000, 0x00000000a6f00000| Untracked 
| 624|0x00000000a7000000, 0x00000000a7000000, 0x00000000a7100000|  0%| F|  |TAMS 0x00000000a7000000, 0x00000000a7000000| Untracked 
| 625|0x00000000a7100000, 0x00000000a7100000, 0x00000000a7200000|  0%| F|  |TAMS 0x00000000a7100000, 0x00000000a7100000| Untracked 
| 626|0x00000000a7200000, 0x00000000a7200000, 0x00000000a7300000|  0%| F|  |TAMS 0x00000000a7200000, 0x00000000a7200000| Untracked 
| 627|0x00000000a7300000, 0x00000000a7300000, 0x00000000a7400000|  0%| F|  |TAMS 0x00000000a7300000, 0x00000000a7300000| Untracked 
| 628|0x00000000a7400000, 0x00000000a7400000, 0x00000000a7500000|  0%| F|  |TAMS 0x00000000a7400000, 0x00000000a7400000| Untracked 
| 629|0x00000000a7500000, 0x00000000a7500000, 0x00000000a7600000|  0%| F|  |TAMS 0x00000000a7500000, 0x00000000a7500000| Untracked 
| 630|0x00000000a7600000, 0x00000000a7600000, 0x00000000a7700000|  0%| F|  |TAMS 0x00000000a7600000, 0x00000000a7600000| Untracked 
| 631|0x00000000a7700000, 0x00000000a7700000, 0x00000000a7800000|  0%| F|  |TAMS 0x00000000a7700000, 0x00000000a7700000| Untracked 
| 632|0x00000000a7800000, 0x00000000a7800000, 0x00000000a7900000|  0%| F|  |TAMS 0x00000000a7800000, 0x00000000a7800000| Untracked 
| 633|0x00000000a7900000, 0x00000000a7900000, 0x00000000a7a00000|  0%| F|  |TAMS 0x00000000a7900000, 0x00000000a7900000| Untracked 
| 634|0x00000000a7a00000, 0x00000000a7a00000, 0x00000000a7b00000|  0%| F|  |TAMS 0x00000000a7a00000, 0x00000000a7a00000| Untracked 
| 635|0x00000000a7b00000, 0x00000000a7b00000, 0x00000000a7c00000|  0%| F|  |TAMS 0x00000000a7b00000, 0x00000000a7b00000| Untracked 
| 636|0x00000000a7c00000, 0x00000000a7c00000, 0x00000000a7d00000|  0%| F|  |TAMS 0x00000000a7c00000, 0x00000000a7c00000| Untracked 
| 637|0x00000000a7d00000, 0x00000000a7d00000, 0x00000000a7e00000|  0%| F|  |TAMS 0x00000000a7d00000, 0x00000000a7d00000| Untracked 
| 638|0x00000000a7e00000, 0x00000000a7e00000, 0x00000000a7f00000|  0%| F|  |TAMS 0x00000000a7e00000, 0x00000000a7e00000| Untracked 
| 639|0x00000000a7f00000, 0x00000000a7f00000, 0x00000000a8000000|  0%| F|  |TAMS 0x00000000a7f00000, 0x00000000a7f00000| Untracked 
| 640|0x00000000a8000000, 0x00000000a8000000, 0x00000000a8100000|  0%| F|  |TAMS 0x00000000a8000000, 0x00000000a8000000| Untracked 
| 641|0x00000000a8100000, 0x00000000a8100000, 0x00000000a8200000|  0%| F|  |TAMS 0x00000000a8100000, 0x00000000a8100000| Untracked 
| 642|0x00000000a8200000, 0x00000000a8200000, 0x00000000a8300000|  0%| F|  |TAMS 0x00000000a8200000, 0x00000000a8200000| Untracked 
| 643|0x00000000a8300000, 0x00000000a8300000, 0x00000000a8400000|  0%| F|  |TAMS 0x00000000a8300000, 0x00000000a8300000| Untracked 
| 644|0x00000000a8400000, 0x00000000a8400000, 0x00000000a8500000|  0%| F|  |TAMS 0x00000000a8400000, 0x00000000a8400000| Untracked 
| 645|0x00000000a8500000, 0x00000000a8500000, 0x00000000a8600000|  0%| F|  |TAMS 0x00000000a8500000, 0x00000000a8500000| Untracked 
| 646|0x00000000a8600000, 0x00000000a8600000, 0x00000000a8700000|  0%| F|  |TAMS 0x00000000a8600000, 0x00000000a8600000| Untracked 
| 647|0x00000000a8700000, 0x00000000a8700000, 0x00000000a8800000|  0%| F|  |TAMS 0x00000000a8700000, 0x00000000a8700000| Untracked 
| 648|0x00000000a8800000, 0x00000000a8800000, 0x00000000a8900000|  0%| F|  |TAMS 0x00000000a8800000, 0x00000000a8800000| Untracked 
| 649|0x00000000a8900000, 0x00000000a8900000, 0x00000000a8a00000|  0%| F|  |TAMS 0x00000000a8900000, 0x00000000a8900000| Untracked 
| 650|0x00000000a8a00000, 0x00000000a8a00000, 0x00000000a8b00000|  0%| F|  |TAMS 0x00000000a8a00000, 0x00000000a8a00000| Untracked 
| 651|0x00000000a8b00000, 0x00000000a8b00000, 0x00000000a8c00000|  0%| F|  |TAMS 0x00000000a8b00000, 0x00000000a8b00000| Untracked 
| 652|0x00000000a8c00000, 0x00000000a8c00000, 0x00000000a8d00000|  0%| F|  |TAMS 0x00000000a8c00000, 0x00000000a8c00000| Untracked 
| 653|0x00000000a8d00000, 0x00000000a8d00000, 0x00000000a8e00000|  0%| F|  |TAMS 0x00000000a8d00000, 0x00000000a8d00000| Untracked 
| 654|0x00000000a8e00000, 0x00000000a8e00000, 0x00000000a8f00000|  0%| F|  |TAMS 0x00000000a8e00000, 0x00000000a8e00000| Untracked 
| 655|0x00000000a8f00000, 0x00000000a8f00000, 0x00000000a9000000|  0%| F|  |TAMS 0x00000000a8f00000, 0x00000000a8f00000| Untracked 
| 656|0x00000000a9000000, 0x00000000a9000000, 0x00000000a9100000|  0%| F|  |TAMS 0x00000000a9000000, 0x00000000a9000000| Untracked 
| 657|0x00000000a9100000, 0x00000000a9100000, 0x00000000a9200000|  0%| F|  |TAMS 0x00000000a9100000, 0x00000000a9100000| Untracked 
| 658|0x00000000a9200000, 0x00000000a9200000, 0x00000000a9300000|  0%| F|  |TAMS 0x00000000a9200000, 0x00000000a9200000| Untracked 
| 659|0x00000000a9300000, 0x00000000a9300000, 0x00000000a9400000|  0%| F|  |TAMS 0x00000000a9300000, 0x00000000a9300000| Untracked 
| 660|0x00000000a9400000, 0x00000000a9400000, 0x00000000a9500000|  0%| F|  |TAMS 0x00000000a9400000, 0x00000000a9400000| Untracked 
| 661|0x00000000a9500000, 0x00000000a9500000, 0x00000000a9600000|  0%| F|  |TAMS 0x00000000a9500000, 0x00000000a9500000| Untracked 
| 662|0x00000000a9600000, 0x00000000a9600000, 0x00000000a9700000|  0%| F|  |TAMS 0x00000000a9600000, 0x00000000a9600000| Untracked 
| 663|0x00000000a9700000, 0x00000000a9700000, 0x00000000a9800000|  0%| F|  |TAMS 0x00000000a9700000, 0x00000000a9700000| Untracked 
| 664|0x00000000a9800000, 0x00000000a9800000, 0x00000000a9900000|  0%| F|  |TAMS 0x00000000a9800000, 0x00000000a9800000| Untracked 
| 665|0x00000000a9900000, 0x00000000a9900000, 0x00000000a9a00000|  0%| F|  |TAMS 0x00000000a9900000, 0x00000000a9900000| Untracked 
| 666|0x00000000a9a00000, 0x00000000a9a00000, 0x00000000a9b00000|  0%| F|  |TAMS 0x00000000a9a00000, 0x00000000a9a00000| Untracked 
| 667|0x00000000a9b00000, 0x00000000a9b00000, 0x00000000a9c00000|  0%| F|  |TAMS 0x00000000a9b00000, 0x00000000a9b00000| Untracked 
| 668|0x00000000a9c00000, 0x00000000a9c00000, 0x00000000a9d00000|  0%| F|  |TAMS 0x00000000a9c00000, 0x00000000a9c00000| Untracked 
| 669|0x00000000a9d00000, 0x00000000a9d00000, 0x00000000a9e00000|  0%| F|  |TAMS 0x00000000a9d00000, 0x00000000a9d00000| Untracked 
| 670|0x00000000a9e00000, 0x00000000a9e00000, 0x00000000a9f00000|  0%| F|  |TAMS 0x00000000a9e00000, 0x00000000a9e00000| Untracked 
| 671|0x00000000a9f00000, 0x00000000a9f00000, 0x00000000aa000000|  0%| F|  |TAMS 0x00000000a9f00000, 0x00000000a9f00000| Untracked 
| 672|0x00000000aa000000, 0x00000000aa000000, 0x00000000aa100000|  0%| F|  |TAMS 0x00000000aa000000, 0x00000000aa000000| Untracked 
| 673|0x00000000aa100000, 0x00000000aa100000, 0x00000000aa200000|  0%| F|  |TAMS 0x00000000aa100000, 0x00000000aa100000| Untracked 
| 674|0x00000000aa200000, 0x00000000aa200000, 0x00000000aa300000|  0%| F|  |TAMS 0x00000000aa200000, 0x00000000aa200000| Untracked 
| 675|0x00000000aa300000, 0x00000000aa300000, 0x00000000aa400000|  0%| F|  |TAMS 0x00000000aa300000, 0x00000000aa300000| Untracked 
| 676|0x00000000aa400000, 0x00000000aa400000, 0x00000000aa500000|  0%| F|  |TAMS 0x00000000aa400000, 0x00000000aa400000| Untracked 
| 677|0x00000000aa500000, 0x00000000aa500000, 0x00000000aa600000|  0%| F|  |TAMS 0x00000000aa500000, 0x00000000aa500000| Untracked 
| 678|0x00000000aa600000, 0x00000000aa600000, 0x00000000aa700000|  0%| F|  |TAMS 0x00000000aa600000, 0x00000000aa600000| Untracked 
| 679|0x00000000aa700000, 0x00000000aa700000, 0x00000000aa800000|  0%| F|  |TAMS 0x00000000aa700000, 0x00000000aa700000| Untracked 
| 680|0x00000000aa800000, 0x00000000aa800000, 0x00000000aa900000|  0%| F|  |TAMS 0x00000000aa800000, 0x00000000aa800000| Untracked 
| 681|0x00000000aa900000, 0x00000000aa900000, 0x00000000aaa00000|  0%| F|  |TAMS 0x00000000aa900000, 0x00000000aa900000| Untracked 
| 682|0x00000000aaa00000, 0x00000000aaa00000, 0x00000000aab00000|  0%| F|  |TAMS 0x00000000aaa00000, 0x00000000aaa00000| Untracked 
| 683|0x00000000aab00000, 0x00000000aab00000, 0x00000000aac00000|  0%| F|  |TAMS 0x00000000aab00000, 0x00000000aab00000| Untracked 
| 684|0x00000000aac00000, 0x00000000aac80800, 0x00000000aad00000| 50%| E|  |TAMS 0x00000000aac00000, 0x00000000aac00000| Complete 
| 685|0x00000000aad00000, 0x00000000aae00000, 0x00000000aae00000|100%| E|CS|TAMS 0x00000000aad00000, 0x00000000aad00000| Complete 
| 686|0x00000000aae00000, 0x00000000aaf00000, 0x00000000aaf00000|100%| E|CS|TAMS 0x00000000aae00000, 0x00000000aae00000| Complete 
| 687|0x00000000aaf00000, 0x00000000ab000000, 0x00000000ab000000|100%| E|CS|TAMS 0x00000000aaf00000, 0x00000000aaf00000| Complete 
| 688|0x00000000ab000000, 0x00000000ab100000, 0x00000000ab100000|100%| E|CS|TAMS 0x00000000ab000000, 0x00000000ab000000| Complete 
| 689|0x00000000ab100000, 0x00000000ab200000, 0x00000000ab200000|100%| E|CS|TAMS 0x00000000ab100000, 0x00000000ab100000| Complete 
| 690|0x00000000ab200000, 0x00000000ab300000, 0x00000000ab300000|100%| E|CS|TAMS 0x00000000ab200000, 0x00000000ab200000| Complete 
| 691|0x00000000ab300000, 0x00000000ab400000, 0x00000000ab400000|100%| E|CS|TAMS 0x00000000ab300000, 0x00000000ab300000| Complete 
| 692|0x00000000ab400000, 0x00000000ab500000, 0x00000000ab500000|100%| E|CS|TAMS 0x00000000ab400000, 0x00000000ab400000| Complete 
| 693|0x00000000ab500000, 0x00000000ab600000, 0x00000000ab600000|100%| E|CS|TAMS 0x00000000ab500000, 0x00000000ab500000| Complete 
| 694|0x00000000ab600000, 0x00000000ab700000, 0x00000000ab700000|100%| E|CS|TAMS 0x00000000ab600000, 0x00000000ab600000| Complete 
| 695|0x00000000ab700000, 0x00000000ab800000, 0x00000000ab800000|100%| E|CS|TAMS 0x00000000ab700000, 0x00000000ab700000| Complete 
| 696|0x00000000ab800000, 0x00000000ab900000, 0x00000000ab900000|100%| E|CS|TAMS 0x00000000ab800000, 0x00000000ab800000| Complete 
| 697|0x00000000ab900000, 0x00000000aba00000, 0x00000000aba00000|100%| S|CS|TAMS 0x00000000ab900000, 0x00000000ab900000| Complete 
| 698|0x00000000aba00000, 0x00000000abb00000, 0x00000000abb00000|100%| S|CS|TAMS 0x00000000aba00000, 0x00000000aba00000| Complete 
| 699|0x00000000abb00000, 0x00000000abc00000, 0x00000000abc00000|100%| S|CS|TAMS 0x00000000abb00000, 0x00000000abb00000| Complete 
| 700|0x00000000abc00000, 0x00000000abd00000, 0x00000000abd00000|100%| E|CS|TAMS 0x00000000abc00000, 0x00000000abc00000| Complete 
| 701|0x00000000abd00000, 0x00000000abe00000, 0x00000000abe00000|100%| E|CS|TAMS 0x00000000abd00000, 0x00000000abd00000| Complete 
| 702|0x00000000abe00000, 0x00000000abf00000, 0x00000000abf00000|100%| E|CS|TAMS 0x00000000abe00000, 0x00000000abe00000| Complete 
| 703|0x00000000abf00000, 0x00000000ac000000, 0x00000000ac000000|100%| E|CS|TAMS 0x00000000abf00000, 0x00000000abf00000| Complete 
| 704|0x00000000ac000000, 0x00000000ac100000, 0x00000000ac100000|100%| E|CS|TAMS 0x00000000ac000000, 0x00000000ac000000| Complete 
| 705|0x00000000ac100000, 0x00000000ac200000, 0x00000000ac200000|100%| E|CS|TAMS 0x00000000ac100000, 0x00000000ac100000| Complete 
| 706|0x00000000ac200000, 0x00000000ac300000, 0x00000000ac300000|100%| E|CS|TAMS 0x00000000ac200000, 0x00000000ac200000| Complete 
| 707|0x00000000ac300000, 0x00000000ac400000, 0x00000000ac400000|100%| E|CS|TAMS 0x00000000ac300000, 0x00000000ac300000| Complete 
| 708|0x00000000ac400000, 0x00000000ac500000, 0x00000000ac500000|100%| E|CS|TAMS 0x00000000ac400000, 0x00000000ac400000| Complete 
| 709|0x00000000ac500000, 0x00000000ac600000, 0x00000000ac600000|100%| E|CS|TAMS 0x00000000ac500000, 0x00000000ac500000| Complete 
| 710|0x00000000ac600000, 0x00000000ac700000, 0x00000000ac700000|100%| E|CS|TAMS 0x00000000ac600000, 0x00000000ac600000| Complete 
| 711|0x00000000ac700000, 0x00000000ac800000, 0x00000000ac800000|100%| E|CS|TAMS 0x00000000ac700000, 0x00000000ac700000| Complete 
| 712|0x00000000ac800000, 0x00000000ac900000, 0x00000000ac900000|100%| E|CS|TAMS 0x00000000ac800000, 0x00000000ac800000| Complete 
| 713|0x00000000ac900000, 0x00000000aca00000, 0x00000000aca00000|100%| E|CS|TAMS 0x00000000ac900000, 0x00000000ac900000| Complete 
| 714|0x00000000aca00000, 0x00000000acb00000, 0x00000000acb00000|100%| E|CS|TAMS 0x00000000aca00000, 0x00000000aca00000| Complete 
| 715|0x00000000acb00000, 0x00000000acc00000, 0x00000000acc00000|100%| E|CS|TAMS 0x00000000acb00000, 0x00000000acb00000| Complete 
| 716|0x00000000acc00000, 0x00000000acd00000, 0x00000000acd00000|100%| E|CS|TAMS 0x00000000acc00000, 0x00000000acc00000| Complete 
| 717|0x00000000acd00000, 0x00000000ace00000, 0x00000000ace00000|100%| E|CS|TAMS 0x00000000acd00000, 0x00000000acd00000| Complete 
| 718|0x00000000ace00000, 0x00000000acf00000, 0x00000000acf00000|100%| E|CS|TAMS 0x00000000ace00000, 0x00000000ace00000| Complete 

Card table byte_map: [0x00000157b7a10000,0x00000157b7e10000] _byte_map_base: 0x00000157b7610000

Marking Bits (Prev, Next): (CMBitMap*) 0x00000157a084b410, (CMBitMap*) 0x00000157a084b450
 Prev Bits: [0x00000157b8210000, 0x00000157ba210000)
 Next Bits: [0x00000157ba210000, 0x00000157bc210000)

Polling page: 0x000001579e980000

Metaspace:

Usage:
  Non-class:    131.04 MB used.
      Class:     20.55 MB used.
       Both:    151.59 MB used.

Virtual space:
  Non-class space:      192.00 MB reserved,     132.25 MB ( 69%) committed,  3 nodes.
      Class space:      416.00 MB reserved,      21.44 MB (  5%) committed,  1 nodes.
             Both:      608.00 MB reserved,     153.69 MB ( 25%) committed. 

Chunk freelists:
   Non-Class:  11.42 MB
       Class:  10.58 MB
        Both:  21.99 MB

MaxMetaspaceSize: 512.00 MB
CompressedClassSpaceSize: 416.00 MB
Initial GC threshold: 21.00 MB
Current GC threshold: 256.06 MB
CDS: on
MetaspaceReclaimPolicy: balanced
 - commit_granule_bytes: 65536.
 - commit_granule_words: 8192.
 - virtual_space_node_default_size: 8388608.
 - enlarge_chunks_in_place: 1.
 - new_chunks_are_fully_committed: 0.
 - uncommit_free_chunks: 1.
 - use_allocation_guard: 0.
 - handle_deallocations: 1.


Internal statistics:

num_allocs_failed_limit: 6.
num_arena_births: 2582.
num_arena_deaths: 36.
num_vsnodes_births: 4.
num_vsnodes_deaths: 0.
num_space_committed: 2464.
num_space_uncommitted: 6.
num_chunks_returned_to_freelist: 104.
num_chunks_taken_from_freelist: 9714.
num_chunk_merges: 26.
num_chunk_splits: 6229.
num_chunks_enlarged: 3884.
num_inconsistent_stats: 0.

CodeHeap 'non-profiled nmethods': size=120000Kb used=15448Kb max_used=15659Kb free=104551Kb
 bounds [0x00000157afb70000, 0x00000157b0ad0000, 0x00000157b70a0000]
CodeHeap 'profiled nmethods': size=120000Kb used=53527Kb max_used=55453Kb free=66472Kb
 bounds [0x00000157a80a0000, 0x00000157ab6d0000, 0x00000157af5d0000]
CodeHeap 'non-nmethods': size=5760Kb used=2516Kb max_used=2577Kb free=3243Kb
 bounds [0x00000157af5d0000, 0x00000157af860000, 0x00000157afb70000]
 total_blobs=25789 nmethods=24724 adapters=973
 compilation: enabled
              stopped_count=0, restarted_count=0
 full_count=0

Compilation events (20 events):
Event: 193.983 Thread 0x00000157bee84360 30722       2       com.google.common.collect.Hashing::smearedHash (16 bytes)
Event: 193.984 Thread 0x00000157bee84360 nmethod 30722 0x00000157aa460c90 code [0x00000157aa460e40, 0x00000157aa460f78]
Event: 193.984 Thread 0x00000157bee84360 30723       2       java.nio.StringCharBuffer::get (19 bytes)
Event: 193.985 Thread 0x00000157bee84360 nmethod 30723 0x00000157aaafb490 code [0x00000157aaafb640, 0x00000157aaafb858]
Event: 194.002 Thread 0x00000157bee84360 30725       2       com.google.common.collect.HashBiMap::seekByKey (47 bytes)
Event: 194.003 Thread 0x00000157bee84360 nmethod 30725 0x00000157aa7fd290 code [0x00000157aa7fd440, 0x00000157aa7fd6c8]
Event: 194.006 Thread 0x00000157bee84360 30727       3       com.android.build.gradle.internal.matcher.FileNameWithPrefixPathMatcher::matches (37 bytes)
Event: 194.007 Thread 0x00000157bee84360 nmethod 30727 0x00000157a908ac10 code [0x00000157a908ade0, 0x00000157a908b208]
Event: 194.009 Thread 0x00000157bee84360 30728       2       java.util.zip.Deflater::deflate (9 bytes)
Event: 194.010 Thread 0x00000157bee84360 nmethod 30728 0x00000157aa465890 code [0x00000157aa465a20, 0x00000157aa465b48]
Event: 194.010 Thread 0x00000157bee84360 30729       2       com.android.tools.build.apkzlib.bytestorage.LruTracker$$Lambda$4169/0x00000157c1571408::compare (12 bytes)
Event: 194.011 Thread 0x00000157bee84360 nmethod 30729 0x00000157aab04910 code [0x00000157aab04aa0, 0x00000157aab04c38]
Event: 194.011 Thread 0x00000157bee84360 30730       2       com.android.tools.build.apkzlib.bytestorage.LruTracker::lambda$new$0 (10 bytes)
Event: 194.012 Thread 0x00000157bee84360 nmethod 30730 0x00000157aa6cb210 code [0x00000157aa6cb3a0, 0x00000157aa6cb498]
Event: 194.016 Thread 0x00000157bee84360 30732       2       com.google.common.util.concurrent.SettableFuture::set (6 bytes)
Event: 194.017 Thread 0x00000157bee84360 nmethod 30732 0x00000157aa779690 code [0x00000157aa779820, 0x00000157aa779948]
Event: 194.029 Thread 0x00000157bee84360 30735       2       com.android.tools.build.apkzlib.bytestorage.SwitchableDelegateInputStream::skipDataIfNeeded (51 bytes)
Event: 194.104 Thread 0x00000157bee84360 nmethod 30735 0x00000157aa94e210 code [0x00000157aa94e3c0, 0x00000157aa94e638]
Event: 194.234 Thread 0x00000157bee84360 30736       2       org.gradle.cache.internal.DefaultFileLockManager::access$100 (4 bytes)
Event: 194.234 Thread 0x00000157bee84360 nmethod 30736 0x00000157aa795790 code [0x00000157aa795920, 0x00000157aa795a18]

GC Heap History (20 events):
Event: 183.851 GC heap before
{Heap before GC invocations=71 (full 0):
 garbage-first heap   total 459776K, used 404956K [0x0000000080000000, 0x0000000100000000)
  region size 1024K, 68 young (69632K), 4 survivors (4096K)
 Metaspace       used 153449K, committed 155392K, reserved 622592K
  class space    used 20780K, committed 21696K, reserved 425984K
}
Event: 183.862 GC heap after
{Heap after GC invocations=72 (full 0):
 garbage-first heap   total 459776K, used 344786K [0x0000000080000000, 0x0000000100000000)
  region size 1024K, 9 young (9216K), 9 survivors (9216K)
 Metaspace       used 153449K, committed 155392K, reserved 622592K
  class space    used 20780K, committed 21696K, reserved 425984K
}
Event: 183.964 GC heap before
{Heap before GC invocations=72 (full 0):
 garbage-first heap   total 459776K, used 397010K [0x0000000080000000, 0x0000000100000000)
  region size 1024K, 61 young (62464K), 9 survivors (9216K)
 Metaspace       used 153493K, committed 155392K, reserved 622592K
  class space    used 20789K, committed 21696K, reserved 425984K
}
Event: 183.978 GC heap after
{Heap after GC invocations=73 (full 0):
 garbage-first heap   total 459776K, used 354492K [0x0000000080000000, 0x0000000100000000)
  region size 1024K, 8 young (8192K), 8 survivors (8192K)
 Metaspace       used 153493K, committed 155392K, reserved 622592K
  class space    used 20789K, committed 21696K, reserved 425984K
}
Event: 184.124 GC heap before
{Heap before GC invocations=73 (full 0):
 garbage-first heap   total 459776K, used 396476K [0x0000000080000000, 0x0000000100000000)
  region size 1024K, 50 young (51200K), 8 survivors (8192K)
 Metaspace       used 153564K, committed 155456K, reserved 622592K
  class space    used 20792K, committed 21696K, reserved 425984K
}
Event: 184.130 GC heap after
{Heap after GC invocations=74 (full 0):
 garbage-first heap   total 459776K, used 353103K [0x0000000080000000, 0x0000000100000000)
  region size 1024K, 2 young (2048K), 2 survivors (2048K)
 Metaspace       used 153564K, committed 155456K, reserved 622592K
  class space    used 20792K, committed 21696K, reserved 425984K
}
Event: 184.777 GC heap before
{Heap before GC invocations=74 (full 0):
 garbage-first heap   total 459776K, used 398159K [0x0000000080000000, 0x0000000100000000)
  region size 1024K, 46 young (47104K), 2 survivors (2048K)
 Metaspace       used 153667K, committed 155520K, reserved 622592K
  class space    used 20792K, committed 21696K, reserved 425984K
}
Event: 184.782 GC heap after
{Heap after GC invocations=75 (full 0):
 garbage-first heap   total 459776K, used 351387K [0x0000000080000000, 0x0000000100000000)
  region size 1024K, 2 young (2048K), 2 survivors (2048K)
 Metaspace       used 153667K, committed 155520K, reserved 622592K
  class space    used 20792K, committed 21696K, reserved 425984K
}
Event: 185.177 GC heap before
{Heap before GC invocations=75 (full 0):
 garbage-first heap   total 459776K, used 398491K [0x0000000080000000, 0x0000000100000000)
  region size 1024K, 49 young (50176K), 2 survivors (2048K)
 Metaspace       used 153983K, committed 155840K, reserved 622592K
  class space    used 20825K, committed 21696K, reserved 425984K
}
Event: 185.182 GC heap after
{Heap after GC invocations=76 (full 0):
 garbage-first heap   total 459776K, used 353626K [0x0000000080000000, 0x0000000100000000)
  region size 1024K, 5 young (5120K), 5 survivors (5120K)
 Metaspace       used 153983K, committed 155840K, reserved 622592K
  class space    used 20825K, committed 21696K, reserved 425984K
}
Event: 185.520 GC heap before
{Heap before GC invocations=76 (full 0):
 garbage-first heap   total 459776K, used 399706K [0x0000000080000000, 0x0000000100000000)
  region size 1024K, 51 young (52224K), 5 survivors (5120K)
 Metaspace       used 155304K, committed 157120K, reserved 622592K
  class space    used 21025K, committed 21888K, reserved 425984K
}
Event: 185.533 GC heap after
{Heap after GC invocations=77 (full 0):
 garbage-first heap   total 459776K, used 368096K [0x0000000080000000, 0x0000000100000000)
  region size 1024K, 7 young (7168K), 7 survivors (7168K)
 Metaspace       used 155304K, committed 157120K, reserved 622592K
  class space    used 21025K, committed 21888K, reserved 425984K
}
Event: 185.825 GC heap before
{Heap before GC invocations=77 (full 0):
 garbage-first heap   total 459776K, used 397792K [0x0000000080000000, 0x0000000100000000)
  region size 1024K, 37 young (37888K), 7 survivors (7168K)
 Metaspace       used 155740K, committed 157632K, reserved 622592K
  class space    used 21064K, committed 21952K, reserved 425984K
}
Event: 185.858 GC heap after
{Heap after GC invocations=78 (full 0):
 garbage-first heap   total 459776K, used 375232K [0x0000000080000000, 0x0000000100000000)
  region size 1024K, 5 young (5120K), 5 survivors (5120K)
 Metaspace       used 155740K, committed 157632K, reserved 622592K
  class space    used 21064K, committed 21952K, reserved 425984K
}
Event: 186.211 GC heap before
{Heap before GC invocations=78 (full 0):
 garbage-first heap   total 459776K, used 397760K [0x0000000080000000, 0x0000000100000000)
  region size 1024K, 28 young (28672K), 5 survivors (5120K)
 Metaspace       used 155766K, committed 157632K, reserved 622592K
  class space    used 21065K, committed 21952K, reserved 425984K
}
Event: 186.228 GC heap after
{Heap after GC invocations=79 (full 0):
 garbage-first heap   total 626688K, used 379674K [0x0000000080000000, 0x0000000100000000)
  region size 1024K, 4 young (4096K), 4 survivors (4096K)
 Metaspace       used 155766K, committed 157632K, reserved 622592K
  class space    used 21065K, committed 21952K, reserved 425984K
}
Event: 193.457 GC heap before
{Heap before GC invocations=80 (full 0):
 garbage-first heap   total 736256K, used 496410K [0x0000000080000000, 0x0000000100000000)
  region size 1024K, 121 young (123904K), 4 survivors (4096K)
 Metaspace       used 154997K, committed 157312K, reserved 622592K
  class space    used 21002K, committed 21952K, reserved 425984K
}
Event: 193.519 GC heap after
{Heap after GC invocations=81 (full 0):
 garbage-first heap   total 736256K, used 383726K [0x0000000080000000, 0x0000000100000000)
  region size 1024K, 16 young (16384K), 16 survivors (16384K)
 Metaspace       used 154997K, committed 157312K, reserved 622592K
  class space    used 21002K, committed 21952K, reserved 425984K
}
Event: 194.030 GC heap before
{Heap before GC invocations=81 (full 0):
 garbage-first heap   total 736256K, used 403182K [0x0000000080000000, 0x0000000100000000)
  region size 1024K, 35 young (35840K), 16 survivors (16384K)
 Metaspace       used 155177K, committed 157376K, reserved 622592K
  class space    used 21043K, committed 21952K, reserved 425984K
}
Event: 194.103 GC heap after
{Heap after GC invocations=82 (full 0):
 garbage-first heap   total 736256K, used 346833K [0x0000000080000000, 0x0000000100000000)
  region size 1024K, 3 young (3072K), 3 survivors (3072K)
 Metaspace       used 155177K, committed 157376K, reserved 622592K
  class space    used 21043K, committed 21952K, reserved 425984K
}

Deoptimization events (20 events):
Event: 193.955 Thread 0x00000157eb12bf50 Uncommon trap: trap_request=0xffffffde fr.pc=0x00000157b0a7e714 relative=0x0000000000000074
Event: 193.955 Thread 0x00000157eb12bf50 Uncommon trap: reason=class_check action=maybe_recompile pc=0x00000157b0a7e714 method=com.android.tools.build.apkzlib.zip.CentralDirectoryHeader.getCompressionInfoWithWait()Lcom/android/tools/build/apkzlib/zip/CentralDirectoryHeaderCompressInfo; @ 4 c2
Event: 193.955 Thread 0x00000157eb12bf50 DEOPT PACKING pc=0x00000157b0a7e714 sp=0x00000039c39fde00
Event: 193.955 Thread 0x00000157eb12bf50 DEOPT UNPACKING pc=0x00000157af6223a3 sp=0x00000039c39fdd80 mode 2
Event: 193.974 Thread 0x00000157eb12bf50 Uncommon trap: trap_request=0xffffffde fr.pc=0x00000157b0a7e714 relative=0x0000000000000074
Event: 193.974 Thread 0x00000157eb12bf50 Uncommon trap: reason=class_check action=maybe_recompile pc=0x00000157b0a7e714 method=com.android.tools.build.apkzlib.zip.CentralDirectoryHeader.getCompressionInfoWithWait()Lcom/android/tools/build/apkzlib/zip/CentralDirectoryHeaderCompressInfo; @ 4 c2
Event: 193.974 Thread 0x00000157eb12bf50 DEOPT PACKING pc=0x00000157b0a7e714 sp=0x00000039c39fde10
Event: 193.974 Thread 0x00000157eb12bf50 DEOPT UNPACKING pc=0x00000157af6223a3 sp=0x00000039c39fdd90 mode 2
Event: 193.975 Thread 0x00000157eb12bf50 Uncommon trap: trap_request=0xffffffde fr.pc=0x00000157b07cef64 relative=0x00000000000004a4
Event: 193.975 Thread 0x00000157eb12bf50 Uncommon trap: reason=class_check action=maybe_recompile pc=0x00000157b07cef64 method=java.util.TreeSet.iterator()Ljava/util/Iterator; @ 4 c2
Event: 193.975 Thread 0x00000157eb12bf50 DEOPT PACKING pc=0x00000157b07cef64 sp=0x00000039c39fdd80
Event: 193.975 Thread 0x00000157eb12bf50 DEOPT UNPACKING pc=0x00000157af6223a3 sp=0x00000039c39fdd40 mode 2
Event: 193.986 Thread 0x00000157eb12bf50 Uncommon trap: trap_request=0xffffffde fr.pc=0x00000157b07cef64 relative=0x00000000000004a4
Event: 193.986 Thread 0x00000157eb12bf50 Uncommon trap: reason=class_check action=maybe_recompile pc=0x00000157b07cef64 method=java.util.TreeSet.iterator()Ljava/util/Iterator; @ 4 c2
Event: 193.986 Thread 0x00000157eb12bf50 DEOPT PACKING pc=0x00000157b07cef64 sp=0x00000039c39fdd80
Event: 193.986 Thread 0x00000157eb12bf50 DEOPT UNPACKING pc=0x00000157af6223a3 sp=0x00000039c39fdd40 mode 2
Event: 193.993 Thread 0x00000157eb12bf50 Uncommon trap: trap_request=0xffffffde fr.pc=0x00000157b07cef64 relative=0x00000000000004a4
Event: 193.993 Thread 0x00000157eb12bf50 Uncommon trap: reason=class_check action=maybe_recompile pc=0x00000157b07cef64 method=java.util.TreeSet.iterator()Ljava/util/Iterator; @ 4 c2
Event: 193.994 Thread 0x00000157eb12bf50 DEOPT PACKING pc=0x00000157b07cef64 sp=0x00000039c39fdd80
Event: 193.994 Thread 0x00000157eb12bf50 DEOPT UNPACKING pc=0x00000157af6223a3 sp=0x00000039c39fdd40 mode 2

Classes unloaded (20 events):
Event: 187.344 Thread 0x00000157bee59be0 Unloading class 0x00000157c11e9b50 'jdk/internal/jimage/ImageReader$SharedImageReader'
Event: 187.344 Thread 0x00000157bee59be0 Unloading class 0x00000157c11e9890 'jdk/internal/jimage/BasicImageReader'
Event: 187.344 Thread 0x00000157bee59be0 Unloading class 0x00000157c11e9670 'jdk/internal/jimage/ImageReader'
Event: 187.344 Thread 0x00000157bee59be0 Unloading class 0x00000157c11e9448 'jdk/internal/jrtfs/SystemImage$2'
Event: 187.344 Thread 0x00000157bee59be0 Unloading class 0x00000157c11e9230 'jdk/internal/jrtfs/SystemImage$$Lambda$2588+0x00000157c11e9230'
Event: 187.344 Thread 0x00000157bee59be0 Unloading class 0x00000157c11e9000 'jdk/internal/jrtfs/ExplodedImage'
Event: 187.344 Thread 0x00000157bee59be0 Unloading class 0x00000157c11e8dc8 'jdk/internal/jrtfs/SystemImage$1'
Event: 187.344 Thread 0x00000157bee59be0 Unloading class 0x00000157c11e8bb0 'jdk/internal/jrtfs/SystemImage'
Event: 187.344 Thread 0x00000157bee59be0 Unloading class 0x00000157c11e8950 'jdk/internal/jrtfs/JrtFileStore'
Event: 187.344 Thread 0x00000157bee59be0 Unloading class 0x00000157c11e85d8 'jdk/internal/jrtfs/JrtPath'
Event: 187.344 Thread 0x00000157bee59be0 Unloading class 0x00000157c11e82e0 'jdk/internal/jrtfs/JrtFileSystem'
Event: 187.344 Thread 0x00000157bee59be0 Unloading class 0x00000157c11e8000 'jdk/internal/jrtfs/JrtFileSystemProvider'
Event: 187.344 Thread 0x00000157bee59be0 Unloading class 0x00000157c103a400 'java/lang/invoke/LambdaForm$MH+0x00000157c103a400'
Event: 187.344 Thread 0x00000157bee59be0 Unloading class 0x00000157c1039800 'java/lang/invoke/LambdaForm$MH+0x00000157c1039800'
Event: 187.345 Thread 0x00000157bee59be0 Unloading class 0x00000157c1038c00 'java/lang/invoke/LambdaForm$MH+0x00000157c1038c00'
Event: 187.345 Thread 0x00000157bee59be0 Unloading class 0x00000157c1038800 'java/lang/invoke/LambdaForm$MH+0x00000157c1038800'
Event: 187.345 Thread 0x00000157bee59be0 Unloading class 0x00000157c0f91400 'java/lang/invoke/LambdaForm$DMH+0x00000157c0f91400'
Event: 187.346 Thread 0x00000157bee59be0 Unloading class 0x00000157c0f90400 'java/lang/invoke/LambdaForm$DMH+0x00000157c0f90400'
Event: 187.346 Thread 0x00000157bee59be0 Unloading class 0x00000157c0f90c00 'java/lang/invoke/LambdaForm$DMH+0x00000157c0f90c00'
Event: 187.346 Thread 0x00000157bee59be0 Unloading class 0x00000157c0f91000 'java/lang/invoke/LambdaForm$DMH+0x00000157c0f91000'

Classes redefined (0 events):
No events

Internal exceptions (20 events):
Event: 183.961 Thread 0x00000157eb12d8a0 Exception <a 'sun/nio/fs/WindowsException'{0x0000000098fce620}> (0x0000000098fce620) 
thrown [s\open\src\hotspot\share\prims\jni.cpp, line 516]
Event: 183.978 Thread 0x00000157eb12b530 Exception <a 'sun/nio/fs/WindowsException'{0x000000009c025a90}> (0x000000009c025a90) 
thrown [s\open\src\hotspot\share\prims\jni.cpp, line 516]
Event: 185.128 Thread 0x00000157dfb60f00 Exception <a 'sun/nio/fs/WindowsException'{0x000000009948d570}> (0x000000009948d570) 
thrown [s\open\src\hotspot\share\prims\jni.cpp, line 516]
Event: 185.128 Thread 0x00000157dfb60f00 Exception <a 'sun/nio/fs/WindowsException'{0x0000000099490b18}> (0x0000000099490b18) 
thrown [s\open\src\hotspot\share\prims\jni.cpp, line 516]
Event: 185.128 Thread 0x00000157dfb60f00 Exception <a 'sun/nio/fs/WindowsException'{0x0000000099490ba8}> (0x0000000099490ba8) 
thrown [s\open\src\hotspot\share\prims\jni.cpp, line 516]
Event: 185.128 Thread 0x00000157dfb60f00 Exception <a 'sun/nio/fs/WindowsException'{0x0000000099490f38}> (0x0000000099490f38) 
thrown [s\open\src\hotspot\share\prims\jni.cpp, line 516]
Event: 185.155 Thread 0x00000157eb12bf50 Exception <a 'sun/nio/fs/WindowsException'{0x00000000990418f8}> (0x00000000990418f8) 
thrown [s\open\src\hotspot\share\prims\jni.cpp, line 516]
Event: 185.155 Thread 0x00000157eb12bf50 Exception <a 'sun/nio/fs/WindowsException'{0x0000000099041be0}> (0x0000000099041be0) 
thrown [s\open\src\hotspot\share\prims\jni.cpp, line 516]
Event: 185.241 Thread 0x00000157eb126940 Exception <a 'sun/nio/fs/WindowsException'{0x000000009ba24250}> (0x000000009ba24250) 
thrown [s\open\src\hotspot\share\prims\jni.cpp, line 516]
Event: 185.241 Thread 0x00000157eb12d8a0 Exception <a 'sun/nio/fs/WindowsException'{0x000000009ba51db8}> (0x000000009ba51db8) 
thrown [s\open\src\hotspot\share\prims\jni.cpp, line 516]
Event: 185.241 Thread 0x00000157eb1287a0 Exception <a 'sun/nio/fs/WindowsException'{0x000000009ba45d88}> (0x000000009ba45d88) 
thrown [s\open\src\hotspot\share\prims\jni.cpp, line 516]
Event: 185.241 Thread 0x00000157eb12b020 Exception <a 'sun/nio/fs/WindowsException'{0x000000009ba53918}> (0x000000009ba53918) 
thrown [s\open\src\hotspot\share\prims\jni.cpp, line 516]
Event: 185.403 Thread 0x00000157eb1287a0 Exception <a 'java/lang/NoSuchMethodError'{0x000000009a4f2728}: 'long java.lang.invoke.DirectMethodHandle$Holder.invokeStatic(java.lang.Object, java.lang.Object, java.lang.Object)'> (0x000000009a4f2728) 
thrown [s\open\src\hotspot\share\interpreter\linkResolver.cpp, line 759]
Event: 185.403 Thread 0x00000157eb126940 Exception <a 'java/lang/NoSuchMethodError'{0x000000009af9b448}: 'long java.lang.invoke.DirectMethodHandle$Holder.invokeStatic(java.lang.Object, java.lang.Object, java.lang.Object)'> (0x000000009af9b448) 
thrown [s\open\src\hotspot\share\interpreter\linkResolver.cpp, line 759]
Event: 185.423 Thread 0x00000157eb126940 Exception <a 'sun/nio/fs/WindowsException'{0x0000000099f40558}> (0x0000000099f40558) 
thrown [s\open\src\hotspot\share\prims\jni.cpp, line 516]
Event: 185.429 Thread 0x00000157eb1287a0 Exception <a 'sun/nio/fs/WindowsException'{0x0000000099e9d768}> (0x0000000099e9d768) 
thrown [s\open\src\hotspot\share\prims\jni.cpp, line 516]
Event: 186.573 Thread 0x00000157eb12b020 Exception <a 'sun/nio/fs/WindowsException'{0x00000000a4a23280}> (0x00000000a4a23280) 
thrown [s\open\src\hotspot\share\prims\jni.cpp, line 516]
Event: 189.246 Thread 0x00000157eb12d8a0 Exception <a 'sun/nio/fs/WindowsException'{0x00000000ac0b7538}> (0x00000000ac0b7538) 
thrown [s\open\src\hotspot\share\prims\jni.cpp, line 516]
Event: 193.946 Thread 0x00000157eb12bf50 Implicit null exception at 0x00000157b0ab70ea to 0x00000157b0ab713c
Event: 193.946 Thread 0x00000157eb12bf50 Implicit null exception at 0x00000157b0a9a830 to 0x00000157b0a9a847

VM Operations (20 events):
Event: 193.202 Executing VM operation: Cleanup
Event: 193.204 Executing VM operation: Cleanup done
Event: 193.314 Executing VM operation: ICBufferFull
Event: 193.315 Executing VM operation: ICBufferFull done
Event: 193.380 Executing VM operation: HandshakeAllThreads
Event: 193.447 Executing VM operation: HandshakeAllThreads done
Event: 193.449 Executing VM operation: G1CollectForAllocation
Event: 193.521 Executing VM operation: G1CollectForAllocation done
Event: 193.780 Executing VM operation: HandshakeAllThreads
Event: 193.781 Executing VM operation: HandshakeAllThreads done
Event: 193.787 Executing VM operation: HandshakeAllThreads
Event: 193.788 Executing VM operation: HandshakeAllThreads done
Event: 193.819 Executing VM operation: HandshakeAllThreads
Event: 193.819 Executing VM operation: HandshakeAllThreads done
Event: 193.940 Executing VM operation: HandshakeAllThreads
Event: 193.941 Executing VM operation: HandshakeAllThreads done
Event: 193.964 Executing VM operation: HandshakeAllThreads
Event: 193.964 Executing VM operation: HandshakeAllThreads done
Event: 194.029 Executing VM operation: G1CollectForAllocation
Event: 194.103 Executing VM operation: G1CollectForAllocation done

Events (20 events):
Event: 193.848 loading class sun/nio/cs/Surrogate
Event: 193.850 loading class sun/nio/cs/Surrogate done
Event: 193.851 loading class java/nio/StringCharBuffer
Event: 193.855 loading class java/nio/StringCharBuffer done
Event: 193.856 loading class sun/nio/cs/ThreadLocalCoders
Event: 193.856 loading class sun/nio/cs/ThreadLocalCoders done
Event: 193.856 loading class sun/nio/cs/ThreadLocalCoders$1
Event: 193.858 loading class sun/nio/cs/ThreadLocalCoders$Cache
Event: 193.858 loading class sun/nio/cs/ThreadLocalCoders$Cache done
Event: 193.858 loading class sun/nio/cs/ThreadLocalCoders$1 done
Event: 193.858 loading class sun/nio/cs/ThreadLocalCoders$2
Event: 193.861 loading class sun/nio/cs/ThreadLocalCoders$2 done
Event: 193.950 loading class java/util/TreeMap$AscendingSubMap
Event: 193.952 loading class java/util/TreeMap$NavigableSubMap
Event: 193.953 loading class java/util/TreeMap$NavigableSubMap done
Event: 193.953 loading class java/util/TreeMap$AscendingSubMap done
Event: 193.953 loading class java/util/TreeMap$NavigableSubMap$SubMapKeyIterator
Event: 193.954 loading class java/util/TreeMap$NavigableSubMap$SubMapIterator
Event: 193.955 loading class java/util/TreeMap$NavigableSubMap$SubMapIterator done
Event: 193.955 loading class java/util/TreeMap$NavigableSubMap$SubMapKeyIterator done


Dynamic libraries:
0x00007ff675de0000 - 0x00007ff675df0000 	C:\Program Files\Java\jdk-17\bin\java.exe
0x00007fffb3e00000 - 0x00007fffb4068000 	C:\WINDOWS\SYSTEM32\ntdll.dll
0x00007fffb3c20000 - 0x00007fffb3ce9000 	C:\WINDOWS\System32\KERNEL32.DLL
0x00007fffb1340000 - 0x00007fffb1731000 	C:\WINDOWS\System32\KERNELBASE.dll
0x00007fffb11f0000 - 0x00007fffb133b000 	C:\WINDOWS\System32\ucrtbase.dll
0x00007fffada90000 - 0x00007fffadaa9000 	C:\Program Files\Java\jdk-17\bin\jli.dll
0x00007fffb2930000 - 0x00007fffb29e4000 	C:\WINDOWS\System32\ADVAPI32.dll
0x00007fffa77f0000 - 0x00007fffa780b000 	C:\Program Files\Java\jdk-17\bin\VCRUNTIME140.dll
0x00007fffb3d10000 - 0x00007fffb3db9000 	C:\WINDOWS\System32\msvcrt.dll
0x00007fffb1d70000 - 0x00007fffb1e16000 	C:\WINDOWS\System32\sechost.dll
0x00007fffb2810000 - 0x00007fffb2928000 	C:\WINDOWS\System32\RPCRT4.dll
0x00007fffb1ba0000 - 0x00007fffb1d66000 	C:\WINDOWS\System32\USER32.dll
0x00007fffb1ac0000 - 0x00007fffb1ae7000 	C:\WINDOWS\System32\win32u.dll
0x00007fffb2f70000 - 0x00007fffb2f9b000 	C:\WINDOWS\System32\GDI32.dll
0x00007fffb06e0000 - 0x00007fffb080b000 	C:\WINDOWS\System32\gdi32full.dll
0x00007fff8c970000 - 0x00007fff8cc03000 	C:\WINDOWS\WinSxS\amd64_microsoft.windows.common-controls_6595b64144ccf1df_6.0.26100.7824_none_3e0870b2e3345462\COMCTL32.dll
0x00007fffb1af0000 - 0x00007fffb1b93000 	C:\WINDOWS\System32\msvcp_win.dll
0x00007fff9e510000 - 0x00007fff9e51b000 	C:\WINDOWS\SYSTEM32\VERSION.dll
0x00007fffb2fa0000 - 0x00007fffb2fd1000 	C:\WINDOWS\System32\IMM32.DLL
0x00007fffada70000 - 0x00007fffada7c000 	C:\Program Files\Java\jdk-17\bin\vcruntime140_1.dll
0x00007fff79440000 - 0x00007fff794ce000 	C:\Program Files\Java\jdk-17\bin\msvcp140.dll
0x00007fff05550000 - 0x00007fff06130000 	C:\Program Files\Java\jdk-17\bin\server\jvm.dll
0x00007fffb3190000 - 0x00007fffb3198000 	C:\WINDOWS\System32\PSAPI.DLL
0x00007fffabae0000 - 0x00007fffabb15000 	C:\WINDOWS\SYSTEM32\WINMM.dll
0x00007fffab3f0000 - 0x00007fffab3fa000 	C:\WINDOWS\SYSTEM32\WSOCK32.dll
0x00007fffb2ef0000 - 0x00007fffb2f64000 	C:\WINDOWS\System32\WS2_32.dll
0x00007fffaf480000 - 0x00007fffaf49b000 	C:\WINDOWS\SYSTEM32\kernel.appcore.dll
0x00007fffad400000 - 0x00007fffad40a000 	C:\Program Files\Java\jdk-17\bin\jimage.dll
0x00007fffae360000 - 0x00007fffae5a2000 	C:\WINDOWS\SYSTEM32\DBGHELP.DLL
0x00007fffb2b60000 - 0x00007fffb2ee6000 	C:\WINDOWS\System32\combase.dll
0x00007fffb2a80000 - 0x00007fffb2b57000 	C:\WINDOWS\System32\OLEAUT32.dll
0x00007fff8a7c0000 - 0x00007fff8a7fb000 	C:\WINDOWS\SYSTEM32\dbgcore.DLL
0x00007fffb0810000 - 0x00007fffb08b5000 	C:\WINDOWS\System32\bcryptPrimitives.dll
0x00007fffab540000 - 0x00007fffab54e000 	C:\Program Files\Java\jdk-17\bin\instrument.dll
0x00007fff93ec0000 - 0x00007fff93ee5000 	C:\Program Files\Java\jdk-17\bin\java.dll
0x00007fff77450000 - 0x00007fff77527000 	C:\Program Files\Java\jdk-17\bin\jsvml.dll
0x00007fffb1e20000 - 0x00007fffb2572000 	C:\WINDOWS\System32\SHELL32.dll
0x00007fffb1950000 - 0x00007fffb1aba000 	C:\WINDOWS\System32\wintypes.dll
0x00007fffb0980000 - 0x00007fffb11e3000 	C:\WINDOWS\System32\windows.storage.dll
0x00007fffb2580000 - 0x00007fffb2676000 	C:\WINDOWS\System32\SHCORE.dll
0x00007fffb29f0000 - 0x00007fffb2a57000 	C:\WINDOWS\System32\shlwapi.dll
0x00007fffb0600000 - 0x00007fffb0629000 	C:\WINDOWS\SYSTEM32\profapi.dll
0x00007fff96870000 - 0x00007fff96888000 	C:\Program Files\Java\jdk-17\bin\zip.dll
0x00007fffa7280000 - 0x00007fffa7299000 	C:\Program Files\Java\jdk-17\bin\net.dll
0x00007fffa7ea0000 - 0x00007fffa7fc7000 	C:\WINDOWS\SYSTEM32\WINHTTP.dll
0x00007fffaf9f0000 - 0x00007fffafa5b000 	C:\WINDOWS\system32\mswsock.dll
0x00007fff9df30000 - 0x00007fff9df46000 	C:\Program Files\Java\jdk-17\bin\nio.dll
0x00007fff95190000 - 0x00007fff951a0000 	C:\Program Files\Java\jdk-17\bin\verify.dll
0x00007fff5f210000 - 0x00007fff5f237000 	C:\Users\glbha\.gradle\native\c067742578af261105cb4f569cf0c3c89f3d7b1fecec35dd04571415982c5e48\windows-amd64\native-platform.dll
0x00007fff4dee0000 - 0x00007fff4e024000 	C:\Users\glbha\.gradle\native\38dada09dfb8b06ba9b0570ebf7e218e3eb74d4ef43ca46872605cf95ebc2f47\windows-amd64\native-platform-file-events.dll
0x00007fffaa800000 - 0x00007fffaa80a000 	C:\Program Files\Java\jdk-17\bin\management.dll
0x00007fffaa6b0000 - 0x00007fffaa6bb000 	C:\Program Files\Java\jdk-17\bin\management_ext.dll
0x00007fffafcc0000 - 0x00007fffafcdb000 	C:\WINDOWS\SYSTEM32\CRYPTSP.dll
0x00007fffaf3e0000 - 0x00007fffaf419000 	C:\WINDOWS\system32\rsaenh.dll
0x00007fffafaa0000 - 0x00007fffafacb000 	C:\WINDOWS\SYSTEM32\USERENV.dll
0x00007fffb05d0000 - 0x00007fffb05fa000 	C:\WINDOWS\SYSTEM32\bcrypt.dll
0x00007fffafce0000 - 0x00007fffafcec000 	C:\WINDOWS\SYSTEM32\CRYPTBASE.dll
0x00007fffaee60000 - 0x00007fffaee94000 	C:\WINDOWS\SYSTEM32\IPHLPAPI.DLL
0x00007fffb3cf0000 - 0x00007fffb3cfa000 	C:\WINDOWS\System32\NSI.dll
0x00007fffab340000 - 0x00007fffab35e000 	C:\WINDOWS\SYSTEM32\dhcpcsvc6.DLL
0x00007fffab310000 - 0x00007fffab333000 	C:\WINDOWS\SYSTEM32\dhcpcsvc.DLL
0x00007fffaeef0000 - 0x00007fffaf01c000 	C:\WINDOWS\SYSTEM32\DNSAPI.dll
0x00007fffab510000 - 0x00007fffab51e000 	C:\Program Files\Java\jdk-17\bin\sunmscapi.dll
0x00007fffb17d0000 - 0x00007fffb1947000 	C:\WINDOWS\System32\CRYPT32.dll
0x00007fffafee0000 - 0x00007fffaff10000 	C:\WINDOWS\SYSTEM32\ncrypt.dll
0x00007fffafe90000 - 0x00007fffafecf000 	C:\WINDOWS\SYSTEM32\NTASN1.dll
0x00007fff725f0000 - 0x00007fff725f8000 	C:\WINDOWS\system32\wshunix.dll
0x00007fff88800000 - 0x00007fff88818000 	C:\WINDOWS\system32\napinsp.dll
0x00007fff887e0000 - 0x00007fff887f2000 	C:\WINDOWS\System32\winrnr.dll
0x00007fff887b0000 - 0x00007fff887d2000 	C:\WINDOWS\system32\nlansp_c.dll
0x00007fff883c0000 - 0x00007fff883d6000 	C:\WINDOWS\system32\wshbth.dll
0x00007fffa70b0000 - 0x00007fffa70bb000 	C:\Windows\System32\rasadhlp.dll
0x00007fffab6f0000 - 0x00007fffab776000 	C:\WINDOWS\System32\fwpuclnt.dll
0x00007fffad3e0000 - 0x00007fffad3fe000 	C:\Users\glbha\AppData\Local\Temp\native-platform7642546270143950190dir\native-platform.dll
0x00007fff800b0000 - 0x00007fff800b7000 	C:\Program Files\Java\jdk-17\bin\rmi.dll
0x00007fffaf5a0000 - 0x00007fffaf5d6000 	C:\WINDOWS\SYSTEM32\ntmarta.dll

dbghelp: loaded successfully - version: 4.0.5 - missing functions: none
symbol engine: initialized successfully - sym options: 0x614 - pdb path: .;C:\Program Files\Java\jdk-17\bin;C:\WINDOWS\SYSTEM32;C:\WINDOWS\WinSxS\amd64_microsoft.windows.common-controls_6595b64144ccf1df_6.0.26100.7824_none_3e0870b2e3345462;C:\Program Files\Java\jdk-17\bin\server;C:\Users\glbha\.gradle\native\c067742578af261105cb4f569cf0c3c89f3d7b1fecec35dd04571415982c5e48\windows-amd64;C:\Users\glbha\.gradle\native\38dada09dfb8b06ba9b0570ebf7e218e3eb74d4ef43ca46872605cf95ebc2f47\windows-amd64;C:\Users\glbha\AppData\Local\Temp\native-platform7642546270143950190dir

VM Arguments:
jvm_args: -XX:MaxMetaspaceSize=512m --add-opens=java.base/java.util=ALL-UNNAMED --add-opens=java.base/java.lang=ALL-UNNAMED --add-opens=java.base/java.lang.invoke=ALL-UNNAMED --add-opens=java.prefs/java.util.prefs=ALL-UNNAMED --add-opens=java.base/java.nio.charset=ALL-UNNAMED --add-opens=java.base/java.net=ALL-UNNAMED --add-opens=java.base/java.util.concurrent.atomic=ALL-UNNAMED -Xmx2048m -Dfile.encoding=windows-1252 -Duser.country=IN -Duser.language=en -Duser.variant -javaagent:C:\Users\glbha\.gradle\wrapper\dists\gradle-8.6-all\3mbtmo166bl6vumsh5k2lkq5h\gradle-8.6\lib\agents\gradle-instrumentation-agent-8.6.jar 
java_command: org.gradle.launcher.daemon.bootstrap.GradleDaemon 8.6
java_class_path (initial): C:\Users\glbha\.gradle\wrapper\dists\gradle-8.6-all\3mbtmo166bl6vumsh5k2lkq5h\gradle-8.6\lib\gradle-launcher-8.6.jar
Launcher Type: SUN_STANDARD

[Global flags]
     intx CICompilerCount                          = 4                                         {product} {ergonomic}
   size_t CompressedClassSpaceSize                 = 436207616                                 {product} {ergonomic}
     uint ConcGCThreads                            = 3                                         {product} {ergonomic}
     uint G1ConcRefinementThreads                  = 10                                        {product} {ergonomic}
   size_t G1HeapRegionSize                         = 1048576                                   {product} {ergonomic}
    uintx GCDrainStackTargetSize                   = 64                                        {product} {ergonomic}
   size_t InitialHeapSize                          = 130023424                                 {product} {ergonomic}
   size_t MarkStackSize                            = 4194304                                   {product} {ergonomic}
   size_t MaxHeapSize                              = 2147483648                                {product} {command line}
   size_t MaxMetaspaceSize                         = 536870912                                 {product} {command line}
   size_t MaxNewSize                               = 1287651328                                {product} {ergonomic}
   size_t MinHeapDeltaBytes                        = 1048576                                   {product} {ergonomic}
   size_t MinHeapSize                              = 8388608                                   {product} {ergonomic}
    uintx NonNMethodCodeHeapSize                   = 5839372                                {pd product} {ergonomic}
    uintx NonProfiledCodeHeapSize                  = 122909434                              {pd product} {ergonomic}
    uintx ProfiledCodeHeapSize                     = 122909434                              {pd product} {ergonomic}
    uintx ReservedCodeCacheSize                    = 251658240                              {pd product} {ergonomic}
     bool SegmentedCodeCache                       = true                                      {product} {ergonomic}
   size_t SoftMaxHeapSize                          = 2147483648                             {manageable} {ergonomic}
     bool UseCompressedClassPointers               = true                           {product lp64_product} {ergonomic}
     bool UseCompressedOops                        = true                           {product lp64_product} {ergonomic}
     bool UseG1GC                                  = true                                      {product} {ergonomic}
     bool UseLargePagesIndividualAllocation        = false                                  {pd product} {ergonomic}

Logging:
Log output configuration:
 #0: stdout all=warning uptime,level,tags
 #1: stderr all=off uptime,level,tags

Environment Variables:
JAVA_HOME=C:\Program Files\Java\jdk-17
CLASSPATH=D:\My Life\Hack-With-GDG\User_Frontend\android\\gradle\wrapper\gradle-wrapper.jar
PATH=D:\My Life\Hack-With-GDG\User_Frontend\node_modules\.bin;D:\My Life\Hack-With-GDG\node_modules\.bin;D:\My Life\node_modules\.bin;D:\node_modules\.bin;C:\Program Files\nodejs\node_modules\npm\node_modules\@npmcli\run-script\lib\node-gyp-bin;C:\Users\glbha\bin;C:\Program Files\Git\mingw64\bin;C:\Program Files\Git\usr\local\bin;C:\Program Files\Git\usr\bin;C:\Program Files\Git\usr\bin;C:\Program Files\Git\mingw64\bin;C:\Program Files\Git\usr\bin;C:\Users\glbha\bin;C:\Users\glbha\AppData\Roaming\Code\User\globalStorage\github.copilot-chat\debugCommand;C:\Users\glbha\AppData\Roaming\Code\User\globalStorage\github.copilot-chat\copilotCli;C:\Program Files\Common Files\Oracle\Java\javapath;C:\WINDOWS\system32;C:\WINDOWS;C:\WINDOWS\System32\Wbem;C:\WINDOWS\System32\WindowsPowerShell\v1.0;C:\WINDOWS\System32\OpenSSH;C:\Program Files\nodejs;C:\Program Files\Git\cmd;C:\Program Files\Java\jdk-17\bin;C:\Program Files\MySQL\MySQL Server 8.0\bin;C:\MinGW\bin;D:\Apps\netbeans\bin;D:\Apps\IntelliJ\IntelliJ IDEA Community Edition 2025.2.3\bin;C:\Program Files\apache-jmeter-5.6.3\bin;D:\Apps\Microsoft VS Code\bin;C:\Program Files\MongoDB\Server\8.2\bin;C:\Program Files (x86)\Microsoft SQL Server\170\Tools\Binn;C:\Program Files\Microsoft SQL Server\170\Tools\Binn;C:\Program Files\Microsoft SQL Server\Client SDK\ODBC\180\Tools\Binn;C:\Program Files\Microsoft SQL Server\170\DTS\Binn;C:\Program Files\PuTTY;C:\Program Files\MySQL\MySQL Shell 8.0\bin;C:\Users\glbha\AppData\Local\Programs\Python\Python311\Scripts;C:\Users\glbha\AppData\Local\Programs\Python\Python311;C:\Users\glbha\AppData\Local\Microsoft\WindowsApps;C:\Users\glbha\AppData\Roaming\npm;C:\msys64\ucrt64\bin;D:\Apps\IntelliJ\IntelliJ IDEA 2025.2.3\bin;D:\Apps\PyCharm\PyCharm 2025.2.3\bin;C:\Users\glbha\AppData\Local\Programs\Antigravity\bin;%ANDROID_HOME%\platform-tools;%ANDROID_HOME%\tools;C:\Users\glbha\AppData\Local\JetBrains\Toolbox\scripts;C:\Users\glbha\.vscode\extensions\vscjava.vscode-java-debug-0.58.5\bundled\scripts\
USERNAME=black03
SHELL=C:\Program Files\Git\usr\bin\bash.exe
DISPLAY=needs-to-be-defined
LANG=en_US.UTF-8
OS=Windows_NT
PROCESSOR_IDENTIFIER=Intel64 Family 6 Model 186 Stepping 3, GenuineIntel



---------------  S Y S T E M  ---------------

OS:
 Windows 11 , 64 bit Build 26100 (10.0.26100.7705)
OS uptime: 1 days 22:52 hours
Hyper-V role detected

CPU: total 12 (initial active 12) (6 cores per cpu, 2 threads per core) family 6 model 186 stepping 3 microcode 0x4121, cx8, cmov, fxsr, ht, mmx, 3dnowpref, sse, sse2, sse3, ssse3, sse4.1, sse4.2, popcnt, lzcnt, tsc, tscinvbit, avx, avx2, aes, erms, clmul, bmi1, bmi2, adx, sha, fma, vzeroupper, clflush, clflushopt, clwb, hv

Memory: 4k page, system-wide physical 7835M (131M free)
TotalPageFile size 30261M (AvailPageFile size 0M)
current process WorkingSet (physical memory assigned to process): 427M, peak: 699M
current process commit charge ("private bytes"): 1242M, peak: 1247M

vm_info: Java HotSpot(TM) 64-Bit Server VM (17.0.12+8-LTS-286) for windows-amd64 JRE (17.0.12+8-LTS-286), built on Jun  5 2024 06:46:59 by "mach5one" with MS VC++ 17.6 (VS2022)

END.
