#
# There is insufficient memory for the Java Runtime Environment to continue.
# Native memory allocation (malloc) failed to allocate 1072896 bytes for Chunk::new
# Possible reasons:
#   The system is out of physical RAM or swap space
#   The process is running with CompressedOops enabled, and the Java Heap may be blocking the growth of the native heap
# Possible solutions:
#   Reduce memory load on the system
#   Increase physical memory or swap space
#   Check if swap backing store is full
#   Decrease Java heap size (-Xmx/-Xms)
#   Decrease number of Java threads
#   Decrease Java thread stack sizes (-Xss)
#   Set larger code cache with -XX:ReservedCodeCacheSize=
#   JVM is running with Unscaled Compressed Oops mode in which the Java heap is
#     placed in the first 4GB address space. The Java Heap base address is the
#     maximum limit for the native heap growth. Please use -XX:HeapBaseMinAddress
#     to set the Java Heap base and to place the Java Heap above 4GB virtual address.
# This output file may be truncated or incomplete.
#
#  Out of Memory Error (arena.cpp:189), pid=31876, tid=12552
#
# JRE version: Java(TM) SE Runtime Environment (17.0.12+8) (build 17.0.12+8-LTS-286)
# Java VM: Java HotSpot(TM) 64-Bit Server VM (17.0.12+8-LTS-286, mixed mode, sharing, tiered, compressed oops, compressed class ptrs, g1 gc, windows-amd64)
# No core dump will be written. Minidumps are not enabled by default on client versions of Windows
#

---------------  S U M M A R Y ------------

Command Line: -XX:MaxMetaspaceSize=512m --add-opens=java.base/java.util=ALL-UNNAMED --add-opens=java.base/java.lang=ALL-UNNAMED --add-opens=java.base/java.lang.invoke=ALL-UNNAMED --add-opens=java.prefs/java.util.prefs=ALL-UNNAMED --add-opens=java.base/java.nio.charset=ALL-UNNAMED --add-opens=java.base/java.net=ALL-UNNAMED --add-opens=java.base/java.util.concurrent.atomic=ALL-UNNAMED -Xmx2048m -Dfile.encoding=windows-1252 -Duser.country=IN -Duser.language=en -Duser.variant -javaagent:C:\Users\glbha\.gradle\wrapper\dists\gradle-8.6-all\3mbtmo166bl6vumsh5k2lkq5h\gradle-8.6\lib\agents\gradle-instrumentation-agent-8.6.jar org.gradle.launcher.daemon.bootstrap.GradleDaemon 8.6

Host: 13th Gen Intel(R) Core(TM) i5-1334U, 12 cores, 7G,  Windows 11 , 64 bit Build 26100 (10.0.26100.7705)
Time: Sun Feb 15 07:58:34 2026 India Standard Time elapsed time: 137.248547 seconds (0d 0h 2m 17s)

---------------  T H R E A D  ---------------

Current thread (0x000001d8dbc0a900):  JavaThread "C2 CompilerThread0" daemon [_thread_in_native, id=12552, stack(0x00000015cd100000,0x00000015cd200000)]


Current CompileTask:
C2: 137249 15453       4       org.gradle.api.internal.artifacts.ivyservice.resolveengine.result.DesugaredAttributeContainerSerializer::read (155 bytes)

Stack: [0x00000015cd100000,0x00000015cd200000]
Native frames: (J=compiled Java code, j=interpreted, Vv=VM code, C=native code)
V  [jvm.dll+0x67a04a]
V  [jvm.dll+0x7da4ed]
V  [jvm.dll+0x7dbe33]
V  [jvm.dll+0x7dc4a3]
V  [jvm.dll+0x24508f]
V  [jvm.dll+0xab773]
V  [jvm.dll+0xabd3c]
V  [jvm.dll+0x2aa52f]
V  [jvm.dll+0x581eb9]
V  [jvm.dll+0x21f422]
V  [jvm.dll+0x21f81f]
V  [jvm.dll+0x218aa0]
V  [jvm.dll+0x215b65]
V  [jvm.dll+0x1a2960]
V  [jvm.dll+0x22610b]
V  [jvm.dll+0x2242ab]
V  [jvm.dll+0x79075c]
V  [jvm.dll+0x78abea]
V  [jvm.dll+0x678f35]
C  [ucrtbase.dll+0x37b0]
C  [KERNEL32.DLL+0x2e8d7]
C  [ntdll.dll+0x8c40c]


---------------  P R O C E S S  ---------------

Threads class SMR info:
_java_thread_list=0x000001d881225cd0, length=190, elements={
0x000001d8bdcbfa50, 0x000001d8dbbeab50, 0x000001d8dbbeb620, 0x000001d8dbc02260,
0x000001d8dbc04b40, 0x000001d8dbc05410, 0x000001d8dbc05ce0, 0x000001d8dbc0a900,
0x000001d8dbc11670, 0x000001d8dc4e0090, 0x000001d8dc5ed370, 0x000001d8dc6900c0,
0x000001d8fcbdda60, 0x000001d8fd496c30, 0x000001d8fd45c820, 0x000001d8fcf378d0,
0x000001d8fd458870, 0x000001d8fd488020, 0x000001d8fccff1f0, 0x000001d8fc4a8e30,
0x000001d8fc4a9340, 0x000001d8fc4a9850, 0x000001d8fc4aa780, 0x000001d8fc4a6fd0,
0x000001d8fc4a9d60, 0x000001d8fc4a74e0, 0x000001d8fc4a8410, 0x000001d8fc4aa270,
0x000001d8fca1dec0, 0x000001d8fca1d9b0, 0x000001d8fca1e3d0, 0x000001d8fca1e8e0,
0x000001d8fca1edf0, 0x000001d8fca1c060, 0x000001d8fca1f300, 0x000001d8fca20230,
0x000001d8fca1f810, 0x000001d8fca20740, 0x000001d8fca1fd20, 0x000001d8fca1cf90,
0x000001d8fca20c50, 0x000001d8fca21160, 0x000001d8fca21670, 0x000001d8fca21b80,
0x000001d8fca22090, 0x000001d8fca225a0, 0x000001d8fca22ab0, 0x000001d8fca22fc0,
0x000001d8fca234d0, 0x000001d8fca239e0, 0x000001d8fc4a8920, 0x000001d8fde92310,
0x000001d8fde92820, 0x000001d8fde93750, 0x000001d8fde91e00, 0x000001d8fde92d30,
0x000001d8fde93240, 0x000001d8fde94680, 0x000001d8fde93c60, 0x000001d8fde94170,
0x000001d8fde94b90, 0x000001d8fde950a0, 0x000001d8fde918f0, 0x000001d8fde96f00,
0x000001d8fde964e0, 0x000001d8fde97920, 0x000001d8fde97410, 0x000001d8fde98d60,
0x000001d8fde955b0, 0x000001d8fde98340, 0x000001d8fde97e30, 0x000001d8fde969f0,
0x000001d8fde98850, 0x000001d8fde99270, 0x000001d8fde95ac0, 0x000001d8fecfcca0,
0x000001d8fecfbd70, 0x000001d8fecfb860, 0x000001d8fecfe5f0, 0x000001d8fecfd6c0,
0x000001d8fecfeb00, 0x000001d8fecfc280, 0x000001d8fecfc790, 0x000001d8fecfdbd0,
0x000001d8fecfd1b0, 0x000001d8fecfe0e0, 0x000001d8fecfb350, 0x000001d88147f220,
0x000001d881481aa0, 0x000001d881480b70, 0x000001d881481080, 0x000001d88147f730,
0x000001d881480660, 0x000001d881481590, 0x000001d88147fc40, 0x000001d881480150,
0x000001d881481fb0, 0x000001d8814824c0, 0x000001d88147ed10, 0x000001d881486180,
0x000001d881485c70, 0x000001d881485760, 0x000001d8814829d0, 0x000001d881484830,
0x000001d881486690, 0x000001d881482ee0, 0x000001d8814833f0, 0x000001d881483900,
0x000001d881484d40, 0x000001d881485250, 0x000001d881483e10, 0x000001d881484320,
0x000001d8ff5f3540, 0x000001d8ff5f16e0, 0x000001d8ff5f3a50, 0x000001d8ff5f1bf0,
0x000001d8ff5f2b20, 0x000001d8ff5f2100, 0x000001d8ff5f0cc0, 0x000001d8ff5f3030,
0x000001d8ff5f2610, 0x000001d8ff5f67e0, 0x000001d8ff5f6cf0, 0x000001d8ff5f4e90,
0x000001d8ff5f62d0, 0x000001d8ff5f7c20, 0x000001d8ff5f8130, 0x000001d8812dd860,
0x000001d8812da5c0, 0x000001d8812dd350, 0x000001d8812dbf10, 0x000001d8812da0b0,
0x000001d8812dba00, 0x000001d8812dce40, 0x000001d8812dafe0, 0x000001d8812dc420,
0x000001d8812deca0, 0x000001d8812db4f0, 0x000001d8812df6c0, 0x000001d8812e1010,
0x000001d8812e00e0, 0x000001d8812e05f0, 0x000001d8812e0b00, 0x000001d8812df1b0,
0x000001d8812e1520, 0x000001d8812dfbd0, 0x000001d8812e1a30, 0x000001d8871f5ab0,
0x000001d8871f6ef0, 0x000001d8871f4b80, 0x000001d8871f4160, 0x000001d8871f7400,
0x000001d8871f7910, 0x000001d8871f5090, 0x000001d8871f4670, 0x000001d8871f55a0,
0x000001d8871f9260, 0x000001d8871f8d50, 0x000001d8871f64d0, 0x000001d8871fb0c0,
0x000001d8871f7e20, 0x000001d8871f8330, 0x000001d8871f8840, 0x000001d8871fa190,
0x000001d8871f9770, 0x000001d8871f9c80, 0x000001d8871f69e0, 0x000001d8871fb5d0,
0x000001d8871fbae0, 0x000001d8807920e0, 0x000001d880792b00, 0x000001d880793a30,
0x000001d8807916c0, 0x000001d880793010, 0x000001d880793f40, 0x000001d880794450,
0x000001d8807925f0, 0x000001d880793520, 0x000001d880790ca0, 0x000001d880794960,
0x000001d8807911b0, 0x000001d880794e70, 0x000001d880795380, 0x000001d880791bd0,
0x000001d880797c00, 0x000001d880795890, 0x000001d880796cd0, 0x000001d880795da0,
0x000001d8807962b0, 0x000001d8fe86c7d0
}

Java Threads: ( => current thread )
  0x000001d8bdcbfa50 JavaThread "main" [_thread_blocked, id=17096, stack(0x00000015cc400000,0x00000015cc500000)]
  0x000001d8dbbeab50 JavaThread "Reference Handler" daemon [_thread_blocked, id=20664, stack(0x00000015ccb00000,0x00000015ccc00000)]
  0x000001d8dbbeb620 JavaThread "Finalizer" daemon [_thread_blocked, id=9228, stack(0x00000015ccc00000,0x00000015ccd00000)]
  0x000001d8dbc02260 JavaThread "Signal Dispatcher" daemon [_thread_blocked, id=13820, stack(0x00000015ccd00000,0x00000015cce00000)]
  0x000001d8dbc04b40 JavaThread "Attach Listener" daemon [_thread_blocked, id=32668, stack(0x00000015cce00000,0x00000015ccf00000)]
  0x000001d8dbc05410 JavaThread "Service Thread" daemon [_thread_blocked, id=29572, stack(0x00000015ccf00000,0x00000015cd000000)]
  0x000001d8dbc05ce0 JavaThread "Monitor Deflation Thread" daemon [_thread_blocked, id=31924, stack(0x00000015cd000000,0x00000015cd100000)]
=>0x000001d8dbc0a900 JavaThread "C2 CompilerThread0" daemon [_thread_in_native, id=12552, stack(0x00000015cd100000,0x00000015cd200000)]
  0x000001d8dbc11670 JavaThread "C1 CompilerThread0" daemon [_thread_blocked, id=22212, stack(0x00000015cd200000,0x00000015cd300000)]
  0x000001d8dc4e0090 JavaThread "Sweeper thread" daemon [_thread_blocked, id=4112, stack(0x00000015cd300000,0x00000015cd400000)]
  0x000001d8dc5ed370 JavaThread "Common-Cleaner" daemon [_thread_blocked, id=6420, stack(0x00000015cd400000,0x00000015cd500000)]
  0x000001d8dc6900c0 JavaThread "Notification Thread" daemon [_thread_blocked, id=17764, stack(0x00000015cd500000,0x00000015cd600000)]
  0x000001d8fcbdda60 JavaThread "Daemon health stats" [_thread_blocked, id=21352, stack(0x00000015cdb00000,0x00000015cdc00000)]
  0x000001d8fd496c30 JavaThread "Incoming local TCP Connector on port 59980" [_thread_in_native, id=31936, stack(0x00000015cdc00000,0x00000015cdd00000)]
  0x000001d8fd45c820 JavaThread "Daemon periodic checks" [_thread_blocked, id=26708, stack(0x00000015cdd00000,0x00000015cde00000)]
  0x000001d8fcf378d0 JavaThread "Daemon" [_thread_blocked, id=28820, stack(0x00000015cde00000,0x00000015cdf00000)]
  0x000001d8fd458870 JavaThread "Handler for socket connection from /127.0.0.1:59980 to /127.0.0.1:59981" [_thread_in_native, id=26020, stack(0x00000015cdf00000,0x00000015ce000000)]
  0x000001d8fd488020 JavaThread "Cancel handler" [_thread_blocked, id=28152, stack(0x00000015ce000000,0x00000015ce100000)]
  0x000001d8fccff1f0 JavaThread "Daemon worker" [_thread_in_native, id=21740, stack(0x00000015ce100000,0x00000015ce200000)]
  0x000001d8fc4a8e30 JavaThread "Asynchronous log dispatcher for DefaultDaemonConnection: socket connection from /127.0.0.1:59980 to /127.0.0.1:59981" [_thread_blocked, id=8920, stack(0x00000015ce200000,0x00000015ce300000)]
  0x000001d8fc4a9340 JavaThread "Stdin handler" [_thread_blocked, id=26456, stack(0x00000015ce300000,0x00000015ce400000)]
  0x000001d8fc4a9850 JavaThread "Daemon client event forwarder" [_thread_blocked, id=30276, stack(0x00000015ce400000,0x00000015ce500000)]
  0x000001d8fc4aa780 JavaThread "Cache worker for journal cache (C:\Users\glbha\.gradle\caches\journal-1)" [_thread_blocked, id=25120, stack(0x00000015ce500000,0x00000015ce600000)]
  0x000001d8fc4a6fd0 JavaThread "File lock request listener" [_thread_in_native, id=31368, stack(0x00000015ce600000,0x00000015ce700000)]
  0x000001d8fc4a9d60 JavaThread "Cache worker for file hash cache (C:\Users\glbha\.gradle\caches\8.6\fileHashes)" [_thread_blocked, id=8932, stack(0x00000015ce700000,0x00000015ce800000)]
  0x000001d8fc4a74e0 JavaThread "File watcher server" daemon [_thread_in_native, id=31920, stack(0x00000015ced00000,0x00000015cee00000)]
  0x000001d8fc4a8410 JavaThread "File watcher consumer" daemon [_thread_blocked, id=20716, stack(0x00000015cee00000,0x00000015cef00000)]
  0x000001d8fc4aa270 JavaThread "Cache worker for checksums cache (D:\My Life\Hack-With-GDG\User_Frontend\android\.gradle\8.6\checksums)" [_thread_blocked, id=29096, stack(0x00000015cef00000,0x00000015cf000000)]
  0x000001d8fca1dec0 JavaThread "Cache worker for file hash cache (D:\My Life\Hack-With-GDG\User_Frontend\android\.gradle\8.6\fileHashes)" [_thread_blocked, id=25164, stack(0x00000015cf200000,0x00000015cf300000)]
  0x000001d8fca1d9b0 JavaThread "Cache worker for cache directory md-supplier (C:\Users\glbha\.gradle\caches\8.6\md-supplier)" [_thread_blocked, id=4188, stack(0x00000015cf300000,0x00000015cf400000)]
  0x000001d8fca1e3d0 JavaThread "Cache worker for cache directory md-rule (C:\Users\glbha\.gradle\caches\8.6\md-rule)" [_thread_blocked, id=25908, stack(0x00000015cf400000,0x00000015cf500000)]
  0x000001d8fca1e8e0 JavaThread "Cache worker for file content cache (C:\Users\glbha\.gradle\caches\8.6\fileContent)" [_thread_blocked, id=20864, stack(0x00000015cf500000,0x00000015cf600000)]
  0x000001d8fca1edf0 JavaThread "jar transforms" [_thread_blocked, id=1392, stack(0x00000015cf600000,0x00000015cf700000)]
  0x000001d8fca1c060 JavaThread "jar transforms Thread 2" [_thread_blocked, id=7748, stack(0x00000015cf700000,0x00000015cf800000)]
  0x000001d8fca1f300 JavaThread "jar transforms Thread 3" [_thread_blocked, id=8956, stack(0x00000015cf800000,0x00000015cf900000)]
  0x000001d8fca20230 JavaThread "jar transforms Thread 4" [_thread_blocked, id=28928, stack(0x00000015cf900000,0x00000015cfa00000)]
  0x000001d8fca1f810 JavaThread "Exec process" [_thread_blocked, id=20088, stack(0x00000015cfa00000,0x00000015cfb00000)]
  0x000001d8fca20740 JavaThread "Exec process Thread 2" [_thread_blocked, id=9800, stack(0x00000015cfb00000,0x00000015cfc00000)]
  0x000001d8fca1fd20 JavaThread "Exec process Thread 3" [_thread_blocked, id=3412, stack(0x00000015cfc00000,0x00000015cfd00000)]
  0x000001d8fca1cf90 JavaThread "jar transforms Thread 5" [_thread_blocked, id=26292, stack(0x00000015d0000000,0x00000015d0100000)]
  0x000001d8fca20c50 JavaThread "jar transforms Thread 6" [_thread_blocked, id=24820, stack(0x00000015d0100000,0x00000015d0200000)]
  0x000001d8fca21160 JavaThread "Unconstrained build operations" [_thread_blocked, id=17660, stack(0x00000015cc100000,0x00000015cc200000)]
  0x000001d8fca21670 JavaThread "Unconstrained build operations Thread 2" [_thread_blocked, id=25236, stack(0x00000015cc300000,0x00000015cc400000)]
  0x000001d8fca21b80 JavaThread "jar transforms Thread 7" [_thread_blocked, id=13540, stack(0x00000015d0200000,0x00000015d0300000)]
  0x000001d8fca22090 JavaThread "jar transforms Thread 8" [_thread_blocked, id=21984, stack(0x00000015d0300000,0x00000015d0400000)]
  0x000001d8fca225a0 JavaThread "Cache worker for Build Output Cleanup Cache (D:\My Life\Hack-With-GDG\User_Frontend\node_modules\@react-native\gradle-plugin\.gradle\buildOutputCleanup)" [_thread_blocked, id=25540, stack(0x00000015cff00000,0x00000015d0000000)]
  0x000001d8fca22ab0 JavaThread "jar transforms Thread 9" [_thread_blocked, id=4832, stack(0x00000015d0400000,0x00000015d0500000)]
  0x000001d8fca22fc0 JavaThread "jar transforms Thread 10" [_thread_blocked, id=28868, stack(0x00000015d0500000,0x00000015d0600000)]
  0x000001d8fca234d0 JavaThread "Unconstrained build operations Thread 3" [_thread_blocked, id=21472, stack(0x00000015d0600000,0x00000015d0700000)]
  0x000001d8fca239e0 JavaThread "Unconstrained build operations Thread 4" [_thread_blocked, id=26120, stack(0x00000015d0700000,0x00000015d0800000)]
  0x000001d8fc4a8920 JavaThread "Unconstrained build operations Thread 5" [_thread_blocked, id=30268, stack(0x00000015d0800000,0x00000015d0900000)]
  0x000001d8fde92310 JavaThread "Unconstrained build operations Thread 6" [_thread_blocked, id=23968, stack(0x00000015d0900000,0x00000015d0a00000)]
  0x000001d8fde92820 JavaThread "Unconstrained build operations Thread 7" [_thread_blocked, id=26672, stack(0x00000015d0a00000,0x00000015d0b00000)]
  0x000001d8fde93750 JavaThread "Unconstrained build operations Thread 8" [_thread_blocked, id=32204, stack(0x00000015d0b00000,0x00000015d0c00000)]
  0x000001d8fde91e00 JavaThread "Unconstrained build operations Thread 9" [_thread_blocked, id=32232, stack(0x00000015d0c00000,0x00000015d0d00000)]
  0x000001d8fde92d30 JavaThread "Unconstrained build operations Thread 10" [_thread_blocked, id=21976, stack(0x00000015d0d00000,0x00000015d0e00000)]
  0x000001d8fde93240 JavaThread "Unconstrained build operations Thread 11" [_thread_blocked, id=31156, stack(0x00000015d0e00000,0x00000015d0f00000)]
  0x000001d8fde94680 JavaThread "Unconstrained build operations Thread 12" [_thread_blocked, id=14920, stack(0x00000015d0f00000,0x00000015d1000000)]
  0x000001d8fde93c60 JavaThread "Unconstrained build operations Thread 13" [_thread_blocked, id=17100, stack(0x00000015d1000000,0x00000015d1100000)]
  0x000001d8fde94170 JavaThread "Memory manager" [_thread_blocked, id=23484, stack(0x00000015d1100000,0x00000015d1200000)]
  0x000001d8fde94b90 JavaThread "jar transforms Thread 11" [_thread_blocked, id=8308, stack(0x00000015d1200000,0x00000015d1300000)]
  0x000001d8fde950a0 JavaThread "jar transforms Thread 12" [_thread_blocked, id=14828, stack(0x00000015d1300000,0x00000015d1400000)]
  0x000001d8fde918f0 JavaThread "build event listener" [_thread_blocked, id=12780, stack(0x00000015d1400000,0x00000015d1500000)]
  0x000001d8fde96f00 JavaThread "Cache worker for Build Output Cleanup Cache (D:\My Life\Hack-With-GDG\User_Frontend\android\.gradle\buildOutputCleanup)" [_thread_blocked, id=26524, stack(0x00000015d1500000,0x00000015d1600000)]
  0x000001d8fde964e0 JavaThread "ForkJoinPool.commonPool-worker-1" daemon [_thread_blocked, id=24448, stack(0x00000015d1600000,0x00000015d1700000)]
  0x000001d8fde97920 JavaThread "ForkJoinPool.commonPool-worker-2" daemon [_thread_blocked, id=3632, stack(0x00000015d1700000,0x00000015d1800000)]
  0x000001d8fde97410 JavaThread "ForkJoinPool.commonPool-worker-3" daemon [_thread_blocked, id=26892, stack(0x00000015d1800000,0x00000015d1900000)]
  0x000001d8fde98d60 JavaThread "ForkJoinPool.commonPool-worker-4" daemon [_thread_blocked, id=30144, stack(0x00000015d1900000,0x00000015d1a00000)]
  0x000001d8fde955b0 JavaThread "ForkJoinPool.commonPool-worker-5" daemon [_thread_blocked, id=21652, stack(0x00000015d1a00000,0x00000015d1b00000)]
  0x000001d8fde98340 JavaThread "ForkJoinPool.commonPool-worker-6" daemon [_thread_blocked, id=31584, stack(0x00000015d1b00000,0x00000015d1c00000)]
  0x000001d8fde97e30 JavaThread "ForkJoinPool.commonPool-worker-7" daemon [_thread_blocked, id=28132, stack(0x00000015d1c00000,0x00000015d1d00000)]
  0x000001d8fde969f0 JavaThread "ForkJoinPool.commonPool-worker-8" daemon [_thread_blocked, id=12132, stack(0x00000015d1d00000,0x00000015d1e00000)]
  0x000001d8fde98850 JavaThread "ForkJoinPool.commonPool-worker-9" daemon [_thread_blocked, id=21772, stack(0x00000015d1e00000,0x00000015d1f00000)]
  0x000001d8fde99270 JavaThread "included builds" [_thread_blocked, id=32176, stack(0x00000015d1f00000,0x00000015d2000000)]
  0x000001d8fde95ac0 JavaThread "Execution worker" [_thread_blocked, id=17344, stack(0x00000015d2000000,0x00000015d2100000)]
  0x000001d8fecfcca0 JavaThread "Execution worker Thread 2" [_thread_blocked, id=32532, stack(0x00000015d2100000,0x00000015d2200000)]
  0x000001d8fecfbd70 JavaThread "Execution worker Thread 3" [_thread_blocked, id=24280, stack(0x00000015d2200000,0x00000015d2300000)]
  0x000001d8fecfb860 JavaThread "Execution worker Thread 4" [_thread_blocked, id=12364, stack(0x00000015d2300000,0x00000015d2400000)]
  0x000001d8fecfe5f0 JavaThread "Execution worker Thread 5" [_thread_blocked, id=16252, stack(0x00000015d2400000,0x00000015d2500000)]
  0x000001d8fecfd6c0 JavaThread "Execution worker Thread 6" [_thread_blocked, id=22396, stack(0x00000015d2500000,0x00000015d2600000)]
  0x000001d8fecfeb00 JavaThread "Execution worker Thread 7" [_thread_blocked, id=13644, stack(0x00000015d2600000,0x00000015d2700000)]
  0x000001d8fecfc280 JavaThread "Execution worker Thread 8" [_thread_blocked, id=5696, stack(0x00000015d2700000,0x00000015d2800000)]
  0x000001d8fecfc790 JavaThread "Execution worker Thread 9" [_thread_blocked, id=21796, stack(0x00000015d2800000,0x00000015d2900000)]
  0x000001d8fecfdbd0 JavaThread "Execution worker Thread 10" [_thread_blocked, id=14628, stack(0x00000015d2900000,0x00000015d2a00000)]
  0x000001d8fecfd1b0 JavaThread "Execution worker Thread 11" [_thread_blocked, id=7972, stack(0x00000015d2a00000,0x00000015d2b00000)]
  0x000001d8fecfe0e0 JavaThread "Cache worker for execution history cache (D:\My Life\Hack-With-GDG\User_Frontend\node_modules\@react-native\gradle-plugin\.gradle\8.6\executionHistory)" [_thread_blocked, id=32680, stack(0x00000015d2b00000,0x00000015d2c00000)]
  0x000001d8fecfb350 JavaThread "Unconstrained build operations Thread 14" [_thread_blocked, id=24684, stack(0x00000015d2c00000,0x00000015d2d00000)]
  0x000001d88147f220 JavaThread "Unconstrained build operations Thread 15" [_thread_blocked, id=32228, stack(0x00000015d2d00000,0x00000015d2e00000)]
  0x000001d881481aa0 JavaThread "Unconstrained build operations Thread 16" [_thread_blocked, id=14696, stack(0x00000015d2e00000,0x00000015d2f00000)]
  0x000001d881480b70 JavaThread "Unconstrained build operations Thread 17" [_thread_blocked, id=20044, stack(0x00000015d2f00000,0x00000015d3000000)]
  0x000001d881481080 JavaThread "Unconstrained build operations Thread 18" [_thread_blocked, id=27868, stack(0x00000015d3000000,0x00000015d3100000)]
  0x000001d88147f730 JavaThread "Unconstrained build operations Thread 19" [_thread_blocked, id=19664, stack(0x00000015d3100000,0x00000015d3200000)]
  0x000001d881480660 JavaThread "Unconstrained build operations Thread 20" [_thread_blocked, id=31300, stack(0x00000015d3200000,0x00000015d3300000)]
  0x000001d881481590 JavaThread "Unconstrained build operations Thread 21" [_thread_blocked, id=26244, stack(0x00000015d3300000,0x00000015d3400000)]
  0x000001d88147fc40 JavaThread "Unconstrained build operations Thread 22" [_thread_blocked, id=20104, stack(0x00000015d3400000,0x00000015d3500000)]
  0x000001d881480150 JavaThread "Unconstrained build operations Thread 23" [_thread_blocked, id=17712, stack(0x00000015d3500000,0x00000015d3600000)]
  0x000001d881481fb0 JavaThread "Unconstrained build operations Thread 24" [_thread_blocked, id=21860, stack(0x00000015d3600000,0x00000015d3700000)]
  0x000001d8814824c0 JavaThread "Unconstrained build operations Thread 25" [_thread_blocked, id=10700, stack(0x00000015d3700000,0x00000015d3800000)]
  0x000001d88147ed10 JavaThread "Unconstrained build operations Thread 26" [_thread_blocked, id=1916, stack(0x00000015d3800000,0x00000015d3900000)]
  0x000001d881486180 JavaThread "Unconstrained build operations Thread 27" [_thread_blocked, id=21696, stack(0x00000015d3900000,0x00000015d3a00000)]
  0x000001d881485c70 JavaThread "Unconstrained build operations Thread 28" [_thread_blocked, id=29456, stack(0x00000015d3a00000,0x00000015d3b00000)]
  0x000001d881485760 JavaThread "Unconstrained build operations Thread 29" [_thread_blocked, id=27828, stack(0x00000015d3b00000,0x00000015d3c00000)]
  0x000001d8814829d0 JavaThread "Unconstrained build operations Thread 30" [_thread_blocked, id=23692, stack(0x00000015d3c00000,0x00000015d3d00000)]
  0x000001d881484830 JavaThread "Unconstrained build operations Thread 31" [_thread_blocked, id=22240, stack(0x00000015d3d00000,0x00000015d3e00000)]
  0x000001d881486690 JavaThread "Unconstrained build operations Thread 32" [_thread_blocked, id=6264, stack(0x00000015d3e00000,0x00000015d3f00000)]
  0x000001d881482ee0 JavaThread "Unconstrained build operations Thread 33" [_thread_blocked, id=14712, stack(0x00000015d3f00000,0x00000015d4000000)]
  0x000001d8814833f0 JavaThread "Unconstrained build operations Thread 34" [_thread_blocked, id=32276, stack(0x00000015d4000000,0x00000015d4100000)]
  0x000001d881483900 JavaThread "Unconstrained build operations Thread 35" [_thread_blocked, id=17644, stack(0x00000015d4100000,0x00000015d4200000)]
  0x000001d881484d40 JavaThread "Unconstrained build operations Thread 36" [_thread_blocked, id=25756, stack(0x00000015d4200000,0x00000015d4300000)]
  0x000001d881485250 JavaThread "Unconstrained build operations Thread 37" [_thread_blocked, id=26140, stack(0x00000015d4300000,0x00000015d4400000)]
  0x000001d881483e10 JavaThread "Unconstrained build operations Thread 38" [_thread_blocked, id=28856, stack(0x00000015d4400000,0x00000015d4500000)]
  0x000001d881484320 JavaThread "Unconstrained build operations Thread 39" [_thread_blocked, id=12828, stack(0x00000015d4500000,0x00000015d4600000)]
  0x000001d8ff5f3540 JavaThread "Unconstrained build operations Thread 40" [_thread_blocked, id=31820, stack(0x00000015d4600000,0x00000015d4700000)]
  0x000001d8ff5f16e0 JavaThread "Unconstrained build operations Thread 41" [_thread_blocked, id=30944, stack(0x00000015d4700000,0x00000015d4800000)]
  0x000001d8ff5f3a50 JavaThread "Unconstrained build operations Thread 42" [_thread_blocked, id=19948, stack(0x00000015d4800000,0x00000015d4900000)]
  0x000001d8ff5f1bf0 JavaThread "Unconstrained build operations Thread 43" [_thread_blocked, id=30164, stack(0x00000015d4900000,0x00000015d4a00000)]
  0x000001d8ff5f2b20 JavaThread "Unconstrained build operations Thread 44" [_thread_blocked, id=15636, stack(0x00000015d4a00000,0x00000015d4b00000)]
  0x000001d8ff5f2100 JavaThread "Unconstrained build operations Thread 45" [_thread_blocked, id=29632, stack(0x00000015d4b00000,0x00000015d4c00000)]
  0x000001d8ff5f0cc0 JavaThread "Unconstrained build operations Thread 46" [_thread_blocked, id=29980, stack(0x00000015d4c00000,0x00000015d4d00000)]
  0x000001d8ff5f3030 JavaThread "Unconstrained build operations Thread 47" [_thread_blocked, id=31268, stack(0x00000015d4d00000,0x00000015d4e00000)]
  0x000001d8ff5f2610 JavaThread "Unconstrained build operations Thread 48" [_thread_blocked, id=20100, stack(0x00000015d4e00000,0x00000015d4f00000)]
  0x000001d8ff5f67e0 JavaThread "build event listener" [_thread_blocked, id=25688, stack(0x00000015d4f00000,0x00000015d5000000)]
  0x000001d8ff5f6cf0 JavaThread "Unconstrained build operations Thread 49" [_thread_blocked, id=4584, stack(0x00000015d5000000,0x00000015d5100000)]
  0x000001d8ff5f4e90 JavaThread "Unconstrained build operations Thread 50" [_thread_blocked, id=24372, stack(0x00000015d5100000,0x00000015d5200000)]
  0x000001d8ff5f62d0 JavaThread "Unconstrained build operations Thread 51" [_thread_blocked, id=16716, stack(0x00000015d5200000,0x00000015d5300000)]
  0x000001d8ff5f7c20 JavaThread "Unconstrained build operations Thread 52" [_thread_blocked, id=11068, stack(0x00000015d5300000,0x00000015d5400000)]
  0x000001d8ff5f8130 JavaThread "Unconstrained build operations Thread 53" [_thread_blocked, id=24588, stack(0x00000015d5400000,0x00000015d5500000)]
  0x000001d8812dd860 JavaThread "Unconstrained build operations Thread 54" [_thread_blocked, id=18200, stack(0x00000015d5500000,0x00000015d5600000)]
  0x000001d8812da5c0 JavaThread "Unconstrained build operations Thread 55" [_thread_blocked, id=388, stack(0x00000015d5600000,0x00000015d5700000)]
  0x000001d8812dd350 JavaThread "Unconstrained build operations Thread 56" [_thread_blocked, id=30576, stack(0x00000015d5700000,0x00000015d5800000)]
  0x000001d8812dbf10 JavaThread "Unconstrained build operations Thread 57" [_thread_blocked, id=12116, stack(0x00000015d5800000,0x00000015d5900000)]
  0x000001d8812da0b0 JavaThread "Unconstrained build operations Thread 58" [_thread_blocked, id=19740, stack(0x00000015d5900000,0x00000015d5a00000)]
  0x000001d8812dba00 JavaThread "Unconstrained build operations Thread 59" [_thread_blocked, id=16596, stack(0x00000015d5a00000,0x00000015d5b00000)]
  0x000001d8812dce40 JavaThread "Unconstrained build operations Thread 60" [_thread_blocked, id=12824, stack(0x00000015d5b00000,0x00000015d5c00000)]
  0x000001d8812dafe0 JavaThread "Unconstrained build operations Thread 61" [_thread_blocked, id=25916, stack(0x00000015d5c00000,0x00000015d5d00000)]
  0x000001d8812dc420 JavaThread "Unconstrained build operations Thread 62" [_thread_blocked, id=23536, stack(0x00000015d5d00000,0x00000015d5e00000)]
  0x000001d8812deca0 JavaThread "Unconstrained build operations Thread 63" [_thread_blocked, id=31116, stack(0x00000015d5e00000,0x00000015d5f00000)]
  0x000001d8812db4f0 JavaThread "Unconstrained build operations Thread 64" [_thread_blocked, id=11448, stack(0x00000015d5f00000,0x00000015d6000000)]
  0x000001d8812df6c0 JavaThread "Unconstrained build operations Thread 65" [_thread_blocked, id=23124, stack(0x00000015d6000000,0x00000015d6100000)]
  0x000001d8812e1010 JavaThread "Unconstrained build operations Thread 66" [_thread_blocked, id=17328, stack(0x00000015d6100000,0x00000015d6200000)]
  0x000001d8812e00e0 JavaThread "Unconstrained build operations Thread 67" [_thread_blocked, id=9768, stack(0x00000015d6200000,0x00000015d6300000)]
  0x000001d8812e05f0 JavaThread "Unconstrained build operations Thread 68" [_thread_blocked, id=20644, stack(0x00000015d6300000,0x00000015d6400000)]
  0x000001d8812e0b00 JavaThread "Unconstrained build operations Thread 69" [_thread_blocked, id=14884, stack(0x00000015d6400000,0x00000015d6500000)]
  0x000001d8812df1b0 JavaThread "Unconstrained build operations Thread 70" [_thread_blocked, id=7216, stack(0x00000015d6500000,0x00000015d6600000)]
  0x000001d8812e1520 JavaThread "Unconstrained build operations Thread 71" [_thread_blocked, id=12264, stack(0x00000015d6600000,0x00000015d6700000)]
  0x000001d8812dfbd0 JavaThread "Unconstrained build operations Thread 72" [_thread_blocked, id=11344, stack(0x00000015d6700000,0x00000015d6800000)]
  0x000001d8812e1a30 JavaThread "Unconstrained build operations Thread 73" [_thread_blocked, id=4780, stack(0x00000015d6800000,0x00000015d6900000)]
  0x000001d8871f5ab0 JavaThread "Unconstrained build operations Thread 74" [_thread_blocked, id=11192, stack(0x00000015d6900000,0x00000015d6a00000)]
  0x000001d8871f6ef0 JavaThread "Unconstrained build operations Thread 75" [_thread_blocked, id=31440, stack(0x00000015d6a00000,0x00000015d6b00000)]
  0x000001d8871f4b80 JavaThread "Unconstrained build operations Thread 76" [_thread_blocked, id=32304, stack(0x00000015d6b00000,0x00000015d6c00000)]
  0x000001d8871f4160 JavaThread "Unconstrained build operations Thread 77" [_thread_blocked, id=17400, stack(0x00000015d6c00000,0x00000015d6d00000)]
  0x000001d8871f7400 JavaThread "Unconstrained build operations Thread 78" [_thread_blocked, id=3700, stack(0x00000015d6d00000,0x00000015d6e00000)]
  0x000001d8871f7910 JavaThread "Unconstrained build operations Thread 79" [_thread_blocked, id=30664, stack(0x00000015d6e00000,0x00000015d6f00000)]
  0x000001d8871f5090 JavaThread "Unconstrained build operations Thread 80" [_thread_blocked, id=12280, stack(0x00000015d6f00000,0x00000015d7000000)]
  0x000001d8871f4670 JavaThread "Unconstrained build operations Thread 81" [_thread_blocked, id=32656, stack(0x00000015d7000000,0x00000015d7100000)]
  0x000001d8871f55a0 JavaThread "Unconstrained build operations Thread 82" [_thread_blocked, id=26720, stack(0x00000015d7100000,0x00000015d7200000)]
  0x000001d8871f9260 JavaThread "Unconstrained build operations Thread 83" [_thread_blocked, id=25228, stack(0x00000015d7200000,0x00000015d7300000)]
  0x000001d8871f8d50 JavaThread "Unconstrained build operations Thread 84" [_thread_blocked, id=11188, stack(0x00000015d7300000,0x00000015d7400000)]
  0x000001d8871f64d0 JavaThread "Unconstrained build operations Thread 85" [_thread_blocked, id=26724, stack(0x00000015d7400000,0x00000015d7500000)]
  0x000001d8871fb0c0 JavaThread "Unconstrained build operations Thread 86" [_thread_blocked, id=28052, stack(0x00000015d7500000,0x00000015d7600000)]
  0x000001d8871f7e20 JavaThread "Unconstrained build operations Thread 87" [_thread_blocked, id=18436, stack(0x00000015d7600000,0x00000015d7700000)]
  0x000001d8871f8330 JavaThread "Unconstrained build operations Thread 88" [_thread_blocked, id=23040, stack(0x00000015d7700000,0x00000015d7800000)]
  0x000001d8871f8840 JavaThread "Unconstrained build operations Thread 89" [_thread_blocked, id=12500, stack(0x00000015d7800000,0x00000015d7900000)]
  0x000001d8871fa190 JavaThread "Unconstrained build operations Thread 90" [_thread_blocked, id=24660, stack(0x00000015d7900000,0x00000015d7a00000)]
  0x000001d8871f9770 JavaThread "Unconstrained build operations Thread 91" [_thread_blocked, id=17484, stack(0x00000015d7a00000,0x00000015d7b00000)]
  0x000001d8871f9c80 JavaThread "Unconstrained build operations Thread 92" [_thread_blocked, id=24344, stack(0x00000015d7b00000,0x00000015d7c00000)]
  0x000001d8871f69e0 JavaThread "Unconstrained build operations Thread 93" [_thread_blocked, id=30916, stack(0x00000015d7c00000,0x00000015d7d00000)]
  0x000001d8871fb5d0 JavaThread "Unconstrained build operations Thread 94" [_thread_blocked, id=20992, stack(0x00000015d7d00000,0x00000015d7e00000)]
  0x000001d8871fbae0 JavaThread "Unconstrained build operations Thread 95" [_thread_blocked, id=31784, stack(0x00000015d7e00000,0x00000015d7f00000)]
  0x000001d8807920e0 JavaThread "Unconstrained build operations Thread 96" [_thread_blocked, id=16040, stack(0x00000015d7f00000,0x00000015d8000000)]
  0x000001d880792b00 JavaThread "Unconstrained build operations Thread 97" [_thread_blocked, id=32536, stack(0x00000015d8000000,0x00000015d8100000)]
  0x000001d880793a30 JavaThread "Unconstrained build operations Thread 98" [_thread_blocked, id=31760, stack(0x00000015d8100000,0x00000015d8200000)]
  0x000001d8807916c0 JavaThread "Unconstrained build operations Thread 99" [_thread_blocked, id=24984, stack(0x00000015d8200000,0x00000015d8300000)]
  0x000001d880793010 JavaThread "Unconstrained build operations Thread 100" [_thread_blocked, id=1748, stack(0x00000015d8300000,0x00000015d8400000)]
  0x000001d880793f40 JavaThread "Unconstrained build operations Thread 101" [_thread_blocked, id=24884, stack(0x00000015d8400000,0x00000015d8500000)]
  0x000001d880794450 JavaThread "Unconstrained build operations Thread 102" [_thread_blocked, id=6156, stack(0x00000015d8500000,0x00000015d8600000)]
  0x000001d8807925f0 JavaThread "Unconstrained build operations Thread 103" [_thread_blocked, id=11716, stack(0x00000015d8600000,0x00000015d8700000)]
  0x000001d880793520 JavaThread "Unconstrained build operations Thread 104" [_thread_blocked, id=7852, stack(0x00000015d8700000,0x00000015d8800000)]
  0x000001d880790ca0 JavaThread "Unconstrained build operations Thread 105" [_thread_blocked, id=17628, stack(0x00000015d8800000,0x00000015d8900000)]
  0x000001d880794960 JavaThread "Unconstrained build operations Thread 106" [_thread_blocked, id=25284, stack(0x00000015d8900000,0x00000015d8a00000)]
  0x000001d8807911b0 JavaThread "Unconstrained build operations Thread 107" [_thread_blocked, id=24864, stack(0x00000015d8a00000,0x00000015d8b00000)]
  0x000001d880794e70 JavaThread "Unconstrained build operations Thread 108" [_thread_blocked, id=15692, stack(0x00000015d8b00000,0x00000015d8c00000)]
  0x000001d880795380 JavaThread "Unconstrained build operations Thread 109" [_thread_blocked, id=15904, stack(0x00000015d8c00000,0x00000015d8d00000)]
  0x000001d880791bd0 JavaThread "Unconstrained build operations Thread 110" [_thread_blocked, id=22096, stack(0x00000015d8d00000,0x00000015d8e00000)]
  0x000001d880797c00 JavaThread "Unconstrained build operations Thread 111" [_thread_blocked, id=31044, stack(0x00000015d8e00000,0x00000015d8f00000)]
  0x000001d880795890 JavaThread "Unconstrained build operations Thread 112" [_thread_blocked, id=32272, stack(0x00000015d8f00000,0x00000015d9000000)]
  0x000001d880796cd0 JavaThread "Unconstrained build operations Thread 113" [_thread_blocked, id=28804, stack(0x00000015d9000000,0x00000015d9100000)]
  0x000001d880795da0 JavaThread "Unconstrained build operations Thread 114" [_thread_blocked, id=30672, stack(0x00000015d9100000,0x00000015d9200000)]
  0x000001d8807962b0 JavaThread "Unconstrained build operations Thread 115" [_thread_blocked, id=23088, stack(0x00000015d9200000,0x00000015d9300000)]
  0x000001d8fe86c7d0 JavaThread "C2 CompilerThread1" daemon [_thread_in_native, id=23108, stack(0x00000015cfe00000,0x00000015cff00000)]

Other Threads:
  0x000001d8dbbe50e0 VMThread "VM Thread" [stack: 0x00000015cca00000,0x00000015ccb00000] [id=31528]
  0x000001d8bdd45530 WatcherThread [stack: 0x00000015cd600000,0x00000015cd700000] [id=23812]
  0x000001d8bdd1c230 GCTaskThread "GC Thread#0" [stack: 0x00000015cc500000,0x00000015cc600000] [id=27032]
  0x000001d8fc7753c0 GCTaskThread "GC Thread#1" [stack: 0x00000015cd700000,0x00000015cd800000] [id=7900]
  0x000001d8fc766f20 GCTaskThread "GC Thread#2" [stack: 0x00000015cd800000,0x00000015cd900000] [id=25860]
  0x000001d8fc778520 GCTaskThread "GC Thread#3" [stack: 0x00000015cd900000,0x00000015cda00000] [id=28616]
  0x000001d8fc7787e0 GCTaskThread "GC Thread#4" [stack: 0x00000015cda00000,0x00000015cdb00000] [id=23360]
  0x000001d8fd5c3070 GCTaskThread "GC Thread#5" [stack: 0x00000015ce800000,0x00000015ce900000] [id=31652]
  0x000001d8fd5c4930 GCTaskThread "GC Thread#6" [stack: 0x00000015ce900000,0x00000015cea00000] [id=30112]
  0x000001d8fd5c3e30 GCTaskThread "GC Thread#7" [stack: 0x00000015cea00000,0x00000015ceb00000] [id=17184]
  0x000001d8fd5c35f0 GCTaskThread "GC Thread#8" [stack: 0x00000015ceb00000,0x00000015cec00000] [id=32144]
  0x000001d8fd5c38b0 GCTaskThread "GC Thread#9" [stack: 0x00000015cec00000,0x00000015ced00000] [id=22132]
  0x000001d8bdd2cf30 ConcurrentGCThread "G1 Main Marker" [stack: 0x00000015cc600000,0x00000015cc700000] [id=12224]
  0x000001d8bdd2e260 ConcurrentGCThread "G1 Conc#0" [stack: 0x00000015cc700000,0x00000015cc800000] [id=31616]
  0x000001d8fd5c40f0 ConcurrentGCThread "G1 Conc#1" [stack: 0x00000015cf000000,0x00000015cf100000] [id=31164]
  0x000001d8fd5c43b0 ConcurrentGCThread "G1 Conc#2" [stack: 0x00000015cf100000,0x00000015cf200000] [id=23936]
  0x000001d8dbaa4340 ConcurrentGCThread "G1 Refine#0" [stack: 0x00000015cc800000,0x00000015cc900000] [id=14924]
  0x000001d881e0a3d0 ConcurrentGCThread "G1 Refine#1" [stack: 0x00000015d9300000,0x00000015d9400000] [id=396]
  0x000001d8dbaa4b20 ConcurrentGCThread "G1 Service" [stack: 0x00000015cc900000,0x00000015cca00000] [id=9248]

Threads with active compile tasks:
C2 CompilerThread0   137361 15453       4       org.gradle.api.internal.artifacts.ivyservice.resolveengine.result.DesugaredAttributeContainerSerializer::read (155 bytes)
C2 CompilerThread1   137361 15521   !   4       org.gradle.cache.internal.btree.BTreePersistentIndexedCache::get (57 bytes)

VM state: not at safepoint (normal execution)

VM Mutex/Monitor currently owned by a thread: None

Heap address: 0x0000000080000000, size: 2048 MB, Compressed Oops mode: 32-bit

CDS archive(s) mapped at: [0x000001d8dd000000-0x000001d8ddbd0000-0x000001d8ddbd0000), size 12386304, SharedBaseAddress: 0x000001d8dd000000, ArchiveRelocationMode: 1.
Compressed class space mapped at: 0x000001d8de000000-0x000001d8f8000000, reserved size: 436207616
Narrow klass base: 0x000001d8dd000000, Narrow klass shift: 0, Narrow klass range: 0x100000000

GC Precious Log:
 CPUs: 12 total, 12 available
 Memory: 7835M
 Large Page Support: Disabled
 NUMA Support: Disabled
 Compressed Oops: Enabled (32-bit)
 Heap Region Size: 1M
 Heap Min Capacity: 8M
 Heap Initial Capacity: 124M
 Heap Max Capacity: 2G
 Pre-touch: Disabled
 Parallel Workers: 10
 Concurrent Workers: 3
 Concurrent Refinement Workers: 10
 Periodic GC: Disabled

Heap:
 garbage-first heap   total 371712K, used 250040K [0x0000000080000000, 0x0000000100000000)
  region size 1024K, 54 young (55296K), 11 survivors (11264K)
 Metaspace       used 111919K, committed 113216K, reserved 557056K
  class space    used 15520K, committed 16128K, reserved 425984K

Heap Regions: E=young(eden), S=young(survivor), O=old, HS=humongous(starts), HC=humongous(continues), CS=collection set, F=free, OA=open archive, CA=closed archive, TAMS=top-at-mark-start (previous, next)
|   0|0x0000000080000000, 0x0000000080100000, 0x0000000080100000|100%|HS|  |TAMS 0x0000000080100000, 0x0000000080000000| Complete 
|   1|0x0000000080100000, 0x0000000080200000, 0x0000000080200000|100%|HC|  |TAMS 0x0000000080200000, 0x0000000080100000| Complete 
|   2|0x0000000080200000, 0x0000000080300000, 0x0000000080300000|100%|HC|  |TAMS 0x0000000080300000, 0x0000000080200000| Complete 
|   3|0x0000000080300000, 0x0000000080400000, 0x0000000080400000|100%|HC|  |TAMS 0x0000000080400000, 0x0000000080300000| Complete 
|   4|0x0000000080400000, 0x0000000080500000, 0x0000000080500000|100%| O|  |TAMS 0x0000000080500000, 0x0000000080400000| Untracked 
|   5|0x0000000080500000, 0x0000000080600000, 0x0000000080600000|100%| O|  |TAMS 0x0000000080600000, 0x0000000080500000| Untracked 
|   6|0x0000000080600000, 0x0000000080700000, 0x0000000080700000|100%| O|  |TAMS 0x0000000080700000, 0x0000000080600000| Untracked 
|   7|0x0000000080700000, 0x0000000080800000, 0x0000000080800000|100%| O|  |TAMS 0x0000000080800000, 0x0000000080700000| Untracked 
|   8|0x0000000080800000, 0x0000000080900000, 0x0000000080900000|100%| O|  |TAMS 0x0000000080900000, 0x0000000080800000| Untracked 
|   9|0x0000000080900000, 0x0000000080a00000, 0x0000000080a00000|100%| O|  |TAMS 0x0000000080a00000, 0x0000000080900000| Untracked 
|  10|0x0000000080a00000, 0x0000000080b00000, 0x0000000080b00000|100%| O|  |TAMS 0x0000000080b00000, 0x0000000080a00000| Untracked 
|  11|0x0000000080b00000, 0x0000000080c00000, 0x0000000080c00000|100%| O|  |TAMS 0x0000000080c00000, 0x0000000080b00000| Untracked 
|  12|0x0000000080c00000, 0x0000000080d00000, 0x0000000080d00000|100%| O|  |TAMS 0x0000000080d00000, 0x0000000080c00000| Untracked 
|  13|0x0000000080d00000, 0x0000000080e00000, 0x0000000080e00000|100%| O|  |TAMS 0x0000000080e00000, 0x0000000080d00000| Untracked 
|  14|0x0000000080e00000, 0x0000000080f00000, 0x0000000080f00000|100%| O|  |TAMS 0x0000000080f00000, 0x0000000080e00000| Untracked 
|  15|0x0000000080f00000, 0x0000000081000000, 0x0000000081000000|100%| O|  |TAMS 0x0000000081000000, 0x0000000080f00000| Untracked 
|  16|0x0000000081000000, 0x0000000081100000, 0x0000000081100000|100%| O|  |TAMS 0x0000000081100000, 0x0000000081000000| Untracked 
|  17|0x0000000081100000, 0x0000000081200000, 0x0000000081200000|100%| O|  |TAMS 0x0000000081200000, 0x0000000081100000| Untracked 
|  18|0x0000000081200000, 0x0000000081300000, 0x0000000081300000|100%| O|  |TAMS 0x0000000081300000, 0x0000000081200000| Untracked 
|  19|0x0000000081300000, 0x0000000081400000, 0x0000000081400000|100%| O|  |TAMS 0x0000000081400000, 0x0000000081300000| Untracked 
|  20|0x0000000081400000, 0x0000000081500000, 0x0000000081500000|100%| O|  |TAMS 0x0000000081500000, 0x0000000081400000| Untracked 
|  21|0x0000000081500000, 0x0000000081600000, 0x0000000081600000|100%| O|  |TAMS 0x0000000081600000, 0x0000000081500000| Untracked 
|  22|0x0000000081600000, 0x0000000081700000, 0x0000000081700000|100%| O|  |TAMS 0x0000000081700000, 0x0000000081600000| Untracked 
|  23|0x0000000081700000, 0x0000000081800000, 0x0000000081800000|100%| O|  |TAMS 0x0000000081800000, 0x0000000081700000| Untracked 
|  24|0x0000000081800000, 0x0000000081900000, 0x0000000081900000|100%| O|  |TAMS 0x0000000081900000, 0x0000000081800000| Untracked 
|  25|0x0000000081900000, 0x0000000081a00000, 0x0000000081a00000|100%| O|  |TAMS 0x0000000081a00000, 0x0000000081900000| Untracked 
|  26|0x0000000081a00000, 0x0000000081b00000, 0x0000000081b00000|100%| O|  |TAMS 0x0000000081b00000, 0x0000000081a00000| Untracked 
|  27|0x0000000081b00000, 0x0000000081c00000, 0x0000000081c00000|100%| O|  |TAMS 0x0000000081c00000, 0x0000000081b00000| Untracked 
|  28|0x0000000081c00000, 0x0000000081d00000, 0x0000000081d00000|100%|HS|  |TAMS 0x0000000081d00000, 0x0000000081c00000| Complete 
|  29|0x0000000081d00000, 0x0000000081e00000, 0x0000000081e00000|100%| O|  |TAMS 0x0000000081e00000, 0x0000000081d00000| Untracked 
|  30|0x0000000081e00000, 0x0000000081f00000, 0x0000000081f00000|100%| O|  |TAMS 0x0000000081f00000, 0x0000000081e00000| Untracked 
|  31|0x0000000081f00000, 0x0000000082000000, 0x0000000082000000|100%| O|  |TAMS 0x0000000082000000, 0x0000000081f00000| Untracked 
|  32|0x0000000082000000, 0x0000000082100000, 0x0000000082100000|100%| O|  |TAMS 0x0000000082100000, 0x0000000082000000| Untracked 
|  33|0x0000000082100000, 0x0000000082200000, 0x0000000082200000|100%| O|  |TAMS 0x0000000082200000, 0x0000000082100000| Untracked 
|  34|0x0000000082200000, 0x0000000082300000, 0x0000000082300000|100%| O|  |TAMS 0x0000000082300000, 0x0000000082200000| Untracked 
|  35|0x0000000082300000, 0x0000000082400000, 0x0000000082400000|100%| O|  |TAMS 0x0000000082400000, 0x0000000082300000| Untracked 
|  36|0x0000000082400000, 0x0000000082500000, 0x0000000082500000|100%|HS|  |TAMS 0x0000000082500000, 0x0000000082400000| Complete 
|  37|0x0000000082500000, 0x0000000082600000, 0x0000000082600000|100%|HC|  |TAMS 0x0000000082600000, 0x0000000082500000| Complete 
|  38|0x0000000082600000, 0x0000000082700000, 0x0000000082700000|100%| O|  |TAMS 0x0000000082700000, 0x0000000082600000| Untracked 
|  39|0x0000000082700000, 0x0000000082800000, 0x0000000082800000|100%| O|  |TAMS 0x0000000082800000, 0x0000000082700000| Untracked 
|  40|0x0000000082800000, 0x0000000082900000, 0x0000000082900000|100%| O|  |TAMS 0x0000000082900000, 0x0000000082800000| Untracked 
|  41|0x0000000082900000, 0x0000000082a00000, 0x0000000082a00000|100%| O|  |TAMS 0x0000000082a00000, 0x0000000082900000| Untracked 
|  42|0x0000000082a00000, 0x0000000082b00000, 0x0000000082b00000|100%| O|  |TAMS 0x0000000082b00000, 0x0000000082a00000| Untracked 
|  43|0x0000000082b00000, 0x0000000082c00000, 0x0000000082c00000|100%| O|  |TAMS 0x0000000082c00000, 0x0000000082b00000| Untracked 
|  44|0x0000000082c00000, 0x0000000082d00000, 0x0000000082d00000|100%| O|  |TAMS 0x0000000082d00000, 0x0000000082c00000| Untracked 
|  45|0x0000000082d00000, 0x0000000082e00000, 0x0000000082e00000|100%| O|  |TAMS 0x0000000082e00000, 0x0000000082d00000| Untracked 
|  46|0x0000000082e00000, 0x0000000082f00000, 0x0000000082f00000|100%|HS|  |TAMS 0x0000000082f00000, 0x0000000082e00000| Complete 
|  47|0x0000000082f00000, 0x0000000083000000, 0x0000000083000000|100%| O|  |TAMS 0x0000000083000000, 0x0000000082f00000| Untracked 
|  48|0x0000000083000000, 0x0000000083100000, 0x0000000083100000|100%|HS|  |TAMS 0x0000000083100000, 0x0000000083000000| Complete 
|  49|0x0000000083100000, 0x0000000083200000, 0x0000000083200000|100%|HC|  |TAMS 0x0000000083200000, 0x0000000083100000| Complete 
|  50|0x0000000083200000, 0x0000000083300000, 0x0000000083300000|100%|HS|  |TAMS 0x0000000083300000, 0x0000000083200000| Complete 
|  51|0x0000000083300000, 0x0000000083400000, 0x0000000083400000|100%|HC|  |TAMS 0x0000000083400000, 0x0000000083300000| Complete 
|  52|0x0000000083400000, 0x0000000083500000, 0x0000000083500000|100%|HC|  |TAMS 0x0000000083500000, 0x0000000083400000| Complete 
|  53|0x0000000083500000, 0x0000000083600000, 0x0000000083600000|100%|HC|  |TAMS 0x0000000083600000, 0x0000000083500000| Complete 
|  54|0x0000000083600000, 0x0000000083700000, 0x0000000083700000|100%| O|  |TAMS 0x0000000083700000, 0x0000000083600000| Untracked 
|  55|0x0000000083700000, 0x0000000083800000, 0x0000000083800000|100%|HS|  |TAMS 0x0000000083800000, 0x0000000083700000| Complete 
|  56|0x0000000083800000, 0x0000000083900000, 0x0000000083900000|100%|HC|  |TAMS 0x0000000083900000, 0x0000000083800000| Complete 
|  57|0x0000000083900000, 0x0000000083a00000, 0x0000000083a00000|100%|HC|  |TAMS 0x0000000083a00000, 0x0000000083900000| Complete 
|  58|0x0000000083a00000, 0x0000000083b00000, 0x0000000083b00000|100%|HC|  |TAMS 0x0000000083b00000, 0x0000000083a00000| Complete 
|  59|0x0000000083b00000, 0x0000000083c00000, 0x0000000083c00000|100%| O|  |TAMS 0x0000000083c00000, 0x0000000083b00000| Untracked 
|  60|0x0000000083c00000, 0x0000000083d00000, 0x0000000083d00000|100%| O|  |TAMS 0x0000000083d00000, 0x0000000083c00000| Untracked 
|  61|0x0000000083d00000, 0x0000000083e00000, 0x0000000083e00000|100%| O|  |TAMS 0x0000000083e00000, 0x0000000083d00000| Untracked 
|  62|0x0000000083e00000, 0x0000000083f00000, 0x0000000083f00000|100%| O|  |TAMS 0x0000000083f00000, 0x0000000083e00000| Untracked 
|  63|0x0000000083f00000, 0x0000000084000000, 0x0000000084000000|100%| O|  |TAMS 0x0000000084000000, 0x0000000083f00000| Untracked 
|  64|0x0000000084000000, 0x0000000084100000, 0x0000000084100000|100%| O|  |TAMS 0x0000000084100000, 0x0000000084000000| Untracked 
|  65|0x0000000084100000, 0x0000000084200000, 0x0000000084200000|100%| O|  |TAMS 0x0000000084200000, 0x0000000084100000| Untracked 
|  66|0x0000000084200000, 0x0000000084300000, 0x0000000084300000|100%| O|  |TAMS 0x0000000084300000, 0x0000000084200000| Untracked 
|  67|0x0000000084300000, 0x0000000084400000, 0x0000000084400000|100%| O|  |TAMS 0x0000000084400000, 0x0000000084300000| Untracked 
|  68|0x0000000084400000, 0x0000000084500000, 0x0000000084500000|100%| O|  |TAMS 0x0000000084500000, 0x0000000084400000| Untracked 
|  69|0x0000000084500000, 0x0000000084600000, 0x0000000084600000|100%| O|  |TAMS 0x0000000084600000, 0x0000000084500000| Untracked 
|  70|0x0000000084600000, 0x0000000084700000, 0x0000000084700000|100%| O|  |TAMS 0x0000000084700000, 0x0000000084600000| Untracked 
|  71|0x0000000084700000, 0x0000000084800000, 0x0000000084800000|100%| O|  |TAMS 0x0000000084800000, 0x0000000084700000| Untracked 
|  72|0x0000000084800000, 0x0000000084900000, 0x0000000084900000|100%| O|  |TAMS 0x0000000084900000, 0x0000000084800000| Untracked 
|  73|0x0000000084900000, 0x0000000084a00000, 0x0000000084a00000|100%| O|  |TAMS 0x0000000084a00000, 0x0000000084900000| Untracked 
|  74|0x0000000084a00000, 0x0000000084b00000, 0x0000000084b00000|100%| O|  |TAMS 0x0000000084b00000, 0x0000000084a00000| Untracked 
|  75|0x0000000084b00000, 0x0000000084c00000, 0x0000000084c00000|100%|HS|  |TAMS 0x0000000084b00000, 0x0000000084b00000| Complete 
|  76|0x0000000084c00000, 0x0000000084d00000, 0x0000000084d00000|100%|HS|  |TAMS 0x0000000084d00000, 0x0000000084c00000| Complete 
|  77|0x0000000084d00000, 0x0000000084e00000, 0x0000000084e00000|100%|HS|  |TAMS 0x0000000084e00000, 0x0000000084d00000| Complete 
|  78|0x0000000084e00000, 0x0000000084f00000, 0x0000000084f00000|100%| O|  |TAMS 0x0000000084f00000, 0x0000000084e00000| Untracked 
|  79|0x0000000084f00000, 0x0000000085000000, 0x0000000085000000|100%|HS|  |TAMS 0x0000000085000000, 0x0000000084f00000| Complete 
|  80|0x0000000085000000, 0x0000000085100000, 0x0000000085100000|100%| O|  |TAMS 0x0000000085100000, 0x0000000085000000| Untracked 
|  81|0x0000000085100000, 0x0000000085200000, 0x0000000085200000|100%| O|  |TAMS 0x0000000085200000, 0x0000000085100000| Untracked 
|  82|0x0000000085200000, 0x0000000085300000, 0x0000000085300000|100%| O|  |TAMS 0x0000000085300000, 0x0000000085200000| Untracked 
|  83|0x0000000085300000, 0x0000000085400000, 0x0000000085400000|100%|HS|  |TAMS 0x0000000085300000, 0x0000000085300000| Complete 
|  84|0x0000000085400000, 0x0000000085500000, 0x0000000085500000|100%| O|  |TAMS 0x0000000085500000, 0x0000000085400000| Untracked 
|  85|0x0000000085500000, 0x0000000085600000, 0x0000000085600000|100%| O|  |TAMS 0x0000000085600000, 0x0000000085500000| Untracked 
|  86|0x0000000085600000, 0x0000000085700000, 0x0000000085700000|100%| O|  |TAMS 0x0000000085700000, 0x0000000085600000| Untracked 
|  87|0x0000000085700000, 0x0000000085800000, 0x0000000085800000|100%| O|  |TAMS 0x0000000085800000, 0x0000000085700000| Untracked 
|  88|0x0000000085800000, 0x0000000085900000, 0x0000000085900000|100%| O|  |TAMS 0x0000000085900000, 0x0000000085800000| Untracked 
|  89|0x0000000085900000, 0x0000000085a00000, 0x0000000085a00000|100%| O|  |TAMS 0x0000000085a00000, 0x0000000085900000| Untracked 
|  90|0x0000000085a00000, 0x0000000085b00000, 0x0000000085b00000|100%| O|  |TAMS 0x0000000085b00000, 0x0000000085a00000| Untracked 
|  91|0x0000000085b00000, 0x0000000085c00000, 0x0000000085c00000|100%| O|  |TAMS 0x0000000085c00000, 0x0000000085b00000| Untracked 
|  92|0x0000000085c00000, 0x0000000085d00000, 0x0000000085d00000|100%| O|  |TAMS 0x0000000085d00000, 0x0000000085c00000| Untracked 
|  93|0x0000000085d00000, 0x0000000085e00000, 0x0000000085e00000|100%| O|  |TAMS 0x0000000085e00000, 0x0000000085d00000| Untracked 
|  94|0x0000000085e00000, 0x0000000085f00000, 0x0000000085f00000|100%| O|  |TAMS 0x0000000085f00000, 0x0000000085e00000| Untracked 
|  95|0x0000000085f00000, 0x0000000086000000, 0x0000000086000000|100%| O|  |TAMS 0x0000000086000000, 0x0000000085f00000| Untracked 
|  96|0x0000000086000000, 0x0000000086100000, 0x0000000086100000|100%| O|  |TAMS 0x0000000086100000, 0x0000000086000000| Untracked 
|  97|0x0000000086100000, 0x0000000086200000, 0x0000000086200000|100%| O|  |TAMS 0x0000000086200000, 0x0000000086100000| Untracked 
|  98|0x0000000086200000, 0x0000000086300000, 0x0000000086300000|100%| O|  |TAMS 0x0000000086300000, 0x0000000086200000| Untracked 
|  99|0x0000000086300000, 0x0000000086400000, 0x0000000086400000|100%| O|  |TAMS 0x0000000086400000, 0x0000000086300000| Untracked 
| 100|0x0000000086400000, 0x0000000086500000, 0x0000000086500000|100%| O|  |TAMS 0x0000000086500000, 0x0000000086400000| Untracked 
| 101|0x0000000086500000, 0x0000000086600000, 0x0000000086600000|100%| O|  |TAMS 0x0000000086600000, 0x0000000086500000| Untracked 
| 102|0x0000000086600000, 0x0000000086700000, 0x0000000086700000|100%| O|  |TAMS 0x0000000086700000, 0x0000000086600000| Untracked 
| 103|0x0000000086700000, 0x0000000086800000, 0x0000000086800000|100%|HS|  |TAMS 0x0000000086800000, 0x0000000086700000| Complete 
| 104|0x0000000086800000, 0x0000000086900000, 0x0000000086900000|100%|HC|  |TAMS 0x0000000086900000, 0x0000000086800000| Complete 
| 105|0x0000000086900000, 0x0000000086a00000, 0x0000000086a00000|100%| O|  |TAMS 0x0000000086a00000, 0x0000000086900000| Untracked 
| 106|0x0000000086a00000, 0x0000000086b00000, 0x0000000086b00000|100%| O|  |TAMS 0x0000000086b00000, 0x0000000086a00000| Untracked 
| 107|0x0000000086b00000, 0x0000000086c00000, 0x0000000086c00000|100%| O|  |TAMS 0x0000000086c00000, 0x0000000086b00000| Untracked 
| 108|0x0000000086c00000, 0x0000000086d00000, 0x0000000086d00000|100%| O|  |TAMS 0x0000000086d00000, 0x0000000086c00000| Untracked 
| 109|0x0000000086d00000, 0x0000000086e00000, 0x0000000086e00000|100%| O|  |TAMS 0x0000000086e00000, 0x0000000086d00000| Untracked 
| 110|0x0000000086e00000, 0x0000000086f00000, 0x0000000086f00000|100%| O|  |TAMS 0x0000000086f00000, 0x0000000086e00000| Untracked 
| 111|0x0000000086f00000, 0x0000000087000000, 0x0000000087000000|100%| O|  |TAMS 0x0000000087000000, 0x0000000086f00000| Untracked 
| 112|0x0000000087000000, 0x0000000087100000, 0x0000000087100000|100%| O|  |TAMS 0x0000000087100000, 0x0000000087000000| Untracked 
| 113|0x0000000087100000, 0x0000000087200000, 0x0000000087200000|100%| O|  |TAMS 0x0000000087200000, 0x0000000087100000| Untracked 
| 114|0x0000000087200000, 0x0000000087300000, 0x0000000087300000|100%| O|  |TAMS 0x0000000087300000, 0x0000000087200000| Untracked 
| 115|0x0000000087300000, 0x0000000087400000, 0x0000000087400000|100%| O|  |TAMS 0x0000000087400000, 0x0000000087300000| Untracked 
| 116|0x0000000087400000, 0x0000000087500000, 0x0000000087500000|100%| O|  |TAMS 0x0000000087500000, 0x0000000087400000| Untracked 
| 117|0x0000000087500000, 0x0000000087600000, 0x0000000087600000|100%| O|  |TAMS 0x0000000087600000, 0x0000000087500000| Untracked 
| 118|0x0000000087600000, 0x0000000087700000, 0x0000000087700000|100%| O|  |TAMS 0x0000000087700000, 0x0000000087600000| Untracked 
| 119|0x0000000087700000, 0x0000000087800000, 0x0000000087800000|100%|HS|  |TAMS 0x0000000087700000, 0x0000000087700000| Complete 
| 120|0x0000000087800000, 0x0000000087900000, 0x0000000087900000|100%| O|  |TAMS 0x0000000087900000, 0x0000000087800000| Untracked 
| 121|0x0000000087900000, 0x0000000087a00000, 0x0000000087a00000|100%| O|  |TAMS 0x0000000087a00000, 0x0000000087900000| Untracked 
| 122|0x0000000087a00000, 0x0000000087b00000, 0x0000000087b00000|100%| O|  |TAMS 0x0000000087b00000, 0x0000000087a00000| Untracked 
| 123|0x0000000087b00000, 0x0000000087c00000, 0x0000000087c00000|100%| O|  |TAMS 0x0000000087c00000, 0x0000000087b00000| Untracked 
| 124|0x0000000087c00000, 0x0000000087d00000, 0x0000000087d00000|100%| O|  |TAMS 0x0000000087d00000, 0x0000000087c00000| Untracked 
| 125|0x0000000087d00000, 0x0000000087e00000, 0x0000000087e00000|100%| O|  |TAMS 0x0000000087e00000, 0x0000000087d00000| Untracked 
| 126|0x0000000087e00000, 0x0000000087f00000, 0x0000000087f00000|100%| O|  |TAMS 0x0000000087f00000, 0x0000000087e00000| Untracked 
| 127|0x0000000087f00000, 0x0000000088000000, 0x0000000088000000|100%| O|  |TAMS 0x0000000088000000, 0x0000000087f00000| Untracked 
| 128|0x0000000088000000, 0x0000000088100000, 0x0000000088100000|100%| O|  |TAMS 0x0000000088100000, 0x0000000088000000| Untracked 
| 129|0x0000000088100000, 0x0000000088200000, 0x0000000088200000|100%| O|  |TAMS 0x0000000088200000, 0x0000000088100000| Untracked 
| 130|0x0000000088200000, 0x0000000088300000, 0x0000000088300000|100%| O|  |TAMS 0x0000000088300000, 0x0000000088200000| Untracked 
| 131|0x0000000088300000, 0x0000000088400000, 0x0000000088400000|100%| O|  |TAMS 0x0000000088400000, 0x0000000088300000| Untracked 
| 132|0x0000000088400000, 0x0000000088500000, 0x0000000088500000|100%| O|  |TAMS 0x0000000088500000, 0x0000000088400000| Untracked 
| 133|0x0000000088500000, 0x0000000088600000, 0x0000000088600000|100%| O|  |TAMS 0x0000000088600000, 0x0000000088500000| Untracked 
| 134|0x0000000088600000, 0x0000000088700000, 0x0000000088700000|100%| O|  |TAMS 0x0000000088700000, 0x0000000088600000| Untracked 
| 135|0x0000000088700000, 0x0000000088800000, 0x0000000088800000|100%| O|  |TAMS 0x0000000088800000, 0x0000000088700000| Untracked 
| 136|0x0000000088800000, 0x0000000088900000, 0x0000000088900000|100%|HS|  |TAMS 0x0000000088900000, 0x0000000088800000| Complete 
| 137|0x0000000088900000, 0x0000000088a00000, 0x0000000088a00000|100%|HS|  |TAMS 0x0000000088a00000, 0x0000000088900000| Complete 
| 138|0x0000000088a00000, 0x0000000088b00000, 0x0000000088b00000|100%|HS|  |TAMS 0x0000000088b00000, 0x0000000088a00000| Complete 
| 139|0x0000000088b00000, 0x0000000088c00000, 0x0000000088c00000|100%|HC|  |TAMS 0x0000000088c00000, 0x0000000088b00000| Complete 
| 140|0x0000000088c00000, 0x0000000088d00000, 0x0000000088d00000|100%| O|  |TAMS 0x0000000088d00000, 0x0000000088c00000| Untracked 
| 141|0x0000000088d00000, 0x0000000088e00000, 0x0000000088e00000|100%| O|  |TAMS 0x0000000088e00000, 0x0000000088d00000| Untracked 
| 142|0x0000000088e00000, 0x0000000088f00000, 0x0000000088f00000|100%|HS|  |TAMS 0x0000000088e00000, 0x0000000088e00000| Complete 
| 143|0x0000000088f00000, 0x0000000089000000, 0x0000000089000000|100%| O|  |TAMS 0x0000000089000000, 0x0000000088f00000| Untracked 
| 144|0x0000000089000000, 0x0000000089100000, 0x0000000089100000|100%| O|  |TAMS 0x0000000089100000, 0x0000000089000000| Untracked 
| 145|0x0000000089100000, 0x0000000089200000, 0x0000000089200000|100%| O|  |TAMS 0x0000000089200000, 0x0000000089100000| Untracked 
| 146|0x0000000089200000, 0x0000000089300000, 0x0000000089300000|100%| O|  |TAMS 0x0000000089300000, 0x0000000089200000| Untracked 
| 147|0x0000000089300000, 0x0000000089400000, 0x0000000089400000|100%| O|  |TAMS 0x0000000089400000, 0x0000000089300000| Untracked 
| 148|0x0000000089400000, 0x0000000089500000, 0x0000000089500000|100%| O|  |TAMS 0x0000000089500000, 0x0000000089400000| Untracked 
| 149|0x0000000089500000, 0x0000000089600000, 0x0000000089600000|100%| O|  |TAMS 0x0000000089600000, 0x0000000089500000| Untracked 
| 150|0x0000000089600000, 0x0000000089600000, 0x0000000089700000|  0%| F|  |TAMS 0x0000000089600000, 0x0000000089600000| Untracked 
| 151|0x0000000089700000, 0x0000000089800000, 0x0000000089800000|100%| O|  |TAMS 0x0000000089800000, 0x0000000089700000| Untracked 
| 152|0x0000000089800000, 0x0000000089900000, 0x0000000089900000|100%| O|  |TAMS 0x0000000089900000, 0x0000000089800000| Untracked 
| 153|0x0000000089900000, 0x0000000089a00000, 0x0000000089a00000|100%|HS|  |TAMS 0x0000000089a00000, 0x0000000089900000| Complete 
| 154|0x0000000089a00000, 0x0000000089b00000, 0x0000000089b00000|100%|HS|  |TAMS 0x0000000089b00000, 0x0000000089a00000| Complete 
| 155|0x0000000089b00000, 0x0000000089c00000, 0x0000000089c00000|100%| O|  |TAMS 0x0000000089c00000, 0x0000000089b00000| Untracked 
| 156|0x0000000089c00000, 0x0000000089d00000, 0x0000000089d00000|100%| O|  |TAMS 0x0000000089c00000, 0x0000000089c00000| Untracked 
| 157|0x0000000089d00000, 0x0000000089e00000, 0x0000000089e00000|100%| O|  |TAMS 0x0000000089d00000, 0x0000000089d00000| Untracked 
| 158|0x0000000089e00000, 0x0000000089f00000, 0x0000000089f00000|100%| O|  |TAMS 0x0000000089f00000, 0x0000000089e00000| Untracked 
| 159|0x0000000089f00000, 0x000000008a000000, 0x000000008a000000|100%| O|  |TAMS 0x000000008a000000, 0x0000000089f00000| Untracked 
| 160|0x000000008a000000, 0x000000008a100000, 0x000000008a100000|100%| O|  |TAMS 0x000000008a100000, 0x000000008a000000| Untracked 
| 161|0x000000008a100000, 0x000000008a200000, 0x000000008a200000|100%| O|  |TAMS 0x000000008a200000, 0x000000008a100000| Untracked 
| 162|0x000000008a200000, 0x000000008a300000, 0x000000008a300000|100%| O|  |TAMS 0x000000008a300000, 0x000000008a200000| Untracked 
| 163|0x000000008a300000, 0x000000008a400000, 0x000000008a400000|100%| O|  |TAMS 0x000000008a400000, 0x000000008a300000| Untracked 
| 164|0x000000008a400000, 0x000000008a500000, 0x000000008a500000|100%| O|  |TAMS 0x000000008a4e9a00, 0x000000008a400000| Untracked 
| 165|0x000000008a500000, 0x000000008a600000, 0x000000008a600000|100%| O|  |TAMS 0x000000008a500000, 0x000000008a500000| Untracked 
| 166|0x000000008a600000, 0x000000008a700000, 0x000000008a700000|100%|HS|  |TAMS 0x000000008a600000, 0x000000008a600000| Complete 
| 167|0x000000008a700000, 0x000000008a800000, 0x000000008a800000|100%|HS|  |TAMS 0x000000008a700000, 0x000000008a700000| Complete 
| 168|0x000000008a800000, 0x000000008a900000, 0x000000008a900000|100%|HS|  |TAMS 0x000000008a800000, 0x000000008a800000| Complete 
| 169|0x000000008a900000, 0x000000008aa00000, 0x000000008aa00000|100%| O|  |TAMS 0x000000008a900000, 0x000000008a900000| Untracked 
| 170|0x000000008aa00000, 0x000000008ab00000, 0x000000008ab00000|100%| O|  |TAMS 0x000000008aa00000, 0x000000008aa00000| Untracked 
| 171|0x000000008ab00000, 0x000000008ac00000, 0x000000008ac00000|100%| O|  |TAMS 0x000000008ab00000, 0x000000008ab00000| Untracked 
| 172|0x000000008ac00000, 0x000000008ad00000, 0x000000008ad00000|100%| O|  |TAMS 0x000000008ac00000, 0x000000008ac00000| Untracked 
| 173|0x000000008ad00000, 0x000000008ae00000, 0x000000008ae00000|100%| O|  |TAMS 0x000000008ad00000, 0x000000008ad00000| Untracked 
| 174|0x000000008ae00000, 0x000000008af00000, 0x000000008af00000|100%| O|  |TAMS 0x000000008ae00000, 0x000000008ae00000| Untracked 
| 175|0x000000008af00000, 0x000000008b000000, 0x000000008b000000|100%| O|  |TAMS 0x000000008af00000, 0x000000008af00000| Untracked 
| 176|0x000000008b000000, 0x000000008b100000, 0x000000008b100000|100%| O|  |TAMS 0x000000008b000000, 0x000000008b000000| Untracked 
| 177|0x000000008b100000, 0x000000008b200000, 0x000000008b200000|100%| O|  |TAMS 0x000000008b100000, 0x000000008b100000| Untracked 
| 178|0x000000008b200000, 0x000000008b300000, 0x000000008b300000|100%| O|  |TAMS 0x000000008b200000, 0x000000008b200000| Untracked 
| 179|0x000000008b300000, 0x000000008b400000, 0x000000008b400000|100%| O|  |TAMS 0x000000008b300000, 0x000000008b300000| Untracked 
| 180|0x000000008b400000, 0x000000008b500000, 0x000000008b500000|100%| O|  |TAMS 0x000000008b400000, 0x000000008b400000| Untracked 
| 181|0x000000008b500000, 0x000000008b600000, 0x000000008b600000|100%| O|  |TAMS 0x000000008b500000, 0x000000008b500000| Untracked 
| 182|0x000000008b600000, 0x000000008b700000, 0x000000008b700000|100%| O|  |TAMS 0x000000008b600000, 0x000000008b600000| Untracked 
| 183|0x000000008b700000, 0x000000008b800000, 0x000000008b800000|100%| O|  |TAMS 0x000000008b700000, 0x000000008b700000| Untracked 
| 184|0x000000008b800000, 0x000000008b900000, 0x000000008b900000|100%| O|  |TAMS 0x000000008b800000, 0x000000008b800000| Untracked 
| 185|0x000000008b900000, 0x000000008ba00000, 0x000000008ba00000|100%| O|  |TAMS 0x000000008b900000, 0x000000008b900000| Untracked 
| 186|0x000000008ba00000, 0x000000008bb00000, 0x000000008bb00000|100%| O|  |TAMS 0x000000008ba00000, 0x000000008ba00000| Untracked 
| 187|0x000000008bb00000, 0x000000008bc00000, 0x000000008bc00000|100%| O|  |TAMS 0x000000008bb00000, 0x000000008bb00000| Untracked 
| 188|0x000000008bc00000, 0x000000008bd00000, 0x000000008bd00000|100%| O|  |TAMS 0x000000008bc00000, 0x000000008bc00000| Untracked 
| 189|0x000000008bd00000, 0x000000008be00000, 0x000000008be00000|100%| O|  |TAMS 0x000000008bd00000, 0x000000008bd00000| Untracked 
| 190|0x000000008be00000, 0x000000008bf00000, 0x000000008bf00000|100%| O|  |TAMS 0x000000008be00000, 0x000000008be00000| Untracked 
| 191|0x000000008bf00000, 0x000000008c000000, 0x000000008c000000|100%| O|  |TAMS 0x000000008bf00000, 0x000000008bf00000| Untracked 
| 192|0x000000008c000000, 0x000000008c02e000, 0x000000008c100000| 17%| O|  |TAMS 0x000000008c000000, 0x000000008c000000| Untracked 
| 193|0x000000008c100000, 0x000000008c100000, 0x000000008c200000|  0%| F|  |TAMS 0x000000008c100000, 0x000000008c100000| Untracked 
| 194|0x000000008c200000, 0x000000008c200000, 0x000000008c300000|  0%| F|  |TAMS 0x000000008c200000, 0x000000008c200000| Untracked 
| 195|0x000000008c300000, 0x000000008c300000, 0x000000008c400000|  0%| F|  |TAMS 0x000000008c300000, 0x000000008c300000| Untracked 
| 196|0x000000008c400000, 0x000000008c400000, 0x000000008c500000|  0%| F|  |TAMS 0x000000008c400000, 0x000000008c400000| Untracked 
| 197|0x000000008c500000, 0x000000008c500000, 0x000000008c600000|  0%| F|  |TAMS 0x000000008c500000, 0x000000008c500000| Untracked 
| 198|0x000000008c600000, 0x000000008c600000, 0x000000008c700000|  0%| F|  |TAMS 0x000000008c600000, 0x000000008c600000| Untracked 
| 199|0x000000008c700000, 0x000000008c700000, 0x000000008c800000|  0%| F|  |TAMS 0x000000008c700000, 0x000000008c700000| Untracked 
| 200|0x000000008c800000, 0x000000008c800000, 0x000000008c900000|  0%| F|  |TAMS 0x000000008c800000, 0x000000008c800000| Untracked 
| 201|0x000000008c900000, 0x000000008c900000, 0x000000008ca00000|  0%| F|  |TAMS 0x000000008c900000, 0x000000008c900000| Untracked 
| 202|0x000000008ca00000, 0x000000008ca00000, 0x000000008cb00000|  0%| F|  |TAMS 0x000000008ca00000, 0x000000008ca00000| Untracked 
| 203|0x000000008cb00000, 0x000000008cb00000, 0x000000008cc00000|  0%| F|  |TAMS 0x000000008cb00000, 0x000000008cb00000| Untracked 
| 204|0x000000008cc00000, 0x000000008cc00000, 0x000000008cd00000|  0%| F|  |TAMS 0x000000008cc00000, 0x000000008cc00000| Untracked 
| 205|0x000000008cd00000, 0x000000008cd00000, 0x000000008ce00000|  0%| F|  |TAMS 0x000000008cd00000, 0x000000008cd00000| Untracked 
| 206|0x000000008ce00000, 0x000000008ce00000, 0x000000008cf00000|  0%| F|  |TAMS 0x000000008ce00000, 0x000000008ce00000| Untracked 
| 207|0x000000008cf00000, 0x000000008cf00000, 0x000000008d000000|  0%| F|  |TAMS 0x000000008cf00000, 0x000000008cf00000| Untracked 
| 208|0x000000008d000000, 0x000000008d000000, 0x000000008d100000|  0%| F|  |TAMS 0x000000008d000000, 0x000000008d000000| Untracked 
| 209|0x000000008d100000, 0x000000008d100000, 0x000000008d200000|  0%| F|  |TAMS 0x000000008d100000, 0x000000008d100000| Untracked 
| 210|0x000000008d200000, 0x000000008d200000, 0x000000008d300000|  0%| F|  |TAMS 0x000000008d200000, 0x000000008d200000| Untracked 
| 211|0x000000008d300000, 0x000000008d300000, 0x000000008d400000|  0%| F|  |TAMS 0x000000008d300000, 0x000000008d300000| Untracked 
| 212|0x000000008d400000, 0x000000008d400000, 0x000000008d500000|  0%| F|  |TAMS 0x000000008d400000, 0x000000008d400000| Untracked 
| 213|0x000000008d500000, 0x000000008d500000, 0x000000008d600000|  0%| F|  |TAMS 0x000000008d500000, 0x000000008d500000| Untracked 
| 214|0x000000008d600000, 0x000000008d600000, 0x000000008d700000|  0%| F|  |TAMS 0x000000008d600000, 0x000000008d600000| Untracked 
| 215|0x000000008d700000, 0x000000008d700000, 0x000000008d800000|  0%| F|  |TAMS 0x000000008d700000, 0x000000008d700000| Untracked 
| 216|0x000000008d800000, 0x000000008d800000, 0x000000008d900000|  0%| F|  |TAMS 0x000000008d800000, 0x000000008d800000| Untracked 
| 217|0x000000008d900000, 0x000000008d900000, 0x000000008da00000|  0%| F|  |TAMS 0x000000008d900000, 0x000000008d900000| Untracked 
| 218|0x000000008da00000, 0x000000008da00000, 0x000000008db00000|  0%| F|  |TAMS 0x000000008da00000, 0x000000008da00000| Untracked 
| 219|0x000000008db00000, 0x000000008db00000, 0x000000008dc00000|  0%| F|  |TAMS 0x000000008db00000, 0x000000008db00000| Untracked 
| 220|0x000000008dc00000, 0x000000008dc00000, 0x000000008dd00000|  0%| F|  |TAMS 0x000000008dc00000, 0x000000008dc00000| Untracked 
| 221|0x000000008dd00000, 0x000000008dd00000, 0x000000008de00000|  0%| F|  |TAMS 0x000000008dd00000, 0x000000008dd00000| Untracked 
| 222|0x000000008de00000, 0x000000008de00000, 0x000000008df00000|  0%| F|  |TAMS 0x000000008de00000, 0x000000008de00000| Untracked 
| 223|0x000000008df00000, 0x000000008df00000, 0x000000008e000000|  0%| F|  |TAMS 0x000000008df00000, 0x000000008df00000| Untracked 
| 224|0x000000008e000000, 0x000000008e000000, 0x000000008e100000|  0%| F|  |TAMS 0x000000008e000000, 0x000000008e000000| Untracked 
| 225|0x000000008e100000, 0x000000008e100000, 0x000000008e200000|  0%| F|  |TAMS 0x000000008e100000, 0x000000008e100000| Untracked 
| 226|0x000000008e200000, 0x000000008e200000, 0x000000008e300000|  0%| F|  |TAMS 0x000000008e200000, 0x000000008e200000| Untracked 
| 227|0x000000008e300000, 0x000000008e300000, 0x000000008e400000|  0%| F|  |TAMS 0x000000008e300000, 0x000000008e300000| Untracked 
| 228|0x000000008e400000, 0x000000008e400000, 0x000000008e500000|  0%| F|  |TAMS 0x000000008e400000, 0x000000008e400000| Untracked 
| 229|0x000000008e500000, 0x000000008e500000, 0x000000008e600000|  0%| F|  |TAMS 0x000000008e500000, 0x000000008e500000| Untracked 
| 230|0x000000008e600000, 0x000000008e600000, 0x000000008e700000|  0%| F|  |TAMS 0x000000008e600000, 0x000000008e600000| Untracked 
| 231|0x000000008e700000, 0x000000008e700000, 0x000000008e800000|  0%| F|  |TAMS 0x000000008e700000, 0x000000008e700000| Untracked 
| 232|0x000000008e800000, 0x000000008e800000, 0x000000008e900000|  0%| F|  |TAMS 0x000000008e800000, 0x000000008e800000| Untracked 
| 233|0x000000008e900000, 0x000000008e900000, 0x000000008ea00000|  0%| F|  |TAMS 0x000000008e900000, 0x000000008e900000| Untracked 
| 234|0x000000008ea00000, 0x000000008ea00000, 0x000000008eb00000|  0%| F|  |TAMS 0x000000008ea00000, 0x000000008ea00000| Untracked 
| 235|0x000000008eb00000, 0x000000008eb00000, 0x000000008ec00000|  0%| F|  |TAMS 0x000000008eb00000, 0x000000008eb00000| Untracked 
| 236|0x000000008ec00000, 0x000000008ec00000, 0x000000008ed00000|  0%| F|  |TAMS 0x000000008ec00000, 0x000000008ec00000| Untracked 
| 237|0x000000008ed00000, 0x000000008ed00000, 0x000000008ee00000|  0%| F|  |TAMS 0x000000008ed00000, 0x000000008ed00000| Untracked 
| 238|0x000000008ee00000, 0x000000008ee00000, 0x000000008ef00000|  0%| F|  |TAMS 0x000000008ee00000, 0x000000008ee00000| Untracked 
| 239|0x000000008ef00000, 0x000000008ef00000, 0x000000008f000000|  0%| F|  |TAMS 0x000000008ef00000, 0x000000008ef00000| Untracked 
| 240|0x000000008f000000, 0x000000008f000000, 0x000000008f100000|  0%| F|  |TAMS 0x000000008f000000, 0x000000008f000000| Untracked 
| 241|0x000000008f100000, 0x000000008f100000, 0x000000008f200000|  0%| F|  |TAMS 0x000000008f100000, 0x000000008f100000| Untracked 
| 242|0x000000008f200000, 0x000000008f200000, 0x000000008f300000|  0%| F|  |TAMS 0x000000008f200000, 0x000000008f200000| Untracked 
| 243|0x000000008f300000, 0x000000008f300000, 0x000000008f400000|  0%| F|  |TAMS 0x000000008f300000, 0x000000008f300000| Untracked 
| 244|0x000000008f400000, 0x000000008f400000, 0x000000008f500000|  0%| F|  |TAMS 0x000000008f400000, 0x000000008f400000| Untracked 
| 245|0x000000008f500000, 0x000000008f500000, 0x000000008f600000|  0%| F|  |TAMS 0x000000008f500000, 0x000000008f500000| Untracked 
| 246|0x000000008f600000, 0x000000008f600000, 0x000000008f700000|  0%| F|  |TAMS 0x000000008f600000, 0x000000008f600000| Untracked 
| 247|0x000000008f700000, 0x000000008f700000, 0x000000008f800000|  0%| F|  |TAMS 0x000000008f700000, 0x000000008f700000| Untracked 
| 248|0x000000008f800000, 0x000000008f800000, 0x000000008f900000|  0%| F|  |TAMS 0x000000008f800000, 0x000000008f800000| Untracked 
| 249|0x000000008f900000, 0x000000008f900000, 0x000000008fa00000|  0%| F|  |TAMS 0x000000008f900000, 0x000000008f900000| Untracked 
| 250|0x000000008fa00000, 0x000000008fa00000, 0x000000008fb00000|  0%| F|  |TAMS 0x000000008fa00000, 0x000000008fa00000| Untracked 
| 251|0x000000008fb00000, 0x000000008fb00000, 0x000000008fc00000|  0%| F|  |TAMS 0x000000008fb00000, 0x000000008fb00000| Untracked 
| 252|0x000000008fc00000, 0x000000008fc00000, 0x000000008fd00000|  0%| F|  |TAMS 0x000000008fc00000, 0x000000008fc00000| Untracked 
| 253|0x000000008fd00000, 0x000000008fd00000, 0x000000008fe00000|  0%| F|  |TAMS 0x000000008fd00000, 0x000000008fd00000| Untracked 
| 254|0x000000008fe00000, 0x000000008fe00000, 0x000000008ff00000|  0%| F|  |TAMS 0x000000008fe00000, 0x000000008fe00000| Untracked 
| 255|0x000000008ff00000, 0x000000008ff00000, 0x0000000090000000|  0%| F|  |TAMS 0x000000008ff00000, 0x000000008ff00000| Untracked 
| 256|0x0000000090000000, 0x0000000090000000, 0x0000000090100000|  0%| F|  |TAMS 0x0000000090000000, 0x0000000090000000| Untracked 
| 257|0x0000000090100000, 0x0000000090100000, 0x0000000090200000|  0%| F|  |TAMS 0x0000000090100000, 0x0000000090100000| Untracked 
| 258|0x0000000090200000, 0x0000000090200000, 0x0000000090300000|  0%| F|  |TAMS 0x0000000090200000, 0x0000000090200000| Untracked 
| 259|0x0000000090300000, 0x0000000090300000, 0x0000000090400000|  0%| F|  |TAMS 0x0000000090300000, 0x0000000090300000| Untracked 
| 260|0x0000000090400000, 0x0000000090400000, 0x0000000090500000|  0%| F|  |TAMS 0x0000000090400000, 0x0000000090400000| Untracked 
| 261|0x0000000090500000, 0x0000000090500000, 0x0000000090600000|  0%| F|  |TAMS 0x0000000090500000, 0x0000000090500000| Untracked 
| 262|0x0000000090600000, 0x0000000090600000, 0x0000000090700000|  0%| F|  |TAMS 0x0000000090600000, 0x0000000090600000| Untracked 
| 263|0x0000000090700000, 0x0000000090700000, 0x0000000090800000|  0%| F|  |TAMS 0x0000000090700000, 0x0000000090700000| Untracked 
| 264|0x0000000090800000, 0x0000000090800000, 0x0000000090900000|  0%| F|  |TAMS 0x0000000090800000, 0x0000000090800000| Untracked 
| 265|0x0000000090900000, 0x0000000090900000, 0x0000000090a00000|  0%| F|  |TAMS 0x0000000090900000, 0x0000000090900000| Untracked 
| 266|0x0000000090a00000, 0x0000000090b00000, 0x0000000090b00000|100%| S|CS|TAMS 0x0000000090a00000, 0x0000000090a00000| Complete 
| 267|0x0000000090b00000, 0x0000000090c00000, 0x0000000090c00000|100%| S|CS|TAMS 0x0000000090b00000, 0x0000000090b00000| Complete 
| 268|0x0000000090c00000, 0x0000000090d00000, 0x0000000090d00000|100%| S|CS|TAMS 0x0000000090c00000, 0x0000000090c00000| Complete 
| 269|0x0000000090d00000, 0x0000000090e00000, 0x0000000090e00000|100%| S|CS|TAMS 0x0000000090d00000, 0x0000000090d00000| Complete 
| 270|0x0000000090e00000, 0x0000000090f00000, 0x0000000090f00000|100%| S|CS|TAMS 0x0000000090e00000, 0x0000000090e00000| Complete 
| 271|0x0000000090f00000, 0x0000000091000000, 0x0000000091000000|100%| S|CS|TAMS 0x0000000090f00000, 0x0000000090f00000| Complete 
| 272|0x0000000091000000, 0x0000000091100000, 0x0000000091100000|100%| S|CS|TAMS 0x0000000091000000, 0x0000000091000000| Complete 
| 273|0x0000000091100000, 0x0000000091200000, 0x0000000091200000|100%| S|CS|TAMS 0x0000000091100000, 0x0000000091100000| Complete 
| 274|0x0000000091200000, 0x0000000091300000, 0x0000000091300000|100%| S|CS|TAMS 0x0000000091200000, 0x0000000091200000| Complete 
| 275|0x0000000091300000, 0x0000000091400000, 0x0000000091400000|100%| S|CS|TAMS 0x0000000091300000, 0x0000000091300000| Complete 
| 276|0x0000000091400000, 0x0000000091500000, 0x0000000091500000|100%| S|CS|TAMS 0x0000000091400000, 0x0000000091400000| Complete 
| 277|0x0000000091500000, 0x0000000091500000, 0x0000000091600000|  0%| F|  |TAMS 0x0000000091500000, 0x0000000091500000| Untracked 
| 278|0x0000000091600000, 0x0000000091600000, 0x0000000091700000|  0%| F|  |TAMS 0x0000000091600000, 0x0000000091600000| Untracked 
| 279|0x0000000091700000, 0x0000000091700000, 0x0000000091800000|  0%| F|  |TAMS 0x0000000091700000, 0x0000000091700000| Untracked 
| 280|0x0000000091800000, 0x0000000091800000, 0x0000000091900000|  0%| F|  |TAMS 0x0000000091800000, 0x0000000091800000| Untracked 
| 281|0x0000000091900000, 0x0000000091900000, 0x0000000091a00000|  0%| F|  |TAMS 0x0000000091900000, 0x0000000091900000| Untracked 
| 282|0x0000000091a00000, 0x0000000091a00000, 0x0000000091b00000|  0%| F|  |TAMS 0x0000000091a00000, 0x0000000091a00000| Untracked 
| 283|0x0000000091b00000, 0x0000000091b00000, 0x0000000091c00000|  0%| F|  |TAMS 0x0000000091b00000, 0x0000000091b00000| Untracked 
| 284|0x0000000091c00000, 0x0000000091c00000, 0x0000000091d00000|  0%| F|  |TAMS 0x0000000091c00000, 0x0000000091c00000| Untracked 
| 285|0x0000000091d00000, 0x0000000091d00000, 0x0000000091e00000|  0%| F|  |TAMS 0x0000000091d00000, 0x0000000091d00000| Untracked 
| 286|0x0000000091e00000, 0x0000000091e00000, 0x0000000091f00000|  0%| F|  |TAMS 0x0000000091e00000, 0x0000000091e00000| Untracked 
| 287|0x0000000091f00000, 0x0000000091f00000, 0x0000000092000000|  0%| F|  |TAMS 0x0000000091f00000, 0x0000000091f00000| Untracked 
| 288|0x0000000092000000, 0x0000000092000000, 0x0000000092100000|  0%| F|  |TAMS 0x0000000092000000, 0x0000000092000000| Untracked 
| 289|0x0000000092100000, 0x0000000092100000, 0x0000000092200000|  0%| F|  |TAMS 0x0000000092100000, 0x0000000092100000| Untracked 
| 290|0x0000000092200000, 0x0000000092200000, 0x0000000092300000|  0%| F|  |TAMS 0x0000000092200000, 0x0000000092200000| Untracked 
| 291|0x0000000092300000, 0x0000000092300000, 0x0000000092400000|  0%| F|  |TAMS 0x0000000092300000, 0x0000000092300000| Untracked 
| 292|0x0000000092400000, 0x0000000092400000, 0x0000000092500000|  0%| F|  |TAMS 0x0000000092400000, 0x0000000092400000| Untracked 
| 293|0x0000000092500000, 0x0000000092500000, 0x0000000092600000|  0%| F|  |TAMS 0x0000000092500000, 0x0000000092500000| Untracked 
| 294|0x0000000092600000, 0x0000000092600000, 0x0000000092700000|  0%| F|  |TAMS 0x0000000092600000, 0x0000000092600000| Untracked 
| 295|0x0000000092700000, 0x0000000092700000, 0x0000000092800000|  0%| F|  |TAMS 0x0000000092700000, 0x0000000092700000| Untracked 
| 296|0x0000000092800000, 0x0000000092800000, 0x0000000092900000|  0%| F|  |TAMS 0x0000000092800000, 0x0000000092800000| Untracked 
| 297|0x0000000092900000, 0x0000000092900000, 0x0000000092a00000|  0%| F|  |TAMS 0x0000000092900000, 0x0000000092900000| Untracked 
| 298|0x0000000092a00000, 0x0000000092a00000, 0x0000000092b00000|  0%| F|  |TAMS 0x0000000092a00000, 0x0000000092a00000| Untracked 
| 299|0x0000000092b00000, 0x0000000092b00000, 0x0000000092c00000|  0%| F|  |TAMS 0x0000000092b00000, 0x0000000092b00000| Untracked 
| 300|0x0000000092c00000, 0x0000000092c00000, 0x0000000092d00000|  0%| F|  |TAMS 0x0000000092c00000, 0x0000000092c00000| Untracked 
| 301|0x0000000092d00000, 0x0000000092d00000, 0x0000000092e00000|  0%| F|  |TAMS 0x0000000092d00000, 0x0000000092d00000| Untracked 
| 302|0x0000000092e00000, 0x0000000092e00000, 0x0000000092f00000|  0%| F|  |TAMS 0x0000000092e00000, 0x0000000092e00000| Untracked 
| 303|0x0000000092f00000, 0x0000000092f00000, 0x0000000093000000|  0%| F|  |TAMS 0x0000000092f00000, 0x0000000092f00000| Untracked 
| 304|0x0000000093000000, 0x0000000093000000, 0x0000000093100000|  0%| F|  |TAMS 0x0000000093000000, 0x0000000093000000| Untracked 
| 305|0x0000000093100000, 0x0000000093100000, 0x0000000093200000|  0%| F|  |TAMS 0x0000000093100000, 0x0000000093100000| Untracked 
| 306|0x0000000093200000, 0x0000000093200000, 0x0000000093300000|  0%| F|  |TAMS 0x0000000093200000, 0x0000000093200000| Untracked 
| 307|0x0000000093300000, 0x0000000093300000, 0x0000000093400000|  0%| F|  |TAMS 0x0000000093300000, 0x0000000093300000| Untracked 
| 308|0x0000000093400000, 0x0000000093400000, 0x0000000093500000|  0%| F|  |TAMS 0x0000000093400000, 0x0000000093400000| Untracked 
| 309|0x0000000093500000, 0x0000000093500000, 0x0000000093600000|  0%| F|  |TAMS 0x0000000093500000, 0x0000000093500000| Untracked 
| 310|0x0000000093600000, 0x0000000093600000, 0x0000000093700000|  0%| F|  |TAMS 0x0000000093600000, 0x0000000093600000| Untracked 
| 311|0x0000000093700000, 0x0000000093700000, 0x0000000093800000|  0%| F|  |TAMS 0x0000000093700000, 0x0000000093700000| Untracked 
| 312|0x0000000093800000, 0x0000000093800000, 0x0000000093900000|  0%| F|  |TAMS 0x0000000093800000, 0x0000000093800000| Untracked 
| 313|0x0000000093900000, 0x0000000093900000, 0x0000000093a00000|  0%| F|  |TAMS 0x0000000093900000, 0x0000000093900000| Untracked 
| 314|0x0000000093a00000, 0x0000000093a00000, 0x0000000093b00000|  0%| F|  |TAMS 0x0000000093a00000, 0x0000000093a00000| Untracked 
| 315|0x0000000093b00000, 0x0000000093b00000, 0x0000000093c00000|  0%| F|  |TAMS 0x0000000093b00000, 0x0000000093b00000| Untracked 
| 316|0x0000000093c00000, 0x0000000093c00000, 0x0000000093d00000|  0%| F|  |TAMS 0x0000000093c00000, 0x0000000093c00000| Untracked 
| 317|0x0000000093d00000, 0x0000000093d00000, 0x0000000093e00000|  0%| F|  |TAMS 0x0000000093d00000, 0x0000000093d00000| Untracked 
| 318|0x0000000093e00000, 0x0000000093e00000, 0x0000000093f00000|  0%| F|  |TAMS 0x0000000093e00000, 0x0000000093e00000| Untracked 
| 319|0x0000000093f00000, 0x0000000093f00000, 0x0000000094000000|  0%| F|  |TAMS 0x0000000093f00000, 0x0000000093f00000| Untracked 
| 320|0x0000000094000000, 0x0000000094081010, 0x0000000094100000| 50%| E|  |TAMS 0x0000000094000000, 0x0000000094000000| Complete 
| 321|0x0000000094100000, 0x0000000094200000, 0x0000000094200000|100%| E|CS|TAMS 0x0000000094100000, 0x0000000094100000| Complete 
| 322|0x0000000094200000, 0x0000000094300000, 0x0000000094300000|100%| E|CS|TAMS 0x0000000094200000, 0x0000000094200000| Complete 
| 323|0x0000000094300000, 0x0000000094400000, 0x0000000094400000|100%| E|CS|TAMS 0x0000000094300000, 0x0000000094300000| Complete 
| 324|0x0000000094400000, 0x0000000094500000, 0x0000000094500000|100%| E|CS|TAMS 0x0000000094400000, 0x0000000094400000| Complete 
| 325|0x0000000094500000, 0x0000000094600000, 0x0000000094600000|100%| E|CS|TAMS 0x0000000094500000, 0x0000000094500000| Complete 
| 326|0x0000000094600000, 0x0000000094700000, 0x0000000094700000|100%| E|CS|TAMS 0x0000000094600000, 0x0000000094600000| Complete 
| 327|0x0000000094700000, 0x0000000094800000, 0x0000000094800000|100%| E|CS|TAMS 0x0000000094700000, 0x0000000094700000| Complete 
| 328|0x0000000094800000, 0x0000000094900000, 0x0000000094900000|100%| E|CS|TAMS 0x0000000094800000, 0x0000000094800000| Complete 
| 329|0x0000000094900000, 0x0000000094a00000, 0x0000000094a00000|100%| E|CS|TAMS 0x0000000094900000, 0x0000000094900000| Complete 
| 330|0x0000000094a00000, 0x0000000094b00000, 0x0000000094b00000|100%| E|CS|TAMS 0x0000000094a00000, 0x0000000094a00000| Complete 
| 331|0x0000000094b00000, 0x0000000094c00000, 0x0000000094c00000|100%| E|CS|TAMS 0x0000000094b00000, 0x0000000094b00000| Complete 
| 332|0x0000000094c00000, 0x0000000094d00000, 0x0000000094d00000|100%| E|CS|TAMS 0x0000000094c00000, 0x0000000094c00000| Complete 
| 333|0x0000000094d00000, 0x0000000094e00000, 0x0000000094e00000|100%| E|CS|TAMS 0x0000000094d00000, 0x0000000094d00000| Complete 
| 334|0x0000000094e00000, 0x0000000094f00000, 0x0000000094f00000|100%| E|CS|TAMS 0x0000000094e00000, 0x0000000094e00000| Complete 
| 335|0x0000000094f00000, 0x0000000095000000, 0x0000000095000000|100%| E|CS|TAMS 0x0000000094f00000, 0x0000000094f00000| Complete 
| 336|0x0000000095000000, 0x0000000095100000, 0x0000000095100000|100%| E|CS|TAMS 0x0000000095000000, 0x0000000095000000| Complete 
| 337|0x0000000095100000, 0x0000000095200000, 0x0000000095200000|100%| E|CS|TAMS 0x0000000095100000, 0x0000000095100000| Complete 
| 338|0x0000000095200000, 0x0000000095300000, 0x0000000095300000|100%| E|CS|TAMS 0x0000000095200000, 0x0000000095200000| Complete 
| 339|0x0000000095300000, 0x0000000095400000, 0x0000000095400000|100%| E|CS|TAMS 0x0000000095300000, 0x0000000095300000| Complete 
| 340|0x0000000095400000, 0x0000000095500000, 0x0000000095500000|100%| E|CS|TAMS 0x0000000095400000, 0x0000000095400000| Complete 
| 341|0x0000000095500000, 0x0000000095600000, 0x0000000095600000|100%| E|CS|TAMS 0x0000000095500000, 0x0000000095500000| Complete 
| 342|0x0000000095600000, 0x0000000095700000, 0x0000000095700000|100%| E|CS|TAMS 0x0000000095600000, 0x0000000095600000| Complete 
| 343|0x0000000095700000, 0x0000000095800000, 0x0000000095800000|100%| E|CS|TAMS 0x0000000095700000, 0x0000000095700000| Complete 
| 344|0x0000000095800000, 0x0000000095900000, 0x0000000095900000|100%| E|CS|TAMS 0x0000000095800000, 0x0000000095800000| Complete 
| 345|0x0000000095900000, 0x0000000095a00000, 0x0000000095a00000|100%| E|CS|TAMS 0x0000000095900000, 0x0000000095900000| Complete 
| 346|0x0000000095a00000, 0x0000000095b00000, 0x0000000095b00000|100%| E|CS|TAMS 0x0000000095a00000, 0x0000000095a00000| Complete 
| 347|0x0000000095b00000, 0x0000000095c00000, 0x0000000095c00000|100%| E|CS|TAMS 0x0000000095b00000, 0x0000000095b00000| Complete 
| 348|0x0000000095c00000, 0x0000000095d00000, 0x0000000095d00000|100%| E|CS|TAMS 0x0000000095c00000, 0x0000000095c00000| Complete 
| 349|0x0000000095d00000, 0x0000000095e00000, 0x0000000095e00000|100%| E|CS|TAMS 0x0000000095d00000, 0x0000000095d00000| Complete 
| 350|0x0000000095e00000, 0x0000000095f00000, 0x0000000095f00000|100%| E|CS|TAMS 0x0000000095e00000, 0x0000000095e00000| Complete 
| 351|0x0000000095f00000, 0x0000000096000000, 0x0000000096000000|100%| E|CS|TAMS 0x0000000095f00000, 0x0000000095f00000| Complete 
| 352|0x0000000096000000, 0x0000000096100000, 0x0000000096100000|100%| E|CS|TAMS 0x0000000096000000, 0x0000000096000000| Complete 
| 353|0x0000000096100000, 0x0000000096200000, 0x0000000096200000|100%| E|CS|TAMS 0x0000000096100000, 0x0000000096100000| Complete 
| 354|0x0000000096200000, 0x0000000096300000, 0x0000000096300000|100%| E|CS|TAMS 0x0000000096200000, 0x0000000096200000| Complete 
| 355|0x0000000096300000, 0x0000000096400000, 0x0000000096400000|100%| E|CS|TAMS 0x0000000096300000, 0x0000000096300000| Complete 
| 356|0x0000000096400000, 0x0000000096500000, 0x0000000096500000|100%| E|CS|TAMS 0x0000000096400000, 0x0000000096400000| Complete 
| 357|0x0000000096500000, 0x0000000096600000, 0x0000000096600000|100%| E|CS|TAMS 0x0000000096500000, 0x0000000096500000| Complete 
| 358|0x0000000096600000, 0x0000000096700000, 0x0000000096700000|100%| E|CS|TAMS 0x0000000096600000, 0x0000000096600000| Complete 
| 359|0x0000000096700000, 0x0000000096800000, 0x0000000096800000|100%| E|CS|TAMS 0x0000000096700000, 0x0000000096700000| Complete 
| 360|0x0000000096800000, 0x0000000096900000, 0x0000000096900000|100%| E|CS|TAMS 0x0000000096800000, 0x0000000096800000| Complete 
| 361|0x0000000096900000, 0x0000000096a00000, 0x0000000096a00000|100%| E|CS|TAMS 0x0000000096900000, 0x0000000096900000| Complete 
| 362|0x0000000096a00000, 0x0000000096b00000, 0x0000000096b00000|100%| E|CS|TAMS 0x0000000096a00000, 0x0000000096a00000| Complete 

Card table byte_map: [0x000001d8d4ee0000,0x000001d8d52e0000] _byte_map_base: 0x000001d8d4ae0000

Marking Bits (Prev, Next): (CMBitMap*) 0x000001d8bdd1c640, (CMBitMap*) 0x000001d8bdd1c600
 Prev Bits: [0x000001d8d76e0000, 0x000001d8d96e0000)
 Next Bits: [0x000001d8d56e0000, 0x000001d8d76e0000)

Polling page: 0x000001d8bbc10000

Metaspace:

Usage:
  Non-class:     94.15 MB used.
      Class:     15.16 MB used.
       Both:    109.31 MB used.

Virtual space:
  Non-class space:      128.00 MB reserved,      94.88 MB ( 74%) committed,  2 nodes.
      Class space:      416.00 MB reserved,      15.75 MB (  4%) committed,  1 nodes.
             Both:      544.00 MB reserved,     110.62 MB ( 20%) committed. 

Chunk freelists:
   Non-Class:  608.00 KB
       Class:  80.00 KB
        Both:  688.00 KB

MaxMetaspaceSize: 512.00 MB
CompressedClassSpaceSize: 416.00 MB
Initial GC threshold: 21.00 MB
Current GC threshold: 171.69 MB
CDS: on
MetaspaceReclaimPolicy: balanced
 - commit_granule_bytes: 65536.
 - commit_granule_words: 8192.
 - virtual_space_node_default_size: 8388608.
 - enlarge_chunks_in_place: 1.
 - new_chunks_are_fully_committed: 0.
 - uncommit_free_chunks: 1.
 - use_allocation_guard: 0.
 - handle_deallocations: 1.


Internal statistics:

num_allocs_failed_limit: 6.
num_arena_births: 1650.
num_arena_deaths: 0.
num_vsnodes_births: 3.
num_vsnodes_deaths: 0.
num_space_committed: 1770.
num_space_uncommitted: 0.
num_chunks_returned_to_freelist: 6.
num_chunks_taken_from_freelist: 6578.
num_chunk_merges: 6.
num_chunk_splits: 4178.
num_chunks_enlarged: 2618.
num_inconsistent_stats: 0.

CodeHeap 'non-profiled nmethods': size=120000Kb used=8658Kb max_used=8658Kb free=111341Kb
 bounds [0x000001d8cd040000, 0x000001d8cd8c0000, 0x000001d8d4570000]
CodeHeap 'profiled nmethods': size=120000Kb used=27005Kb max_used=27485Kb free=92995Kb
 bounds [0x000001d8c5570000, 0x000001d8c7070000, 0x000001d8ccaa0000]
CodeHeap 'non-nmethods': size=5760Kb used=2463Kb max_used=2521Kb free=3296Kb
 bounds [0x000001d8ccaa0000, 0x000001d8ccd30000, 0x000001d8cd040000]
 total_blobs=14159 nmethods=13157 adapters=913
 compilation: enabled
              stopped_count=0, restarted_count=0
 full_count=0

Compilation events (20 events):
Event: 136.191 Thread 0x000001d8dbc11670 15508       3       org.gradle.api.internal.artifacts.configurations.DefaultConfiguration::getAllArtifacts (9 bytes)
Event: 136.191 Thread 0x000001d8dbc11670 nmethod 15508 0x000001d8c5777810 code [0x000001d8c57779a0, 0x000001d8c5777ae8]
Event: 136.191 Thread 0x000001d8dbc11670 15516       3       org.gradle.internal.component.model.AbstractComponentGraphResolveState$AbstractVariantGraphResolveState::<init> (28 bytes)
Event: 136.192 Thread 0x000001d8dbc11670 nmethod 15516 0x000001d8c57c2810 code [0x000001d8c57c2a60, 0x000001d8c57c3468]
Event: 136.192 Thread 0x000001d8dbc11670 15506       3       org.gradle.api.internal.DefaultDomainObjectSet::<init> (19 bytes)
Event: 136.192 Thread 0x000001d8dbc11670 nmethod 15506 0x000001d8c6c3da10 code [0x000001d8c6c3dc20, 0x000001d8c6c3e4b8]
Event: 136.192 Thread 0x000001d8dbc11670 15507       3       org.gradle.api.internal.DefaultDomainObjectSet::<init> (15 bytes)
Event: 136.192 Thread 0x000001d8dbc11670 nmethod 15507 0x000001d8c698d310 code [0x000001d8c698d4c0, 0x000001d8c698d728]
Event: 136.192 Thread 0x000001d8dbc11670 15514       1       org.gradle.api.internal.artifacts.configurations.DefaultConfiguration::getDescription (5 bytes)
Event: 136.192 Thread 0x000001d8dbc11670 nmethod 15514 0x000001d8cd8ae410 code [0x000001d8cd8ae5a0, 0x000001d8cd8ae678]
Event: 136.192 Thread 0x000001d8dbc11670 15515       1       org.gradle.api.internal.artifacts.configurations.DefaultConfiguration::isTransitive (5 bytes)
Event: 136.193 Thread 0x000001d8dbc11670 nmethod 15515 0x000001d8cd8ae710 code [0x000001d8cd8ae8a0, 0x000001d8cd8ae978]
Event: 136.199 Thread 0x000001d8fe86c7d0 nmethod 15512 0x000001d8cd8aea10 code [0x000001d8cd8aeba0, 0x000001d8cd8af558]
Event: 136.199 Thread 0x000001d8fe86c7d0 15513       4       org.gradle.internal.model.CalculatedValueContainer$CalculationState::<init> (37 bytes)
Event: 136.203 Thread 0x000001d8fe86c7d0 nmethod 15513 0x000001d8cd8af710 code [0x000001d8cd8af8a0, 0x000001d8cd8aff38]
Event: 136.203 Thread 0x000001d8fe86c7d0 15455       4       org.gradle.internal.component.external.model.LazyVariantBackedConfigurationMetadata$RuleAwareVariant::getAttributes (40 bytes)
Event: 136.209 Thread 0x000001d8fe86c7d0 nmethod 15455 0x000001d8cd8b0090 code [0x000001d8cd8b0260, 0x000001d8cd8b0758]
Event: 136.216 Thread 0x000001d8dbc11670 15518       3       org.gradle.internal.component.external.model.AbstractVariantBackedConfigurationMetadata::<init> (282 bytes)
Event: 136.216 Thread 0x000001d8fe86c7d0 15519       4       org.gradle.cache.internal.DefaultMultiProcessSafeIndexedCache$$Lambda$553/0x000001d8de492b38::create (12 bytes)
Event: 136.219 Thread 0x000001d8dbc11670 nmethod 15518 0x000001d8c69e0b10 code [0x000001d8c69e0f60, 0x000001d8c69e33e8]

GC Heap History (20 events):
Event: 120.280 GC heap before
{Heap before GC invocations=50 (full 0):
 garbage-first heap   total 198656K, used 165587K [0x0000000080000000, 0x0000000100000000)
  region size 1024K, 16 young (16384K), 4 survivors (4096K)
 Metaspace       used 103914K, committed 104960K, reserved 557056K
  class space    used 14443K, committed 14912K, reserved 425984K
}
Event: 120.287 GC heap after
{Heap after GC invocations=51 (full 0):
 garbage-first heap   total 198656K, used 156885K [0x0000000080000000, 0x0000000100000000)
  region size 1024K, 2 young (2048K), 2 survivors (2048K)
 Metaspace       used 103914K, committed 104960K, reserved 557056K
  class space    used 14443K, committed 14912K, reserved 425984K
}
Event: 120.424 GC heap before
{Heap before GC invocations=51 (full 0):
 garbage-first heap   total 198656K, used 167125K [0x0000000080000000, 0x0000000100000000)
  region size 1024K, 13 young (13312K), 2 survivors (2048K)
 Metaspace       used 103924K, committed 104960K, reserved 557056K
  class space    used 14443K, committed 14912K, reserved 425984K
}
Event: 120.477 GC heap after
{Heap after GC invocations=52 (full 0):
 garbage-first heap   total 198656K, used 158312K [0x0000000080000000, 0x0000000100000000)
  region size 1024K, 2 young (2048K), 2 survivors (2048K)
 Metaspace       used 103924K, committed 104960K, reserved 557056K
  class space    used 14443K, committed 14912K, reserved 425984K
}
Event: 121.278 GC heap before
{Heap before GC invocations=52 (full 0):
 garbage-first heap   total 198656K, used 171624K [0x0000000080000000, 0x0000000100000000)
  region size 1024K, 13 young (13312K), 2 survivors (2048K)
 Metaspace       used 104011K, committed 105088K, reserved 557056K
  class space    used 14451K, committed 14912K, reserved 425984K
}
Event: 121.283 GC heap after
{Heap after GC invocations=53 (full 0):
 garbage-first heap   total 198656K, used 164844K [0x0000000080000000, 0x0000000100000000)
  region size 1024K, 2 young (2048K), 2 survivors (2048K)
 Metaspace       used 104011K, committed 105088K, reserved 557056K
  class space    used 14451K, committed 14912K, reserved 425984K
}
Event: 121.529 GC heap before
{Heap before GC invocations=53 (full 0):
 garbage-first heap   total 198656K, used 172012K [0x0000000080000000, 0x0000000100000000)
  region size 1024K, 9 young (9216K), 2 survivors (2048K)
 Metaspace       used 104162K, committed 105344K, reserved 557056K
  class space    used 14473K, committed 14976K, reserved 425984K
}
Event: 121.534 GC heap after
{Heap after GC invocations=54 (full 0):
 garbage-first heap   total 198656K, used 167332K [0x0000000080000000, 0x0000000100000000)
  region size 1024K, 2 young (2048K), 2 survivors (2048K)
 Metaspace       used 104162K, committed 105344K, reserved 557056K
  class space    used 14473K, committed 14976K, reserved 425984K
}
Event: 121.929 GC heap before
{Heap before GC invocations=54 (full 0):
 garbage-first heap   total 198656K, used 174500K [0x0000000080000000, 0x0000000100000000)
  region size 1024K, 9 young (9216K), 2 survivors (2048K)
 Metaspace       used 104239K, committed 105408K, reserved 557056K
  class space    used 14482K, committed 14976K, reserved 425984K
}
Event: 121.936 GC heap after
{Heap after GC invocations=55 (full 0):
 garbage-first heap   total 198656K, used 169283K [0x0000000080000000, 0x0000000100000000)
  region size 1024K, 2 young (2048K), 2 survivors (2048K)
 Metaspace       used 104239K, committed 105408K, reserved 557056K
  class space    used 14482K, committed 14976K, reserved 425984K
}
Event: 122.183 GC heap before
{Heap before GC invocations=55 (full 0):
 garbage-first heap   total 198656K, used 175427K [0x0000000080000000, 0x0000000100000000)
  region size 1024K, 9 young (9216K), 2 survivors (2048K)
 Metaspace       used 104251K, committed 105408K, reserved 557056K
  class space    used 14482K, committed 14976K, reserved 425984K
}
Event: 122.188 GC heap after
{Heap after GC invocations=56 (full 0):
 garbage-first heap   total 198656K, used 170607K [0x0000000080000000, 0x0000000100000000)
  region size 1024K, 2 young (2048K), 2 survivors (2048K)
 Metaspace       used 104251K, committed 105408K, reserved 557056K
  class space    used 14482K, committed 14976K, reserved 425984K
}
Event: 122.253 GC heap before
{Heap before GC invocations=56 (full 0):
 garbage-first heap   total 198656K, used 176751K [0x0000000080000000, 0x0000000100000000)
  region size 1024K, 9 young (9216K), 2 survivors (2048K)
 Metaspace       used 104252K, committed 105408K, reserved 557056K
  class space    used 14482K, committed 14976K, reserved 425984K
}
Event: 122.272 GC heap after
{Heap after GC invocations=57 (full 0):
 garbage-first heap   total 371712K, used 171709K [0x0000000080000000, 0x0000000100000000)
  region size 1024K, 2 young (2048K), 2 survivors (2048K)
 Metaspace       used 104252K, committed 105408K, reserved 557056K
  class space    used 14482K, committed 14976K, reserved 425984K
}
Event: 127.751 GC heap before
{Heap before GC invocations=58 (full 0):
 garbage-first heap   total 371712K, used 272061K [0x0000000080000000, 0x0000000100000000)
  region size 1024K, 98 young (100352K), 2 survivors (2048K)
 Metaspace       used 106186K, committed 107456K, reserved 557056K
  class space    used 14714K, committed 15296K, reserved 425984K
}
Event: 127.881 GC heap after
{Heap after GC invocations=59 (full 0):
 garbage-first heap   total 371712K, used 191973K [0x0000000080000000, 0x0000000100000000)
  region size 1024K, 13 young (13312K), 13 survivors (13312K)
 Metaspace       used 106186K, committed 107456K, reserved 557056K
  class space    used 14714K, committed 15296K, reserved 425984K
}
Event: 128.009 GC heap before
{Heap before GC invocations=59 (full 0):
 garbage-first heap   total 371712K, used 196069K [0x0000000080000000, 0x0000000100000000)
  region size 1024K, 18 young (18432K), 13 survivors (13312K)
 Metaspace       used 106186K, committed 107456K, reserved 557056K
  class space    used 14714K, committed 15296K, reserved 425984K
}
Event: 128.021 GC heap after
{Heap after GC invocations=60 (full 0):
 garbage-first heap   total 371712K, used 190461K [0x0000000080000000, 0x0000000100000000)
  region size 1024K, 2 young (2048K), 2 survivors (2048K)
 Metaspace       used 106186K, committed 107456K, reserved 557056K
  class space    used 14714K, committed 15296K, reserved 425984K
}
Event: 133.028 GC heap before
{Heap before GC invocations=60 (full 0):
 garbage-first heap   total 371712K, used 281597K [0x0000000080000000, 0x0000000100000000)
  region size 1024K, 86 young (88064K), 2 survivors (2048K)
 Metaspace       used 108442K, committed 109760K, reserved 557056K
  class space    used 15033K, committed 15616K, reserved 425984K
}
Event: 133.046 GC heap after
{Heap after GC invocations=61 (full 0):
 garbage-first heap   total 371712K, used 207032K [0x0000000080000000, 0x0000000100000000)
  region size 1024K, 11 young (11264K), 11 survivors (11264K)
 Metaspace       used 108442K, committed 109760K, reserved 557056K
  class space    used 15033K, committed 15616K, reserved 425984K
}

Deoptimization events (20 events):
Event: 136.157 Thread 0x000001d8fccff1f0 Uncommon trap: trap_request=0xffffffde fr.pc=0x000001d8cd81ca3c relative=0x000000000000135c
Event: 136.157 Thread 0x000001d8fccff1f0 Uncommon trap: reason=class_check action=maybe_recompile pc=0x000001d8cd81ca3c method=org.gradle.internal.component.model.GraphVariantSelector.filterVariantsByRequestedCapabilities(Lorg/gradle/internal/component/model/ComponentGraphResolveMetadata;Ljava/u
Event: 136.157 Thread 0x000001d8fccff1f0 DEOPT PACKING pc=0x000001d8cd81ca3c sp=0x00000015ce1f84e0
Event: 136.157 Thread 0x000001d8fccff1f0 DEOPT UNPACKING pc=0x000001d8ccaf23a3 sp=0x00000015ce1f84b0 mode 2
Event: 136.157 Thread 0x000001d8fccff1f0 Uncommon trap: trap_request=0xffffffc6 fr.pc=0x000001d8cd83974c relative=0x00000000000009ec
Event: 136.157 Thread 0x000001d8fccff1f0 Uncommon trap: reason=bimorphic_or_optimized_type_check action=maybe_recompile pc=0x000001d8cd83974c method=org.gradle.internal.component.model.DefaultAttributeMatcher$CachedQuery.from(Lorg/gradle/api/internal/attributes/ImmutableAttributes;Ljava/util/Lis
Event: 136.158 Thread 0x000001d8fccff1f0 DEOPT PACKING pc=0x000001d8cd83974c sp=0x00000015ce1f83e0
Event: 136.158 Thread 0x000001d8fccff1f0 DEOPT UNPACKING pc=0x000001d8ccaf23a3 sp=0x00000015ce1f83a0 mode 2
Event: 136.159 Thread 0x000001d8fccff1f0 Uncommon trap: trap_request=0xffffffde fr.pc=0x000001d8cd81ca3c relative=0x000000000000135c
Event: 136.160 Thread 0x000001d8fccff1f0 Uncommon trap: reason=class_check action=maybe_recompile pc=0x000001d8cd81ca3c method=org.gradle.internal.component.model.GraphVariantSelector.filterVariantsByRequestedCapabilities(Lorg/gradle/internal/component/model/ComponentGraphResolveMetadata;Ljava/u
Event: 136.160 Thread 0x000001d8fccff1f0 DEOPT PACKING pc=0x000001d8cd81ca3c sp=0x00000015ce1f84e0
Event: 136.160 Thread 0x000001d8fccff1f0 DEOPT UNPACKING pc=0x000001d8ccaf23a3 sp=0x00000015ce1f84b0 mode 2
Event: 136.160 Thread 0x000001d8fccff1f0 Uncommon trap: trap_request=0xffffffc6 fr.pc=0x000001d8cd83974c relative=0x00000000000009ec
Event: 136.160 Thread 0x000001d8fccff1f0 Uncommon trap: reason=bimorphic_or_optimized_type_check action=maybe_recompile pc=0x000001d8cd83974c method=org.gradle.internal.component.model.DefaultAttributeMatcher$CachedQuery.from(Lorg/gradle/api/internal/attributes/ImmutableAttributes;Ljava/util/Lis
Event: 136.160 Thread 0x000001d8fccff1f0 DEOPT PACKING pc=0x000001d8cd83974c sp=0x00000015ce1f83e0
Event: 136.160 Thread 0x000001d8fccff1f0 DEOPT UNPACKING pc=0x000001d8ccaf23a3 sp=0x00000015ce1f83a0 mode 2
Event: 136.161 Thread 0x000001d8fccff1f0 Uncommon trap: trap_request=0xffffffde fr.pc=0x000001d8cd2eb8ac relative=0x000000000000070c
Event: 136.161 Thread 0x000001d8fccff1f0 Uncommon trap: reason=class_check action=maybe_recompile pc=0x000001d8cd2eb8ac method=kotlin.text.StringsKt__StringsKt.indexOf(Ljava/lang/CharSequence;Ljava/lang/String;IZ)I @ 18 c2
Event: 136.161 Thread 0x000001d8fccff1f0 DEOPT PACKING pc=0x000001d8cd2eb8ac sp=0x00000015ce1f7960
Event: 136.161 Thread 0x000001d8fccff1f0 DEOPT UNPACKING pc=0x000001d8ccaf23a3 sp=0x00000015ce1f7910 mode 2

Classes unloaded (0 events):
No events

Classes redefined (0 events):
No events

Internal exceptions (20 events):
Event: 129.773 Thread 0x000001d8fccff1f0 Exception <a 'java/lang/ClassNotFoundException'{0x0000000094a1b980}: org/gradle/api/internal/file/AbstractFileCollectionCustomizer> (0x0000000094a1b980) 
thrown [s\open\src\hotspot\share\classfile\systemDictionary.cpp, line 256]
Event: 129.776 Thread 0x000001d8fccff1f0 Exception <a 'java/lang/ClassNotFoundException'{0x0000000094a43880}: org/gradle/api/internal/file/CompositeFileCollectionCustomizer> (0x0000000094a43880) 
thrown [s\open\src\hotspot\share\classfile\systemDictionary.cpp, line 256]
Event: 129.779 Thread 0x000001d8fccff1f0 Exception <a 'java/lang/ClassNotFoundException'{0x0000000094a62828}: org/gradle/api/internal/file/CompositeFileTreeCustomizer> (0x0000000094a62828) 
thrown [s\open\src\hotspot\share\classfile\systemDictionary.cpp, line 256]
Event: 129.782 Thread 0x000001d8fccff1f0 Exception <a 'java/lang/ClassNotFoundException'{0x0000000094a858a0}: org/gradle/api/internal/file/collections/DefaultConfigurableFileTreeCustomizer> (0x0000000094a858a0) 
thrown [s\open\src\hotspot\share\classfile\systemDictionary.cpp, line 256]
Event: 129.959 Thread 0x000001d8fccff1f0 Exception <a 'java/lang/NoSuchMethodError'{0x000000009414cb40}: static Lcom/android/build/gradle/internal/cxx/prefab/PrefabPackagePublication;.<clinit>()V> (0x000000009414cb40) 
thrown [s\open\src\hotspot\share\prims\jni.cpp, line 1112]
Event: 129.963 Thread 0x000001d8fccff1f0 Exception <a 'java/lang/NoSuchMethodError'{0x0000000094176320}: static Lcom/android/build/gradle/internal/cxx/prefab/PrefabModulePublication;.<clinit>()V> (0x0000000094176320) 
thrown [s\open\src\hotspot\share\prims\jni.cpp, line 1112]
Event: 129.965 Thread 0x000001d8fccff1f0 Exception <a 'java/lang/NoSuchMethodError'{0x000000009418f9f0}: static Lcom/android/build/gradle/internal/cxx/prefab/PrefabAbiPublication;.<clinit>()V> (0x000000009418f9f0) 
thrown [s\open\src\hotspot\share\prims\jni.cpp, line 1112]
Event: 129.999 Thread 0x000001d8fccff1f0 Exception <a 'java/lang/NoSuchMethodError'{0x0000000094057838}: 'java.lang.Object java.lang.invoke.Invokers$Holder.invokeExact_MT(java.lang.Object, java.lang.Object, java.lang.Object, int, java.lang.Object, java.lang.Object)'> (0x0000000094057838) 
thrown [s\open\src\hotspot\share\interpreter\linkResolver.cpp, line 759]
Event: 131.099 Thread 0x000001d8fccff1f0 Exception <a 'java/lang/ClassNotFoundException'{0x0000000093faf6e0}: com/android/build/gradle/tasks/PrefabPackageTask_DecoratedBeanInfo> (0x0000000093faf6e0) 
thrown [s\open\src\hotspot\share\classfile\systemDictionary.cpp, line 256]
Event: 131.101 Thread 0x000001d8fccff1f0 Exception <a 'java/lang/ClassNotFoundException'{0x0000000093fbda08}: com/android/build/gradle/tasks/PrefabPackageTaskBeanInfo> (0x0000000093fbda08) 
thrown [s\open\src\hotspot\share\classfile\systemDictionary.cpp, line 256]
Event: 131.104 Thread 0x000001d8fccff1f0 Exception <a 'java/lang/ClassNotFoundException'{0x0000000093fcbd48}: com/android/build/gradle/tasks/PrefabPackageTaskCustomizer> (0x0000000093fcbd48) 
thrown [s\open\src\hotspot\share\classfile\systemDictionary.cpp, line 256]
Event: 131.113 Thread 0x000001d8fccff1f0 Exception <a 'java/lang/ClassNotFoundException'{0x0000000093ff14d8}: com/android/build/gradle/tasks/PrefabPackageTask_DecoratedCustomizer> (0x0000000093ff14d8) 
thrown [s\open\src\hotspot\share\classfile\systemDictionary.cpp, line 256]
Event: 132.282 Thread 0x000001d8fccff1f0 Implicit null exception at 0x000001d8cd62f843 to 0x000001d8cd630704
Event: 132.315 Thread 0x000001d8fccff1f0 Implicit null exception at 0x000001d8cd34ab10 to 0x000001d8cd34abd8
Event: 133.626 Thread 0x000001d8fccff1f0 Exception <a 'java/lang/NullPointerException'{0x00000000963a4c10}> (0x00000000963a4c10) 
thrown [s\open\src\hotspot\share\interpreter\linkResolver.cpp, line 1433]
Event: 134.260 Thread 0x000001d8fccff1f0 Implicit null exception at 0x000001d8cd1afa51 to 0x000001d8cd1b0e98
Event: 135.112 Thread 0x000001d8fccff1f0 Exception <a 'sun/nio/fs/WindowsException'{0x0000000094e07140}> (0x0000000094e07140) 
thrown [s\open\src\hotspot\share\prims\jni.cpp, line 516]
Event: 135.114 Thread 0x000001d8fccff1f0 Exception <a 'sun/nio/fs/WindowsException'{0x0000000094e08770}> (0x0000000094e08770) 
thrown [s\open\src\hotspot\share\prims\jni.cpp, line 516]
Event: 135.115 Thread 0x000001d8fccff1f0 Exception <a 'sun/nio/fs/WindowsException'{0x0000000094e09df0}> (0x0000000094e09df0) 
thrown [s\open\src\hotspot\share\prims\jni.cpp, line 516]
Event: 135.116 Thread 0x000001d8fccff1f0 Exception <a 'sun/nio/fs/WindowsException'{0x0000000094e0b470}> (0x0000000094e0b470) 
thrown [s\open\src\hotspot\share\prims\jni.cpp, line 516]

VM Operations (20 events):
Event: 129.067 Executing VM operation: Cleanup
Event: 129.070 Executing VM operation: Cleanup done
Event: 130.079 Executing VM operation: Cleanup
Event: 131.066 Executing VM operation: Cleanup done
Event: 131.879 Executing VM operation: ICBufferFull
Event: 131.880 Executing VM operation: ICBufferFull done
Event: 132.882 Executing VM operation: Cleanup
Event: 132.882 Executing VM operation: Cleanup done
Event: 133.028 Executing VM operation: G1CollectForAllocation
Event: 133.047 Executing VM operation: G1CollectForAllocation done
Event: 133.270 Executing VM operation: HandshakeAllThreads
Event: 133.271 Executing VM operation: HandshakeAllThreads done
Event: 134.284 Executing VM operation: Cleanup
Event: 134.285 Executing VM operation: Cleanup done
Event: 135.288 Executing VM operation: Cleanup
Event: 135.288 Executing VM operation: Cleanup done
Event: 136.204 Executing VM operation: HandshakeAllThreads
Event: 136.204 Executing VM operation: HandshakeAllThreads done
Event: 137.217 Executing VM operation: Cleanup
Event: 137.218 Executing VM operation: Cleanup done

Events (20 events):
Event: 135.040 loading class javax/xml/datatype/DatatypeConfigurationException done
Event: 135.043 loading class jdk/internal/reflect/UnsafeIntegerFieldAccessorImpl
Event: 135.044 loading class jdk/internal/reflect/UnsafeIntegerFieldAccessorImpl done
Event: 135.058 Thread 0x000001d8fe86b290 Thread added: 0x000001d8fe86b290
Event: 135.118 loading class java/util/EnumMap$EntrySet
Event: 135.125 loading class java/util/EnumMap$EntrySet done
Event: 135.125 loading class java/util/EnumMap$EntryIterator
Event: 135.125 loading class java/util/EnumMap$EnumMapIterator
Event: 135.125 loading class java/util/EnumMap$EnumMapIterator done
Event: 135.125 loading class java/util/EnumMap$EntryIterator done
Event: 135.125 loading class java/util/EnumMap$EntryIterator$Entry
Event: 135.127 loading class java/util/EnumMap$EntryIterator$Entry done
Event: 135.164 loading class jdk/internal/reflect/UnsafeBooleanFieldAccessorImpl
Event: 135.165 loading class jdk/internal/reflect/UnsafeBooleanFieldAccessorImpl done
Event: 135.829 Thread 0x000001d8fe86b290 Thread exited: 0x000001d8fe86b290
Event: 135.957 Thread 0x000001d8fe86c7d0 Thread exited: 0x000001d8fe86c7d0
Event: 136.061 Thread 0x000001d8fe86c7d0 Thread added: 0x000001d8fe86c7d0
Event: 136.211 Thread 0x000001d8dc4e0090 flushing nmethod 0x000001d8c57e1390
Event: 136.222 Thread 0x000001d8dc4e0090 flushing nmethod 0x000001d8c6413e90
Event: 136.223 Thread 0x000001d8dc4e0090 flushing nmethod 0x000001d8c6534b10


Dynamic libraries:
0x00007ff675de0000 - 0x00007ff675df0000 	C:\Program Files\Java\jdk-17\bin\java.exe
0x00007fffb3e00000 - 0x00007fffb4068000 	C:\WINDOWS\SYSTEM32\ntdll.dll
0x00007fffb3c20000 - 0x00007fffb3ce9000 	C:\WINDOWS\System32\KERNEL32.DLL
0x00007fffb1340000 - 0x00007fffb1731000 	C:\WINDOWS\System32\KERNELBASE.dll
0x00007fffb11f0000 - 0x00007fffb133b000 	C:\WINDOWS\System32\ucrtbase.dll
0x00007fffa77f0000 - 0x00007fffa780b000 	C:\Program Files\Java\jdk-17\bin\VCRUNTIME140.dll
0x00007fffada90000 - 0x00007fffadaa9000 	C:\Program Files\Java\jdk-17\bin\jli.dll
0x00007fffb2930000 - 0x00007fffb29e4000 	C:\WINDOWS\System32\ADVAPI32.dll
0x00007fffb3d10000 - 0x00007fffb3db9000 	C:\WINDOWS\System32\msvcrt.dll
0x00007fffb1d70000 - 0x00007fffb1e16000 	C:\WINDOWS\System32\sechost.dll
0x00007fffb2810000 - 0x00007fffb2928000 	C:\WINDOWS\System32\RPCRT4.dll
0x00007fffb1ba0000 - 0x00007fffb1d66000 	C:\WINDOWS\System32\USER32.dll
0x00007fffb1ac0000 - 0x00007fffb1ae7000 	C:\WINDOWS\System32\win32u.dll
0x00007fffb2f70000 - 0x00007fffb2f9b000 	C:\WINDOWS\System32\GDI32.dll
0x00007fffb06e0000 - 0x00007fffb080b000 	C:\WINDOWS\System32\gdi32full.dll
0x00007fffb1af0000 - 0x00007fffb1b93000 	C:\WINDOWS\System32\msvcp_win.dll
0x00007fff8c970000 - 0x00007fff8cc03000 	C:\WINDOWS\WinSxS\amd64_microsoft.windows.common-controls_6595b64144ccf1df_6.0.26100.7824_none_3e0870b2e3345462\COMCTL32.dll
0x00007fff9e510000 - 0x00007fff9e51b000 	C:\WINDOWS\SYSTEM32\VERSION.dll
0x00007fffb2fa0000 - 0x00007fffb2fd1000 	C:\WINDOWS\System32\IMM32.DLL
0x00007fffada70000 - 0x00007fffada7c000 	C:\Program Files\Java\jdk-17\bin\vcruntime140_1.dll
0x00007fff79440000 - 0x00007fff794ce000 	C:\Program Files\Java\jdk-17\bin\msvcp140.dll
0x00007fff05550000 - 0x00007fff06130000 	C:\Program Files\Java\jdk-17\bin\server\jvm.dll
0x00007fffb3190000 - 0x00007fffb3198000 	C:\WINDOWS\System32\PSAPI.DLL
0x00007fffab3f0000 - 0x00007fffab3fa000 	C:\WINDOWS\SYSTEM32\WSOCK32.dll
0x00007fffabae0000 - 0x00007fffabb15000 	C:\WINDOWS\SYSTEM32\WINMM.dll
0x00007fffb2ef0000 - 0x00007fffb2f64000 	C:\WINDOWS\System32\WS2_32.dll
0x00007fffaf480000 - 0x00007fffaf49b000 	C:\WINDOWS\SYSTEM32\kernel.appcore.dll
0x00007fffad400000 - 0x00007fffad40a000 	C:\Program Files\Java\jdk-17\bin\jimage.dll
0x00007fffae360000 - 0x00007fffae5a2000 	C:\WINDOWS\SYSTEM32\DBGHELP.DLL
0x00007fffb2b60000 - 0x00007fffb2ee6000 	C:\WINDOWS\System32\combase.dll
0x00007fffb2a80000 - 0x00007fffb2b57000 	C:\WINDOWS\System32\OLEAUT32.dll
0x00007fff8a7c0000 - 0x00007fff8a7fb000 	C:\WINDOWS\SYSTEM32\dbgcore.DLL
0x00007fffb0810000 - 0x00007fffb08b5000 	C:\WINDOWS\System32\bcryptPrimitives.dll
0x00007fffab540000 - 0x00007fffab54e000 	C:\Program Files\Java\jdk-17\bin\instrument.dll
0x00007fff93ec0000 - 0x00007fff93ee5000 	C:\Program Files\Java\jdk-17\bin\java.dll
0x00007fff77450000 - 0x00007fff77527000 	C:\Program Files\Java\jdk-17\bin\jsvml.dll
0x00007fffb1e20000 - 0x00007fffb2572000 	C:\WINDOWS\System32\SHELL32.dll
0x00007fffb1950000 - 0x00007fffb1aba000 	C:\WINDOWS\System32\wintypes.dll
0x00007fffb0980000 - 0x00007fffb11e3000 	C:\WINDOWS\System32\windows.storage.dll
0x00007fffb2580000 - 0x00007fffb2676000 	C:\WINDOWS\System32\SHCORE.dll
0x00007fffb29f0000 - 0x00007fffb2a57000 	C:\WINDOWS\System32\shlwapi.dll
0x00007fffb0600000 - 0x00007fffb0629000 	C:\WINDOWS\SYSTEM32\profapi.dll
0x00007fff96870000 - 0x00007fff96888000 	C:\Program Files\Java\jdk-17\bin\zip.dll
0x00007fffa7280000 - 0x00007fffa7299000 	C:\Program Files\Java\jdk-17\bin\net.dll
0x00007fffa7ea0000 - 0x00007fffa7fc7000 	C:\WINDOWS\SYSTEM32\WINHTTP.dll
0x00007fffaf9f0000 - 0x00007fffafa5b000 	C:\WINDOWS\system32\mswsock.dll
0x00007fff9df30000 - 0x00007fff9df46000 	C:\Program Files\Java\jdk-17\bin\nio.dll
0x00007fff95190000 - 0x00007fff951a0000 	C:\Program Files\Java\jdk-17\bin\verify.dll
0x00007fff5f210000 - 0x00007fff5f237000 	C:\Users\glbha\.gradle\native\c067742578af261105cb4f569cf0c3c89f3d7b1fecec35dd04571415982c5e48\windows-amd64\native-platform.dll
0x00007fff4dee0000 - 0x00007fff4e024000 	C:\Users\glbha\.gradle\native\38dada09dfb8b06ba9b0570ebf7e218e3eb74d4ef43ca46872605cf95ebc2f47\windows-amd64\native-platform-file-events.dll
0x00007fffaa800000 - 0x00007fffaa80a000 	C:\Program Files\Java\jdk-17\bin\management.dll
0x00007fffaa6b0000 - 0x00007fffaa6bb000 	C:\Program Files\Java\jdk-17\bin\management_ext.dll
0x00007fffafcc0000 - 0x00007fffafcdb000 	C:\WINDOWS\SYSTEM32\CRYPTSP.dll
0x00007fffaf3e0000 - 0x00007fffaf419000 	C:\WINDOWS\system32\rsaenh.dll
0x00007fffafaa0000 - 0x00007fffafacb000 	C:\WINDOWS\SYSTEM32\USERENV.dll
0x00007fffb05d0000 - 0x00007fffb05fa000 	C:\WINDOWS\SYSTEM32\bcrypt.dll
0x00007fffafce0000 - 0x00007fffafcec000 	C:\WINDOWS\SYSTEM32\CRYPTBASE.dll
0x00007fffaee60000 - 0x00007fffaee94000 	C:\WINDOWS\SYSTEM32\IPHLPAPI.DLL
0x00007fffb3cf0000 - 0x00007fffb3cfa000 	C:\WINDOWS\System32\NSI.dll
0x00007fffab340000 - 0x00007fffab35e000 	C:\WINDOWS\SYSTEM32\dhcpcsvc6.DLL
0x00007fffab310000 - 0x00007fffab333000 	C:\WINDOWS\SYSTEM32\dhcpcsvc.DLL
0x00007fffaeef0000 - 0x00007fffaf01c000 	C:\WINDOWS\SYSTEM32\DNSAPI.dll
0x00007fffab510000 - 0x00007fffab51e000 	C:\Program Files\Java\jdk-17\bin\sunmscapi.dll
0x00007fffb17d0000 - 0x00007fffb1947000 	C:\WINDOWS\System32\CRYPT32.dll
0x00007fffafee0000 - 0x00007fffaff10000 	C:\WINDOWS\SYSTEM32\ncrypt.dll
0x00007fffafe90000 - 0x00007fffafecf000 	C:\WINDOWS\SYSTEM32\NTASN1.dll
0x00007fff725f0000 - 0x00007fff725f8000 	C:\WINDOWS\system32\wshunix.dll
0x00007fffa70b0000 - 0x00007fffa70bb000 	C:\Windows\System32\rasadhlp.dll
0x00007fffab6f0000 - 0x00007fffab776000 	C:\WINDOWS\System32\fwpuclnt.dll
0x00007fff88800000 - 0x00007fff88818000 	C:\WINDOWS\system32\napinsp.dll
0x00007fff887e0000 - 0x00007fff887f2000 	C:\WINDOWS\System32\winrnr.dll
0x00007fff887b0000 - 0x00007fff887d2000 	C:\WINDOWS\system32\nlansp_c.dll
0x00007fff883c0000 - 0x00007fff883d6000 	C:\WINDOWS\system32\wshbth.dll

dbghelp: loaded successfully - version: 4.0.5 - missing functions: none
symbol engine: initialized successfully - sym options: 0x614 - pdb path: .;C:\Program Files\Java\jdk-17\bin;C:\WINDOWS\SYSTEM32;C:\WINDOWS\WinSxS\amd64_microsoft.windows.common-controls_6595b64144ccf1df_6.0.26100.7824_none_3e0870b2e3345462;C:\Program Files\Java\jdk-17\bin\server;C:\Users\glbha\.gradle\native\c067742578af261105cb4f569cf0c3c89f3d7b1fecec35dd04571415982c5e48\windows-amd64;C:\Users\glbha\.gradle\native\38dada09dfb8b06ba9b0570ebf7e218e3eb74d4ef43ca46872605cf95ebc2f47\windows-amd64

VM Arguments:
jvm_args: -XX:MaxMetaspaceSize=512m --add-opens=java.base/java.util=ALL-UNNAMED --add-opens=java.base/java.lang=ALL-UNNAMED --add-opens=java.base/java.lang.invoke=ALL-UNNAMED --add-opens=java.prefs/java.util.prefs=ALL-UNNAMED --add-opens=java.base/java.nio.charset=ALL-UNNAMED --add-opens=java.base/java.net=ALL-UNNAMED --add-opens=java.base/java.util.concurrent.atomic=ALL-UNNAMED -Xmx2048m -Dfile.encoding=windows-1252 -Duser.country=IN -Duser.language=en -Duser.variant -javaagent:C:\Users\glbha\.gradle\wrapper\dists\gradle-8.6-all\3mbtmo166bl6vumsh5k2lkq5h\gradle-8.6\lib\agents\gradle-instrumentation-agent-8.6.jar 
java_command: org.gradle.launcher.daemon.bootstrap.GradleDaemon 8.6
java_class_path (initial): C:\Users\glbha\.gradle\wrapper\dists\gradle-8.6-all\3mbtmo166bl6vumsh5k2lkq5h\gradle-8.6\lib\gradle-launcher-8.6.jar
Launcher Type: SUN_STANDARD

[Global flags]
     intx CICompilerCount                          = 4                                         {product} {ergonomic}
   size_t CompressedClassSpaceSize                 = 436207616                                 {product} {ergonomic}
     uint ConcGCThreads                            = 3                                         {product} {ergonomic}
     uint G1ConcRefinementThreads                  = 10                                        {product} {ergonomic}
   size_t G1HeapRegionSize                         = 1048576                                   {product} {ergonomic}
    uintx GCDrainStackTargetSize                   = 64                                        {product} {ergonomic}
   size_t InitialHeapSize                          = 130023424                                 {product} {ergonomic}
   size_t MarkStackSize                            = 4194304                                   {product} {ergonomic}
   size_t MaxHeapSize                              = 2147483648                                {product} {command line}
   size_t MaxMetaspaceSize                         = 536870912                                 {product} {command line}
   size_t MaxNewSize                               = 1287651328                                {product} {ergonomic}
   size_t MinHeapDeltaBytes                        = 1048576                                   {product} {ergonomic}
   size_t MinHeapSize                              = 8388608                                   {product} {ergonomic}
    uintx NonNMethodCodeHeapSize                   = 5839372                                {pd product} {ergonomic}
    uintx NonProfiledCodeHeapSize                  = 122909434                              {pd product} {ergonomic}
    uintx ProfiledCodeHeapSize                     = 122909434                              {pd product} {ergonomic}
    uintx ReservedCodeCacheSize                    = 251658240                              {pd product} {ergonomic}
     bool SegmentedCodeCache                       = true                                      {product} {ergonomic}
   size_t SoftMaxHeapSize                          = 2147483648                             {manageable} {ergonomic}
     bool UseCompressedClassPointers               = true                           {product lp64_product} {ergonomic}
     bool UseCompressedOops                        = true                           {product lp64_product} {ergonomic}
     bool UseG1GC                                  = true                                      {product} {ergonomic}
     bool UseLargePagesIndividualAllocation        = false                                  {pd product} {ergonomic}

Logging:
Log output configuration:
 #0: stdout all=warning uptime,level,tags
 #1: stderr all=off uptime,level,tags

Environment Variables:
JAVA_HOME=C:\Program Files\Java\jdk-17
CLASSPATH=D:\My Life\Hack-With-GDG\User_Frontend\android\\gradle\wrapper\gradle-wrapper.jar
PATH=D:\My Life\Hack-With-GDG\User_Frontend\node_modules\.bin;D:\My Life\Hack-With-GDG\node_modules\.bin;D:\My Life\node_modules\.bin;D:\node_modules\.bin;C:\Program Files\nodejs\node_modules\npm\node_modules\@npmcli\run-script\lib\node-gyp-bin;C:\Users\glbha\bin;C:\Program Files\Git\mingw64\bin;C:\Program Files\Git\usr\local\bin;C:\Program Files\Git\usr\bin;C:\Program Files\Git\usr\bin;C:\Program Files\Git\mingw64\bin;C:\Program Files\Git\usr\bin;C:\Users\glbha\bin;C:\Users\glbha\AppData\Roaming\Code\User\globalStorage\github.copilot-chat\debugCommand;C:\Users\glbha\AppData\Roaming\Code\User\globalStorage\github.copilot-chat\copilotCli;C:\Program Files\Common Files\Oracle\Java\javapath;C:\WINDOWS\system32;C:\WINDOWS;C:\WINDOWS\System32\Wbem;C:\WINDOWS\System32\WindowsPowerShell\v1.0;C:\WINDOWS\System32\OpenSSH;C:\Program Files\nodejs;C:\Program Files\Git\cmd;C:\Program Files\Java\jdk-17\bin;C:\Program Files\MySQL\MySQL Server 8.0\bin;C:\MinGW\bin;D:\Apps\netbeans\bin;D:\Apps\IntelliJ\IntelliJ IDEA Community Edition 2025.2.3\bin;C:\Program Files\apache-jmeter-5.6.3\bin;D:\Apps\Microsoft VS Code\bin;C:\Program Files\MongoDB\Server\8.2\bin;C:\Program Files (x86)\Microsoft SQL Server\170\Tools\Binn;C:\Program Files\Microsoft SQL Server\170\Tools\Binn;C:\Program Files\Microsoft SQL Server\Client SDK\ODBC\180\Tools\Binn;C:\Program Files\Microsoft SQL Server\170\DTS\Binn;C:\Program Files\PuTTY;C:\Program Files\MySQL\MySQL Shell 8.0\bin;C:\Users\glbha\AppData\Local\Programs\Python\Python311\Scripts;C:\Users\glbha\AppData\Local\Programs\Python\Python311;C:\Users\glbha\AppData\Local\Microsoft\WindowsApps;C:\Users\glbha\AppData\Roaming\npm;C:\msys64\ucrt64\bin;D:\Apps\IntelliJ\IntelliJ IDEA 2025.2.3\bin;D:\Apps\PyCharm\PyCharm 2025.2.3\bin;C:\Users\glbha\AppData\Local\Programs\Antigravity\bin;%ANDROID_HOME%\platform-tools;%ANDROID_HOME%\tools;C:\Users\glbha\AppData\Local\JetBrains\Toolbox\scripts;C:\Users\glbha\.vscode\extensions\vscjava.vscode-java-debug-0.58.5\bundled\scripts\
USERNAME=black03
SHELL=C:\Program Files\Git\usr\bin\bash.exe
DISPLAY=needs-to-be-defined
LANG=en_US.UTF-8
OS=Windows_NT
PROCESSOR_IDENTIFIER=Intel64 Family 6 Model 186 Stepping 3, GenuineIntel



---------------  S Y S T E M  ---------------

OS:
 Windows 11 , 64 bit Build 26100 (10.0.26100.7705)
OS uptime: 1 days 23:13 hours
Hyper-V role detected

CPU: total 12 (initial active 12) (6 cores per cpu, 2 threads per core) family 6 model 186 stepping 3 microcode 0x4121, cx8, cmov, fxsr, ht, mmx, 3dnowpref, sse, sse2, sse3, ssse3, sse4.1, sse4.2, popcnt, lzcnt, tsc, tscinvbit, avx, avx2, aes, erms, clmul, bmi1, bmi2, adx, sha, fma, vzeroupper, clflush, clflushopt, clwb, hv

Memory: 4k page, system-wide physical 7835M (1002M free)
TotalPageFile size 30261M (AvailPageFile size 4M)
current process WorkingSet (physical memory assigned to process): 375M, peak: 376M
current process commit charge ("private bytes"): 751M, peak: 756M

vm_info: Java HotSpot(TM) 64-Bit Server VM (17.0.12+8-LTS-286) for windows-amd64 JRE (17.0.12+8-LTS-286), built on Jun  5 2024 06:46:59 by "mach5one" with MS VC++ 17.6 (VS2022)

END.
