#
# There is insufficient memory for the Java Runtime Environment to continue.
# Native memory allocation (malloc) failed to allocate 1833936 bytes for Chunk::new
# Possible reasons:
#   The system is out of physical RAM or swap space
#   The process is running with CompressedOops enabled, and the Java Heap may be blocking the growth of the native heap
# Possible solutions:
#   Reduce memory load on the system
#   Increase physical memory or swap space
#   Check if swap backing store is full
#   Decrease Java heap size (-Xmx/-Xms)
#   Decrease number of Java threads
#   Decrease Java thread stack sizes (-Xss)
#   Set larger code cache with -XX:ReservedCodeCacheSize=
#   JVM is running with Unscaled Compressed Oops mode in which the Java heap is
#     placed in the first 4GB address space. The Java Heap base address is the
#     maximum limit for the native heap growth. Please use -XX:HeapBaseMinAddress
#     to set the Java Heap base and to place the Java Heap above 4GB virtual address.
# This output file may be truncated or incomplete.
#
#  Out of Memory Error (arena.cpp:189), pid=26860, tid=30196
#
# JRE version: Java(TM) SE Runtime Environment (17.0.12+8) (build 17.0.12+8-LTS-286)
# Java VM: Java HotSpot(TM) 64-Bit Server VM (17.0.12+8-LTS-286, mixed mode, sharing, tiered, compressed oops, compressed class ptrs, g1 gc, windows-amd64)
# No core dump will be written. Minidumps are not enabled by default on client versions of Windows
#

---------------  S U M M A R Y ------------

Command Line: -XX:MaxMetaspaceSize=512m --add-opens=java.base/java.util=ALL-UNNAMED --add-opens=java.base/java.lang=ALL-UNNAMED --add-opens=java.base/java.lang.invoke=ALL-UNNAMED --add-opens=java.prefs/java.util.prefs=ALL-UNNAMED --add-opens=java.base/java.nio.charset=ALL-UNNAMED --add-opens=java.base/java.net=ALL-UNNAMED --add-opens=java.base/java.util.concurrent.atomic=ALL-UNNAMED -Xmx2048m -Dfile.encoding=windows-1252 -Duser.country=IN -Duser.language=en -Duser.variant -javaagent:C:\Users\glbha\.gradle\wrapper\dists\gradle-8.6-all\3mbtmo166bl6vumsh5k2lkq5h\gradle-8.6\lib\agents\gradle-instrumentation-agent-8.6.jar org.gradle.launcher.daemon.bootstrap.GradleDaemon 8.6

Host: 13th Gen Intel(R) Core(TM) i5-1334U, 12 cores, 7G,  Windows 11 , 64 bit Build 26100 (10.0.26100.7705)
Time: Sun Feb 15 07:41:48 2026 India Standard Time elapsed time: 168.938610 seconds (0d 0h 2m 48s)

---------------  T H R E A D  ---------------

Current thread (0x0000021d24021420):  JavaThread "C2 CompilerThread1" daemon [_thread_in_native, id=30196, stack(0x0000008f50b00000,0x0000008f50c00000)]


Current CompileTask:
C2: 168939 35475       4       com.android.tools.r8.internal.f20::a0 (25 bytes)

Stack: [0x0000008f50b00000,0x0000008f50c00000]
Native frames: (J=compiled Java code, j=interpreted, Vv=VM code, C=native code)
V  [jvm.dll+0x67a04a]
V  [jvm.dll+0x7da4ed]
V  [jvm.dll+0x7dbe33]
V  [jvm.dll+0x7dc4a3]
V  [jvm.dll+0x24508f]
V  [jvm.dll+0xab773]
V  [jvm.dll+0xabd3c]
V  [jvm.dll+0x361b9f]
V  [jvm.dll+0x32c431]
V  [jvm.dll+0x32b8ca]
V  [jvm.dll+0x21683f]
V  [jvm.dll+0x215c6f]
V  [jvm.dll+0x1a2960]
V  [jvm.dll+0x22610b]
V  [jvm.dll+0x2242ab]
V  [jvm.dll+0x79075c]
V  [jvm.dll+0x78abea]
V  [jvm.dll+0x678f35]
C  [ucrtbase.dll+0x37b0]
C  [KERNEL32.DLL+0x2e8d7]
C  [ntdll.dll+0x8c40c]


---------------  P R O C E S S  ---------------

Threads class SMR info:
_java_thread_list=0x0000021d256e6710, length=237, elements={
0x0000021d5800e9f0, 0x0000021d7667b700, 0x0000021d7667c1d0, 0x0000021d76694e40,
0x0000021d76697720, 0x0000021d76698b60, 0x0000021d76699430, 0x0000021d7669a030,
0x0000021d7669e0e0, 0x0000021d766c1580, 0x0000021d768b7400, 0x0000021d769cd5f0,
0x0000021d7e7fd960, 0x0000021d7d043040, 0x0000021d7dba9480, 0x0000021d7dcb5a90,
0x0000021d7c8a2ea0, 0x0000021d7c8a1f70, 0x0000021d7c8a47f0, 0x0000021d7c8a2990,
0x0000021d7c8a2480, 0x0000021d7c8a1a60, 0x0000021d7ea69c40, 0x0000021d7ea69220,
0x0000021d7ea6a660, 0x0000021d7ea6baa0, 0x0000021d7ea68d10, 0x0000021d7ea6e830,
0x0000021d7ea6e320, 0x0000021d7ea6c9d0, 0x0000021d7ea6cee0, 0x0000021d7ea6d900,
0x0000021d7ea6de10, 0x0000021d7b868680, 0x0000021d7b86c340, 0x0000021d7b86c850,
0x0000021d7b86d270, 0x0000021d7b86f5e0, 0x0000021d7b86faf0, 0x0000021d7b86dc90,
0x0000021d7b86e6b0, 0x0000021d7e8386c0, 0x0000021d7e8381b0, 0x0000021d7e838bd0,
0x0000021d7e8390e0, 0x0000021d7b162150, 0x0000021d219c9930, 0x0000021d219cb790,
0x0000021d219c8a00, 0x0000021d219c7fe0, 0x0000021d219cc1b0, 0x0000021d219cbca0,
0x0000021d219c8f10, 0x0000021d219c9420, 0x0000021d219cd0e0, 0x0000021d219cd5f0,
0x0000021d219c9e40, 0x0000021d219cdb00, 0x0000021d219ca350, 0x0000021d219ce010,
0x0000021d219ca860, 0x0000021d219cf960, 0x0000021d219ce520, 0x0000021d219cea30,
0x0000021d219cef40, 0x0000021d219cf450, 0x0000021d1b0fc2d0, 0x0000021d1b0fa980,
0x0000021d1b0fdc20, 0x0000021d1b0fc7e0, 0x0000021d1b0fd200, 0x0000021d1b0fccf0,
0x0000021d1b0fae90, 0x0000021d1b0fa470, 0x0000021d1b0fe130, 0x0000021d1b0fe640,
0x0000021d1b0fb8b0, 0x0000021d1b0fb3a0, 0x0000021d1b0ff060, 0x0000021d1b0ff570,
0x0000021d1b0ffa80, 0x0000021d1b0fff90, 0x0000021d1b1009b0, 0x0000021d1b100ec0,
0x0000021d1b1004a0, 0x0000021d1b1013d0, 0x0000021d1b1018e0, 0x0000021d7e839b00,
0x0000021d7e837790, 0x0000021d7e836860, 0x0000021d7e83aa30, 0x0000021d7e83a010,
0x0000021d7e8395f0, 0x0000021d7e83a520, 0x0000021d7e837280, 0x0000021d7e83af40,
0x0000021d7e83b450, 0x0000021d7e837ca0, 0x0000021d7e83c380, 0x0000021d7e83b960,
0x0000021d7e83cda0, 0x0000021d7e83c890, 0x0000021d7e83dcd0, 0x0000021d7e83e1e0,
0x0000021d7e83d2b0, 0x0000021d7e83be70, 0x0000021d7e83d7c0, 0x0000021d7b15df80,
0x0000021d7b15b1f0, 0x0000021d7b15e490, 0x0000021d7b15e9a0, 0x0000021d7b15c630,
0x0000021d7b15eeb0, 0x0000021d7b15b700, 0x0000021d7b15f3c0, 0x0000021d7b15bc10,
0x0000021d7b15f8d0, 0x0000021d7b15c120, 0x0000021d7b15fde0, 0x0000021d7b162b70,
0x0000021d7b160800, 0x0000021d7b161220, 0x0000021d7b161c40, 0x0000021d7d415dd0,
0x0000021d7d4162e0, 0x0000021d7d413040, 0x0000021d7d416d00, 0x0000021d7d414480,
0x0000021d7d413550, 0x0000021d7d418b60, 0x0000021d7d417210, 0x0000021d7d419070,
0x0000021d7d419580, 0x0000021d7d417720, 0x0000021d7d417c30, 0x0000021d7d418140,
0x0000021d7d418650, 0x0000021d7b8690a0, 0x0000021d7b86a4e0, 0x0000021d7b8695b0,
0x0000021d7b86af00, 0x0000021d7b86a9f0, 0x0000021d7b868b90, 0x0000021d7b869fd0,
0x0000021d7b869ac0, 0x0000021d7b86b410, 0x0000021d7b868170, 0x0000021d7b86b920,
0x0000021d7b86ebc0, 0x0000021d7ea6b080, 0x0000021d7ea6ab70, 0x0000021d7ea6b590,
0x0000021d7ea6bfb0, 0x0000021d7ea68800, 0x0000021d7c8a33b0, 0x0000021d7c8a3dd0,
0x0000021d7c8a1550, 0x0000021d7c8a42e0, 0x0000021d7c8a4d00, 0x0000021d7b86be30,
0x0000021d7ea6d3f0, 0x0000021d20cd0fa0, 0x0000021d20cd19c0, 0x0000021d20ccfb60,
0x0000021d20cd0070, 0x0000021d20ccf140, 0x0000021d20cce720, 0x0000021d20cce210,
0x0000021d20cd0a90, 0x0000021d20ccf650, 0x0000021d20ccec30, 0x0000021d20cd0580,
0x0000021d20cd14b0, 0x0000021d1be267f0, 0x0000021d1be27720, 0x0000021d1be28650,
0x0000021d1be29a90, 0x0000021d1be28b60, 0x0000021d1be2a9c0, 0x0000021d1be27210,
0x0000021d1be2be00, 0x0000021d1be2aed0, 0x0000021d1be2b3e0, 0x0000021d1be2c310,
0x0000021d1be29070, 0x0000021d1be2d750, 0x0000021d1be2c820, 0x0000021d1be2cd30,
0x0000021d1be2b8f0, 0x0000021d1be2d240, 0x0000021d1be2dc60, 0x0000021d1be2e170,
0x0000021d219ccbd0, 0x0000021d231dff90, 0x0000021d231e13d0, 0x0000021d231e2810,
0x0000021d231e18e0, 0x0000021d231e04a0, 0x0000021d231e1df0, 0x0000021d231e09b0,
0x0000021d231df060, 0x0000021d231e2300, 0x0000021d231df570, 0x0000021d231dfa80,
0x0000021d231e5ab0, 0x0000021d21c4f550, 0x0000021d23ce2ed0, 0x0000021d23e6c0a0,
0x0000021d1bb6a570, 0x0000021d1bb6aa80, 0x0000021d23d99fa0, 0x0000021d23d9b3e0,
0x0000021d23d9b8f0, 0x0000021d23d99070, 0x0000021d23d9a4b0, 0x0000021d23d9a9c0,
0x0000021d23d9aed0, 0x0000021d23d99580, 0x0000021d23d98140, 0x0000021d23944550,
0x0000021d23d98650, 0x0000021d2489e970, 0x0000021d23944040, 0x0000021d23944a60,
0x0000021d20c0a500, 0x0000021d23e6cac0, 0x0000021d21c4fa60, 0x0000021d21c4ff70,
0x0000021d23d98b60, 0x0000021d24894400, 0x0000021d20c0aa10, 0x0000021d23e6c5b0,
0x0000021d208bfa80, 0x0000021d23e6cfd0, 0x0000021d22e70f50, 0x0000021d24021420,
0x0000021d2401e9a0
}

Java Threads: ( => current thread )
  0x0000021d5800e9f0 JavaThread "main" [_thread_blocked, id=13108, stack(0x0000008f40900000,0x0000008f40a00000)]
  0x0000021d7667b700 JavaThread "Reference Handler" daemon [_thread_blocked, id=19596, stack(0x0000008f41000000,0x0000008f41100000)]
  0x0000021d7667c1d0 JavaThread "Finalizer" daemon [_thread_blocked, id=22964, stack(0x0000008f41100000,0x0000008f41200000)]
  0x0000021d76694e40 JavaThread "Signal Dispatcher" daemon [_thread_blocked, id=26548, stack(0x0000008f41200000,0x0000008f41300000)]
  0x0000021d76697720 JavaThread "Attach Listener" daemon [_thread_blocked, id=20768, stack(0x0000008f41300000,0x0000008f41400000)]
  0x0000021d76698b60 JavaThread "Service Thread" daemon [_thread_blocked, id=31484, stack(0x0000008f41400000,0x0000008f41500000)]
  0x0000021d76699430 JavaThread "Monitor Deflation Thread" daemon [_thread_blocked, id=2552, stack(0x0000008f41500000,0x0000008f41600000)]
  0x0000021d7669a030 JavaThread "C2 CompilerThread0" daemon [_thread_in_native, id=7144, stack(0x0000008f41600000,0x0000008f41700000)]
  0x0000021d7669e0e0 JavaThread "C1 CompilerThread0" daemon [_thread_in_native, id=228, stack(0x0000008f41700000,0x0000008f41800000)]
  0x0000021d766c1580 JavaThread "Sweeper thread" daemon [_thread_blocked, id=23360, stack(0x0000008f41800000,0x0000008f41900000)]
  0x0000021d768b7400 JavaThread "Common-Cleaner" daemon [_thread_blocked, id=6592, stack(0x0000008f41900000,0x0000008f41a00000)]
  0x0000021d769cd5f0 JavaThread "Notification Thread" daemon [_thread_blocked, id=30296, stack(0x0000008f41a00000,0x0000008f41b00000)]
  0x0000021d7e7fd960 JavaThread "Daemon health stats" [_thread_blocked, id=8584, stack(0x0000008f42200000,0x0000008f42300000)]
  0x0000021d7d043040 JavaThread "Incoming local TCP Connector on port 57788" [_thread_in_native, id=17488, stack(0x0000008f42300000,0x0000008f42400000)]
  0x0000021d7dba9480 JavaThread "Daemon periodic checks" [_thread_blocked, id=24408, stack(0x0000008f42400000,0x0000008f42500000)]
  0x0000021d7dcb5a90 JavaThread "Daemon" [_thread_blocked, id=24884, stack(0x0000008f42500000,0x0000008f42600000)]
  0x0000021d7c8a2ea0 JavaThread "Daemon worker" [_thread_blocked, id=27416, stack(0x0000008f42800000,0x0000008f42900000)]
  0x0000021d7c8a1f70 JavaThread "Cache worker for journal cache (C:\Users\glbha\.gradle\caches\journal-1)" [_thread_blocked, id=3760, stack(0x0000008f42c00000,0x0000008f42d00000)]
  0x0000021d7c8a47f0 JavaThread "File lock request listener" [_thread_in_native, id=12836, stack(0x0000008f42d00000,0x0000008f42e00000)]
  0x0000021d7c8a2990 JavaThread "Cache worker for file hash cache (C:\Users\glbha\.gradle\caches\8.6\fileHashes)" [_thread_blocked, id=22240, stack(0x0000008f42e00000,0x0000008f42f00000)]
  0x0000021d7c8a2480 JavaThread "File watcher server" daemon [_thread_in_native, id=31400, stack(0x0000008f43300000,0x0000008f43400000)]
  0x0000021d7c8a1a60 JavaThread "File watcher consumer" daemon [_thread_blocked, id=23556, stack(0x0000008f43400000,0x0000008f43500000)]
  0x0000021d7ea69c40 JavaThread "Cache worker for file content cache (C:\Users\glbha\.gradle\caches\8.6\fileContent)" [_thread_blocked, id=32484, stack(0x0000008f43a00000,0x0000008f43b00000)]
  0x0000021d7ea69220 JavaThread "jar transforms" [_thread_blocked, id=19580, stack(0x0000008f43d00000,0x0000008f43e00000)]
  0x0000021d7ea6a660 JavaThread "jar transforms Thread 2" [_thread_blocked, id=16724, stack(0x0000008f43e00000,0x0000008f43f00000)]
  0x0000021d7ea6baa0 JavaThread "jar transforms Thread 3" [_thread_blocked, id=32280, stack(0x0000008f43f00000,0x0000008f44000000)]
  0x0000021d7ea68d10 JavaThread "jar transforms Thread 4" [_thread_blocked, id=26932, stack(0x0000008f44000000,0x0000008f44100000)]
  0x0000021d7ea6e830 JavaThread "jar transforms Thread 5" [_thread_blocked, id=15232, stack(0x0000008f44400000,0x0000008f44500000)]
  0x0000021d7ea6e320 JavaThread "jar transforms Thread 6" [_thread_blocked, id=28152, stack(0x0000008f44500000,0x0000008f44600000)]
  0x0000021d7ea6c9d0 JavaThread "jar transforms Thread 7" [_thread_blocked, id=22988, stack(0x0000008f44800000,0x0000008f44900000)]
  0x0000021d7ea6cee0 JavaThread "jar transforms Thread 8" [_thread_blocked, id=32208, stack(0x0000008f44900000,0x0000008f44a00000)]
  0x0000021d7ea6d900 JavaThread "jar transforms Thread 9" [_thread_blocked, id=14856, stack(0x0000008f44b00000,0x0000008f44c00000)]
  0x0000021d7ea6de10 JavaThread "jar transforms Thread 10" [_thread_blocked, id=30980, stack(0x0000008f44c00000,0x0000008f44d00000)]
  0x0000021d7b868680 JavaThread "Memory manager" [_thread_blocked, id=21076, stack(0x0000008f45800000,0x0000008f45900000)]
  0x0000021d7b86c340 JavaThread "jar transforms Thread 11" [_thread_blocked, id=25652, stack(0x0000008f45900000,0x0000008f45a00000)]
  0x0000021d7b86c850 JavaThread "jar transforms Thread 12" [_thread_blocked, id=23264, stack(0x0000008f45a00000,0x0000008f45b00000)]
  0x0000021d7b86d270 JavaThread "ForkJoinPool.commonPool-worker-2" daemon [_thread_blocked, id=29944, stack(0x0000008f45d00000,0x0000008f45e00000)]
  0x0000021d7b86f5e0 JavaThread "ForkJoinPool.commonPool-worker-3" daemon [_thread_blocked, id=22824, stack(0x0000008f45e00000,0x0000008f45f00000)]
  0x0000021d7b86faf0 JavaThread "ForkJoinPool.commonPool-worker-4" daemon [_thread_blocked, id=30252, stack(0x0000008f45f00000,0x0000008f46000000)]
  0x0000021d7b86dc90 JavaThread "ForkJoinPool.commonPool-worker-5" daemon [_thread_blocked, id=21176, stack(0x0000008f46000000,0x0000008f46100000)]
  0x0000021d7b86e6b0 JavaThread "ForkJoinPool.commonPool-worker-6" daemon [_thread_blocked, id=24240, stack(0x0000008f46100000,0x0000008f46200000)]
  0x0000021d7e8386c0 JavaThread "ForkJoinPool.commonPool-worker-7" daemon [_thread_blocked, id=25744, stack(0x0000008f46200000,0x0000008f46300000)]
  0x0000021d7e8381b0 JavaThread "ForkJoinPool.commonPool-worker-8" daemon [_thread_blocked, id=14956, stack(0x0000008f46300000,0x0000008f46400000)]
  0x0000021d7e838bd0 JavaThread "ForkJoinPool.commonPool-worker-9" daemon [_thread_blocked, id=19024, stack(0x0000008f46400000,0x0000008f46500000)]
  0x0000021d7e8390e0 JavaThread "ForkJoinPool.commonPool-worker-10" daemon [_thread_blocked, id=25792, stack(0x0000008f46500000,0x0000008f46600000)]
  0x0000021d7b162150 JavaThread "pool-3-thread-1" [_thread_blocked, id=22756, stack(0x0000008f4df00000,0x0000008f4e000000)]
  0x0000021d219c9930 JavaThread "Handler for socket connection from /127.0.0.1:57788 to /127.0.0.1:51282" [_thread_in_native, id=28580, stack(0x0000008f41c00000,0x0000008f41d00000)]
  0x0000021d219cb790 JavaThread "Cancel handler" [_thread_blocked, id=14828, stack(0x0000008f42600000,0x0000008f42700000)]
  0x0000021d219c8a00 JavaThread "Asynchronous log dispatcher for DefaultDaemonConnection: socket connection from /127.0.0.1:57788 to /127.0.0.1:51282" [_thread_blocked, id=31872, stack(0x0000008f42700000,0x0000008f42800000)]
  0x0000021d219c7fe0 JavaThread "Stdin handler" [_thread_blocked, id=18624, stack(0x0000008f42900000,0x0000008f42a00000)]
  0x0000021d219cc1b0 JavaThread "Daemon client event forwarder" [_thread_blocked, id=11888, stack(0x0000008f42a00000,0x0000008f42b00000)]
  0x0000021d219cbca0 JavaThread "Cache worker for checksums cache (D:\My Life\Hack-With-GDG\User_Frontend\android\.gradle\8.6\checksums)" [_thread_blocked, id=32116, stack(0x0000008f42b00000,0x0000008f42c00000)]
  0x0000021d219c8f10 JavaThread "Cache worker for file hash cache (D:\My Life\Hack-With-GDG\User_Frontend\android\.gradle\8.6\fileHashes)" [_thread_blocked, id=27568, stack(0x0000008f43500000,0x0000008f43600000)]
  0x0000021d219c9420 JavaThread "Cache worker for cache directory md-supplier (C:\Users\glbha\.gradle\caches\8.6\md-supplier)" [_thread_blocked, id=24064, stack(0x0000008f43800000,0x0000008f43900000)]
  0x0000021d219cd0e0 JavaThread "Cache worker for cache directory md-rule (C:\Users\glbha\.gradle\caches\8.6\md-rule)" [_thread_blocked, id=32096, stack(0x0000008f43900000,0x0000008f43a00000)]
  0x0000021d219cd5f0 JavaThread "Unconstrained build operations" [_thread_blocked, id=11516, stack(0x0000008f40700000,0x0000008f40800000)]
  0x0000021d219c9e40 JavaThread "Unconstrained build operations Thread 2" [_thread_blocked, id=23844, stack(0x0000008f40800000,0x0000008f40900000)]
  0x0000021d219cdb00 JavaThread "Cache worker for Build Output Cleanup Cache (D:\My Life\Hack-With-GDG\User_Frontend\node_modules\@react-native\gradle-plugin\.gradle\buildOutputCleanup)" [_thread_blocked, id=26856, stack(0x0000008f43b00000,0x0000008f43c00000)]
  0x0000021d219ca350 JavaThread "Unconstrained build operations Thread 3" [_thread_blocked, id=6068, stack(0x0000008f43c00000,0x0000008f43d00000)]
  0x0000021d219ce010 JavaThread "Unconstrained build operations Thread 4" [_thread_blocked, id=27320, stack(0x0000008f44600000,0x0000008f44700000)]
  0x0000021d219ca860 JavaThread "Unconstrained build operations Thread 5" [_thread_blocked, id=14180, stack(0x0000008f44700000,0x0000008f44800000)]
  0x0000021d219cf960 JavaThread "Unconstrained build operations Thread 6" [_thread_blocked, id=25688, stack(0x0000008f44a00000,0x0000008f44b00000)]
  0x0000021d219ce520 JavaThread "Unconstrained build operations Thread 7" [_thread_blocked, id=29096, stack(0x0000008f44d00000,0x0000008f44e00000)]
  0x0000021d219cea30 JavaThread "Unconstrained build operations Thread 8" [_thread_blocked, id=20512, stack(0x0000008f44e00000,0x0000008f44f00000)]
  0x0000021d219cef40 JavaThread "Unconstrained build operations Thread 9" [_thread_blocked, id=20864, stack(0x0000008f44f00000,0x0000008f45000000)]
  0x0000021d219cf450 JavaThread "Unconstrained build operations Thread 10" [_thread_blocked, id=26760, stack(0x0000008f45000000,0x0000008f45100000)]
  0x0000021d1b0fc2d0 JavaThread "Unconstrained build operations Thread 11" [_thread_blocked, id=24372, stack(0x0000008f45100000,0x0000008f45200000)]
  0x0000021d1b0fa980 JavaThread "Unconstrained build operations Thread 12" [_thread_blocked, id=14948, stack(0x0000008f45200000,0x0000008f45300000)]
  0x0000021d1b0fdc20 JavaThread "Unconstrained build operations Thread 13" [_thread_blocked, id=7868, stack(0x0000008f45300000,0x0000008f45400000)]
  0x0000021d1b0fc7e0 JavaThread "build event listener" [_thread_blocked, id=27164, stack(0x0000008f45500000,0x0000008f45600000)]
  0x0000021d1b0fd200 JavaThread "Cache worker for Build Output Cleanup Cache (D:\My Life\Hack-With-GDG\User_Frontend\android\.gradle\buildOutputCleanup)" [_thread_blocked, id=32652, stack(0x0000008f45600000,0x0000008f45700000)]
  0x0000021d1b0fccf0 JavaThread "included builds" [_thread_in_Java, id=16028, stack(0x0000008f45700000,0x0000008f45800000)]
  0x0000021d1b0fae90 JavaThread "Execution worker" [_thread_blocked, id=30688, stack(0x0000008f45b00000,0x0000008f45c00000)]
  0x0000021d1b0fa470 JavaThread "Execution worker Thread 2" [_thread_blocked, id=3824, stack(0x0000008f46700000,0x0000008f46800000)]
  0x0000021d1b0fe130 JavaThread "Execution worker Thread 3" [_thread_blocked, id=388, stack(0x0000008f46800000,0x0000008f46900000)]
  0x0000021d1b0fe640 JavaThread "Execution worker Thread 4" [_thread_in_Java, id=17424, stack(0x0000008f46900000,0x0000008f46a00000)]
  0x0000021d1b0fb8b0 JavaThread "Execution worker Thread 5" [_thread_in_Java, id=32204, stack(0x0000008f46a00000,0x0000008f46b00000)]
  0x0000021d1b0fb3a0 JavaThread "Execution worker Thread 6" [_thread_blocked, id=6520, stack(0x0000008f46b00000,0x0000008f46c00000)]
  0x0000021d1b0ff060 JavaThread "Execution worker Thread 7" [_thread_in_vm, id=26540, stack(0x0000008f46c00000,0x0000008f46d00000)]
  0x0000021d1b0ff570 JavaThread "Execution worker Thread 8" [_thread_in_Java, id=31716, stack(0x0000008f46d00000,0x0000008f46e00000)]
  0x0000021d1b0ffa80 JavaThread "Execution worker Thread 9" [_thread_blocked, id=15596, stack(0x0000008f46e00000,0x0000008f46f00000)]
  0x0000021d1b0fff90 JavaThread "Execution worker Thread 10" [_thread_blocked, id=13548, stack(0x0000008f46f00000,0x0000008f47000000)]
  0x0000021d1b1009b0 JavaThread "Execution worker Thread 11" [_thread_in_native, id=21048, stack(0x0000008f47000000,0x0000008f47100000)]
  0x0000021d1b100ec0 JavaThread "Cache worker for execution history cache (D:\My Life\Hack-With-GDG\User_Frontend\node_modules\@react-native\gradle-plugin\.gradle\8.6\executionHistory)" [_thread_blocked, id=6028, stack(0x0000008f47100000,0x0000008f47200000)]
  0x0000021d1b1004a0 JavaThread "Unconstrained build operations Thread 14" [_thread_blocked, id=15176, stack(0x0000008f47200000,0x0000008f47300000)]
  0x0000021d1b1013d0 JavaThread "Unconstrained build operations Thread 15" [_thread_blocked, id=28896, stack(0x0000008f47300000,0x0000008f47400000)]
  0x0000021d1b1018e0 JavaThread "Unconstrained build operations Thread 16" [_thread_blocked, id=1620, stack(0x0000008f47400000,0x0000008f47500000)]
  0x0000021d7e839b00 JavaThread "Unconstrained build operations Thread 17" [_thread_blocked, id=6104, stack(0x0000008f47500000,0x0000008f47600000)]
  0x0000021d7e837790 JavaThread "Unconstrained build operations Thread 18" [_thread_blocked, id=25164, stack(0x0000008f47600000,0x0000008f47700000)]
  0x0000021d7e836860 JavaThread "Unconstrained build operations Thread 19" [_thread_blocked, id=22496, stack(0x0000008f47700000,0x0000008f47800000)]
  0x0000021d7e83aa30 JavaThread "Unconstrained build operations Thread 20" [_thread_blocked, id=9772, stack(0x0000008f47800000,0x0000008f47900000)]
  0x0000021d7e83a010 JavaThread "Unconstrained build operations Thread 21" [_thread_blocked, id=11260, stack(0x0000008f47900000,0x0000008f47a00000)]
  0x0000021d7e8395f0 JavaThread "Unconstrained build operations Thread 22" [_thread_blocked, id=13240, stack(0x0000008f47a00000,0x0000008f47b00000)]
  0x0000021d7e83a520 JavaThread "Unconstrained build operations Thread 23" [_thread_blocked, id=27548, stack(0x0000008f47b00000,0x0000008f47c00000)]
  0x0000021d7e837280 JavaThread "Unconstrained build operations Thread 24" [_thread_blocked, id=12368, stack(0x0000008f47c00000,0x0000008f47d00000)]
  0x0000021d7e83af40 JavaThread "Unconstrained build operations Thread 25" [_thread_blocked, id=13520, stack(0x0000008f47d00000,0x0000008f47e00000)]
  0x0000021d7e83b450 JavaThread "Unconstrained build operations Thread 26" [_thread_blocked, id=29340, stack(0x0000008f47e00000,0x0000008f47f00000)]
  0x0000021d7e837ca0 JavaThread "Unconstrained build operations Thread 27" [_thread_blocked, id=17204, stack(0x0000008f47f00000,0x0000008f48000000)]
  0x0000021d7e83c380 JavaThread "Unconstrained build operations Thread 28" [_thread_blocked, id=30080, stack(0x0000008f48000000,0x0000008f48100000)]
  0x0000021d7e83b960 JavaThread "Unconstrained build operations Thread 29" [_thread_blocked, id=31424, stack(0x0000008f48100000,0x0000008f48200000)]
  0x0000021d7e83cda0 JavaThread "Unconstrained build operations Thread 30" [_thread_blocked, id=3620, stack(0x0000008f48200000,0x0000008f48300000)]
  0x0000021d7e83c890 JavaThread "Unconstrained build operations Thread 31" [_thread_blocked, id=13988, stack(0x0000008f48300000,0x0000008f48400000)]
  0x0000021d7e83dcd0 JavaThread "Unconstrained build operations Thread 32" [_thread_blocked, id=1804, stack(0x0000008f48400000,0x0000008f48500000)]
  0x0000021d7e83e1e0 JavaThread "Unconstrained build operations Thread 33" [_thread_blocked, id=30092, stack(0x0000008f48500000,0x0000008f48600000)]
  0x0000021d7e83d2b0 JavaThread "Unconstrained build operations Thread 34" [_thread_blocked, id=17444, stack(0x0000008f48600000,0x0000008f48700000)]
  0x0000021d7e83be70 JavaThread "Unconstrained build operations Thread 35" [_thread_blocked, id=11604, stack(0x0000008f48700000,0x0000008f48800000)]
  0x0000021d7e83d7c0 JavaThread "Unconstrained build operations Thread 36" [_thread_blocked, id=32308, stack(0x0000008f48800000,0x0000008f48900000)]
  0x0000021d7b15df80 JavaThread "Unconstrained build operations Thread 37" [_thread_blocked, id=9368, stack(0x0000008f48900000,0x0000008f48a00000)]
  0x0000021d7b15b1f0 JavaThread "build event listener" [_thread_blocked, id=30228, stack(0x0000008f48a00000,0x0000008f48b00000)]
  0x0000021d7b15e490 JavaThread "Unconstrained build operations Thread 38" [_thread_blocked, id=10876, stack(0x0000008f48b00000,0x0000008f48c00000)]
  0x0000021d7b15e9a0 JavaThread "Unconstrained build operations Thread 39" [_thread_blocked, id=15820, stack(0x0000008f48c00000,0x0000008f48d00000)]
  0x0000021d7b15c630 JavaThread "Unconstrained build operations Thread 40" [_thread_blocked, id=32032, stack(0x0000008f48d00000,0x0000008f48e00000)]
  0x0000021d7b15eeb0 JavaThread "Unconstrained build operations Thread 41" [_thread_blocked, id=28956, stack(0x0000008f48e00000,0x0000008f48f00000)]
  0x0000021d7b15b700 JavaThread "Unconstrained build operations Thread 42" [_thread_blocked, id=28616, stack(0x0000008f48f00000,0x0000008f49000000)]
  0x0000021d7b15f3c0 JavaThread "Unconstrained build operations Thread 43" [_thread_blocked, id=15408, stack(0x0000008f49000000,0x0000008f49100000)]
  0x0000021d7b15bc10 JavaThread "Unconstrained build operations Thread 44" [_thread_blocked, id=13140, stack(0x0000008f49100000,0x0000008f49200000)]
  0x0000021d7b15f8d0 JavaThread "Unconstrained build operations Thread 45" [_thread_blocked, id=25824, stack(0x0000008f49200000,0x0000008f49300000)]
  0x0000021d7b15c120 JavaThread "Unconstrained build operations Thread 46" [_thread_blocked, id=3556, stack(0x0000008f49300000,0x0000008f49400000)]
  0x0000021d7b15fde0 JavaThread "Unconstrained build operations Thread 47" [_thread_blocked, id=20024, stack(0x0000008f49400000,0x0000008f49500000)]
  0x0000021d7b162b70 JavaThread "Unconstrained build operations Thread 48" [_thread_blocked, id=31712, stack(0x0000008f49500000,0x0000008f49600000)]
  0x0000021d7b160800 JavaThread "Unconstrained build operations Thread 49" [_thread_blocked, id=29996, stack(0x0000008f49600000,0x0000008f49700000)]
  0x0000021d7b161220 JavaThread "Unconstrained build operations Thread 50" [_thread_blocked, id=23640, stack(0x0000008f49700000,0x0000008f49800000)]
  0x0000021d7b161c40 JavaThread "Unconstrained build operations Thread 51" [_thread_blocked, id=12460, stack(0x0000008f49800000,0x0000008f49900000)]
  0x0000021d7d415dd0 JavaThread "Unconstrained build operations Thread 52" [_thread_blocked, id=14904, stack(0x0000008f49900000,0x0000008f49a00000)]
  0x0000021d7d4162e0 JavaThread "Unconstrained build operations Thread 53" [_thread_blocked, id=27364, stack(0x0000008f49a00000,0x0000008f49b00000)]
  0x0000021d7d413040 JavaThread "Unconstrained build operations Thread 54" [_thread_blocked, id=14388, stack(0x0000008f49b00000,0x0000008f49c00000)]
  0x0000021d7d416d00 JavaThread "Unconstrained build operations Thread 55" [_thread_blocked, id=27340, stack(0x0000008f49c00000,0x0000008f49d00000)]
  0x0000021d7d414480 JavaThread "Unconstrained build operations Thread 56" [_thread_blocked, id=26000, stack(0x0000008f49d00000,0x0000008f49e00000)]
  0x0000021d7d413550 JavaThread "Unconstrained build operations Thread 57" [_thread_blocked, id=27128, stack(0x0000008f49e00000,0x0000008f49f00000)]
  0x0000021d7d418b60 JavaThread "Unconstrained build operations Thread 58" [_thread_blocked, id=13564, stack(0x0000008f49f00000,0x0000008f4a000000)]
  0x0000021d7d417210 JavaThread "Unconstrained build operations Thread 59" [_thread_blocked, id=10736, stack(0x0000008f4a000000,0x0000008f4a100000)]
  0x0000021d7d419070 JavaThread "Unconstrained build operations Thread 60" [_thread_blocked, id=22200, stack(0x0000008f4a100000,0x0000008f4a200000)]
  0x0000021d7d419580 JavaThread "Unconstrained build operations Thread 61" [_thread_blocked, id=28312, stack(0x0000008f4a500000,0x0000008f4a600000)]
  0x0000021d7d417720 JavaThread "Unconstrained build operations Thread 62" [_thread_blocked, id=29364, stack(0x0000008f4a800000,0x0000008f4a900000)]
  0x0000021d7d417c30 JavaThread "Unconstrained build operations Thread 63" [_thread_blocked, id=27208, stack(0x0000008f4a900000,0x0000008f4aa00000)]
  0x0000021d7d418140 JavaThread "Unconstrained build operations Thread 64" [_thread_blocked, id=29360, stack(0x0000008f4aa00000,0x0000008f4ab00000)]
  0x0000021d7d418650 JavaThread "Unconstrained build operations Thread 65" [_thread_blocked, id=15364, stack(0x0000008f4ab00000,0x0000008f4ac00000)]
  0x0000021d7b8690a0 JavaThread "Unconstrained build operations Thread 66" [_thread_blocked, id=26048, stack(0x0000008f4ac00000,0x0000008f4ad00000)]
  0x0000021d7b86a4e0 JavaThread "Unconstrained build operations Thread 67" [_thread_blocked, id=21352, stack(0x0000008f4ad00000,0x0000008f4ae00000)]
  0x0000021d7b8695b0 JavaThread "Unconstrained build operations Thread 68" [_thread_blocked, id=18384, stack(0x0000008f4ae00000,0x0000008f4af00000)]
  0x0000021d7b86af00 JavaThread "Unconstrained build operations Thread 69" [_thread_blocked, id=23156, stack(0x0000008f4af00000,0x0000008f4b000000)]
  0x0000021d7b86a9f0 JavaThread "Unconstrained build operations Thread 70" [_thread_blocked, id=11404, stack(0x0000008f4b000000,0x0000008f4b100000)]
  0x0000021d7b868b90 JavaThread "Unconstrained build operations Thread 71" [_thread_blocked, id=9268, stack(0x0000008f4b100000,0x0000008f4b200000)]
  0x0000021d7b869fd0 JavaThread "Unconstrained build operations Thread 72" [_thread_blocked, id=25512, stack(0x0000008f4b200000,0x0000008f4b300000)]
  0x0000021d7b869ac0 JavaThread "Unconstrained build operations Thread 73" [_thread_blocked, id=21124, stack(0x0000008f4b300000,0x0000008f4b400000)]
  0x0000021d7b86b410 JavaThread "Unconstrained build operations Thread 74" [_thread_blocked, id=27908, stack(0x0000008f4b400000,0x0000008f4b500000)]
  0x0000021d7b868170 JavaThread "Unconstrained build operations Thread 75" [_thread_blocked, id=32488, stack(0x0000008f4b500000,0x0000008f4b600000)]
  0x0000021d7b86b920 JavaThread "Unconstrained build operations Thread 76" [_thread_blocked, id=15656, stack(0x0000008f4b600000,0x0000008f4b700000)]
  0x0000021d7b86ebc0 JavaThread "Unconstrained build operations Thread 77" [_thread_blocked, id=8724, stack(0x0000008f4b700000,0x0000008f4b800000)]
  0x0000021d7ea6b080 JavaThread "Unconstrained build operations Thread 78" [_thread_blocked, id=19272, stack(0x0000008f4b800000,0x0000008f4b900000)]
  0x0000021d7ea6ab70 JavaThread "Unconstrained build operations Thread 79" [_thread_blocked, id=5860, stack(0x0000008f4b900000,0x0000008f4ba00000)]
  0x0000021d7ea6b590 JavaThread "Unconstrained build operations Thread 80" [_thread_blocked, id=13612, stack(0x0000008f4ba00000,0x0000008f4bb00000)]
  0x0000021d7ea6bfb0 JavaThread "Unconstrained build operations Thread 81" [_thread_blocked, id=26080, stack(0x0000008f4bb00000,0x0000008f4bc00000)]
  0x0000021d7ea68800 JavaThread "Unconstrained build operations Thread 82" [_thread_blocked, id=24080, stack(0x0000008f4bc00000,0x0000008f4bd00000)]
  0x0000021d7c8a33b0 JavaThread "Unconstrained build operations Thread 83" [_thread_blocked, id=22840, stack(0x0000008f45400000,0x0000008f45500000)]
  0x0000021d7c8a3dd0 JavaThread "Unconstrained build operations Thread 84" [_thread_blocked, id=32572, stack(0x0000008f4bd00000,0x0000008f4be00000)]
  0x0000021d7c8a1550 JavaThread "Unconstrained build operations Thread 85" [_thread_blocked, id=25548, stack(0x0000008f4be00000,0x0000008f4bf00000)]
  0x0000021d7c8a42e0 JavaThread "Unconstrained build operations Thread 86" [_thread_blocked, id=1876, stack(0x0000008f4bf00000,0x0000008f4c000000)]
  0x0000021d7c8a4d00 JavaThread "Unconstrained build operations Thread 87" [_thread_blocked, id=18648, stack(0x0000008f4c000000,0x0000008f4c100000)]
  0x0000021d7b86be30 JavaThread "Unconstrained build operations Thread 88" [_thread_blocked, id=2032, stack(0x0000008f4c100000,0x0000008f4c200000)]
  0x0000021d7ea6d3f0 JavaThread "Unconstrained build operations Thread 89" [_thread_blocked, id=21796, stack(0x0000008f4c200000,0x0000008f4c300000)]
  0x0000021d20cd0fa0 JavaThread "Unconstrained build operations Thread 90" [_thread_blocked, id=26396, stack(0x0000008f4c300000,0x0000008f4c400000)]
  0x0000021d20cd19c0 JavaThread "Unconstrained build operations Thread 91" [_thread_blocked, id=31036, stack(0x0000008f4c400000,0x0000008f4c500000)]
  0x0000021d20ccfb60 JavaThread "Unconstrained build operations Thread 92" [_thread_blocked, id=28828, stack(0x0000008f4c500000,0x0000008f4c600000)]
  0x0000021d20cd0070 JavaThread "Unconstrained build operations Thread 93" [_thread_blocked, id=4584, stack(0x0000008f4c600000,0x0000008f4c700000)]
  0x0000021d20ccf140 JavaThread "Unconstrained build operations Thread 94" [_thread_blocked, id=25836, stack(0x0000008f4c700000,0x0000008f4c800000)]
  0x0000021d20cce720 JavaThread "Unconstrained build operations Thread 95" [_thread_blocked, id=24488, stack(0x0000008f4c800000,0x0000008f4c900000)]
  0x0000021d20cce210 JavaThread "Unconstrained build operations Thread 96" [_thread_blocked, id=19348, stack(0x0000008f4c900000,0x0000008f4ca00000)]
  0x0000021d20cd0a90 JavaThread "Unconstrained build operations Thread 97" [_thread_blocked, id=29080, stack(0x0000008f4ca00000,0x0000008f4cb00000)]
  0x0000021d20ccf650 JavaThread "Unconstrained build operations Thread 98" [_thread_blocked, id=7992, stack(0x0000008f4cb00000,0x0000008f4cc00000)]
  0x0000021d20ccec30 JavaThread "Unconstrained build operations Thread 99" [_thread_blocked, id=28364, stack(0x0000008f4cc00000,0x0000008f4cd00000)]
  0x0000021d20cd0580 JavaThread "Unconstrained build operations Thread 100" [_thread_blocked, id=23936, stack(0x0000008f4cd00000,0x0000008f4ce00000)]
  0x0000021d20cd14b0 JavaThread "Unconstrained build operations Thread 101" [_thread_blocked, id=11252, stack(0x0000008f4ce00000,0x0000008f4cf00000)]
  0x0000021d1be267f0 JavaThread "Unconstrained build operations Thread 102" [_thread_blocked, id=29640, stack(0x0000008f4cf00000,0x0000008f4d000000)]
  0x0000021d1be27720 JavaThread "Unconstrained build operations Thread 103" [_thread_blocked, id=15924, stack(0x0000008f4d000000,0x0000008f4d100000)]
  0x0000021d1be28650 JavaThread "Unconstrained build operations Thread 104" [_thread_blocked, id=28496, stack(0x0000008f4d100000,0x0000008f4d200000)]
  0x0000021d1be29a90 JavaThread "ForkJoinPool.commonPool-worker-11" daemon [_thread_blocked, id=28252, stack(0x0000008f4d300000,0x0000008f4d400000)]
  0x0000021d1be28b60 JavaThread "pool-6-thread-1" [_thread_blocked, id=25488, stack(0x0000008f4d400000,0x0000008f4d500000)]
  0x0000021d1be2a9c0 JavaThread "build event listener" [_thread_blocked, id=13852, stack(0x0000008f4d500000,0x0000008f4d600000)]
  0x0000021d1be27210 JavaThread "Unconstrained build operations Thread 105" [_thread_blocked, id=31064, stack(0x0000008f4d600000,0x0000008f4d700000)]
  0x0000021d1be2be00 JavaThread "Unconstrained build operations Thread 106" [_thread_blocked, id=26044, stack(0x0000008f4d700000,0x0000008f4d800000)]
  0x0000021d1be2aed0 JavaThread "Unconstrained build operations Thread 107" [_thread_blocked, id=2232, stack(0x0000008f4d800000,0x0000008f4d900000)]
  0x0000021d1be2b3e0 JavaThread "Unconstrained build operations Thread 108" [_thread_blocked, id=14160, stack(0x0000008f4d900000,0x0000008f4da00000)]
  0x0000021d1be2c310 JavaThread "Unconstrained build operations Thread 109" [_thread_blocked, id=20204, stack(0x0000008f4da00000,0x0000008f4db00000)]
  0x0000021d1be29070 JavaThread "Unconstrained build operations Thread 110" [_thread_blocked, id=10360, stack(0x0000008f4db00000,0x0000008f4dc00000)]
  0x0000021d1be2d750 JavaThread "Unconstrained build operations Thread 111" [_thread_blocked, id=21784, stack(0x0000008f4dc00000,0x0000008f4dd00000)]
  0x0000021d1be2c820 JavaThread "Unconstrained build operations Thread 112" [_thread_blocked, id=24984, stack(0x0000008f4dd00000,0x0000008f4de00000)]
  0x0000021d1be2cd30 JavaThread "Unconstrained build operations Thread 113" [_thread_blocked, id=25160, stack(0x0000008f4de00000,0x0000008f4df00000)]
  0x0000021d1be2b8f0 JavaThread "Unconstrained build operations Thread 114" [_thread_blocked, id=19784, stack(0x0000008f4e000000,0x0000008f4e100000)]
  0x0000021d1be2d240 JavaThread "Unconstrained build operations Thread 115" [_thread_blocked, id=29580, stack(0x0000008f4e100000,0x0000008f4e200000)]
  0x0000021d1be2dc60 JavaThread "Unconstrained build operations Thread 116" [_thread_blocked, id=13260, stack(0x0000008f4e200000,0x0000008f4e300000)]
  0x0000021d1be2e170 JavaThread "Unconstrained build operations Thread 117" [_thread_blocked, id=28052, stack(0x0000008f4e300000,0x0000008f4e400000)]
  0x0000021d219ccbd0 JavaThread "Unconstrained build operations Thread 118" [_thread_blocked, id=19296, stack(0x0000008f4e400000,0x0000008f4e500000)]
  0x0000021d231dff90 JavaThread "Unconstrained build operations Thread 119" [_thread_blocked, id=5264, stack(0x0000008f4e500000,0x0000008f4e600000)]
  0x0000021d231e13d0 JavaThread "Unconstrained build operations Thread 120" [_thread_blocked, id=10524, stack(0x0000008f4e600000,0x0000008f4e700000)]
  0x0000021d231e2810 JavaThread "Cache worker for execution history cache (D:\My Life\Hack-With-GDG\User_Frontend\android\.gradle\8.6\executionHistory)" [_thread_blocked, id=32028, stack(0x0000008f4e700000,0x0000008f4e800000)]
  0x0000021d231e18e0 JavaThread "WorkerExecutor Queue" [_thread_blocked, id=1496, stack(0x0000008f46600000,0x0000008f46700000)]
  0x0000021d231e04a0 JavaThread "WorkerExecutor Queue Thread 3" [_thread_blocked, id=26200, stack(0x0000008f4e900000,0x0000008f4ea00000)]
  0x0000021d231e1df0 JavaThread "WorkerExecutor Queue Thread 4" [_thread_blocked, id=11312, stack(0x0000008f4ea00000,0x0000008f4eb00000)]
  0x0000021d231e09b0 JavaThread "WorkerExecutor Queue Thread 5" [_thread_blocked, id=26816, stack(0x0000008f4eb00000,0x0000008f4ec00000)]
  0x0000021d231df060 JavaThread "WorkerExecutor Queue Thread 6" [_thread_blocked, id=23284, stack(0x0000008f4ec00000,0x0000008f4ed00000)]
  0x0000021d231e2300 JavaThread "WorkerExecutor Queue Thread 7" [_thread_blocked, id=1228, stack(0x0000008f4ed00000,0x0000008f4ee00000)]
  0x0000021d231df570 JavaThread "WorkerExecutor Queue Thread 8" [_thread_in_native, id=1304, stack(0x0000008f4ee00000,0x0000008f4ef00000)]
  0x0000021d231dfa80 JavaThread "WorkerExecutor Queue Thread 11" [_thread_in_native, id=6672, stack(0x0000008f4f100000,0x0000008f4f200000)]
  0x0000021d231e5ab0 JavaThread "WorkerExecutor Queue Thread 12" [_thread_blocked, id=23412, stack(0x0000008f40600000,0x0000008f40700000)]
  0x0000021d21c4f550 JavaThread "WorkerExecutor Queue Thread 13" [_thread_blocked, id=30264, stack(0x0000008f4d200000,0x0000008f4d300000)]
  0x0000021d23ce2ed0 JavaThread "WorkerExecutor Queue Thread 14" [_thread_blocked, id=23996, stack(0x0000008f4f000000,0x0000008f4f100000)]
  0x0000021d23e6c0a0 JavaThread "Cache worker for Java compile cache (C:\Users\glbha\.gradle\caches\8.6\javaCompile)" [_thread_blocked, id=25692, stack(0x0000008f4f500000,0x0000008f4f600000)]
  0x0000021d1bb6a570 JavaThread "Build operations" [_thread_blocked, id=30152, stack(0x0000008f4ef00000,0x0000008f4f000000)]
  0x0000021d1bb6aa80 JavaThread "Build operations Thread 2" [_thread_blocked, id=12224, stack(0x0000008f4f600000,0x0000008f4f700000)]
  0x0000021d23d99fa0 JavaThread "Build operations Thread 3" [_thread_blocked, id=26292, stack(0x0000008f4f700000,0x0000008f4f800000)]
  0x0000021d23d9b3e0 JavaThread "Build operations Thread 4" [_thread_blocked, id=32532, stack(0x0000008f4f800000,0x0000008f4f900000)]
  0x0000021d23d9b8f0 JavaThread "Build operations Thread 5" [_thread_blocked, id=21560, stack(0x0000008f4f900000,0x0000008f4fa00000)]
  0x0000021d23d99070 JavaThread "Build operations Thread 6" [_thread_blocked, id=6828, stack(0x0000008f4fa00000,0x0000008f4fb00000)]
  0x0000021d23d9a4b0 JavaThread "Build operations Thread 7" [_thread_blocked, id=17348, stack(0x0000008f4fb00000,0x0000008f4fc00000)]
  0x0000021d23d9a9c0 JavaThread "Build operations Thread 8" [_thread_blocked, id=8308, stack(0x0000008f4fc00000,0x0000008f4fd00000)]
  0x0000021d23d9aed0 JavaThread "Build operations Thread 9" [_thread_blocked, id=25136, stack(0x0000008f4fd00000,0x0000008f4fe00000)]
  0x0000021d23d99580 JavaThread "Build operations Thread 10" [_thread_blocked, id=24964, stack(0x0000008f4fe00000,0x0000008f4ff00000)]
  0x0000021d23d98140 JavaThread "Build operations Thread 11" [_thread_blocked, id=2908, stack(0x0000008f4ff00000,0x0000008f50000000)]
  0x0000021d23944550 JavaThread "Build operations Thread 12" [_thread_blocked, id=5516, stack(0x0000008f50000000,0x0000008f50100000)]
  0x0000021d23d98650 JavaThread "RMI Scheduler(0)" daemon [_thread_blocked, id=21316, stack(0x0000008f44100000,0x0000008f44200000)]
  0x0000021d2489e970 JavaThread "RMI GC Daemon" daemon [_thread_blocked, id=6392, stack(0x0000008f44300000,0x0000008f44400000)]
  0x0000021d23944040 JavaThread "RMI TCP Accept-0" daemon [_thread_in_native, id=8384, stack(0x0000008f4a600000,0x0000008f4a700000)]
  0x0000021d23944a60 JavaThread "RMI Reaper" [_thread_blocked, id=6612, stack(0x0000008f4a700000,0x0000008f4a800000)]
  0x0000021d20c0a500 JavaThread "RMI TCP Connection(idle)" daemon [_thread_blocked, id=14640, stack(0x0000008f50300000,0x0000008f50400000)]
  0x0000021d23e6cac0 JavaThread "pool-7-thread-1" [_thread_blocked, id=2488, stack(0x0000008f50400000,0x0000008f50500000)]
  0x0000021d21c4fa60 JavaThread "stderr" [_thread_in_native, id=24776, stack(0x0000008f50500000,0x0000008f50600000)]
  0x0000021d21c4ff70 JavaThread "stdout" [_thread_in_native, id=21592, stack(0x0000008f50800000,0x0000008f50900000)]
  0x0000021d23d98b60 JavaThread "RMI RenewClean-[127.0.0.1:17300,org.jetbrains.kotlin.daemon.common.LoopbackNetworkInterface$ClientLoopbackSocketFactory@6a0ec0ad]" daemon [_thread_blocked, id=11512, stack(0x0000008f50100000,0x0000008f50200000)]
  0x0000021d24894400 JavaThread "RMI TCP Connection(2)-127.0.0.1" daemon [_thread_in_native, id=25224, stack(0x0000008f50200000,0x0000008f50300000)]
  0x0000021d20c0aa10 JavaThread "RMI RenewClean-[127.0.0.1:17300,org.jetbrains.kotlin.daemon.common.LoopbackNetworkInterface$ClientLoopbackSocketFactory@7c10f273]" daemon [_thread_blocked, id=25240, stack(0x0000008f50900000,0x0000008f50a00000)]
  0x0000021d23e6c5b0 JavaThread "RMI TCP Connection(idle)" daemon [_thread_blocked, id=29824, stack(0x0000008f50a00000,0x0000008f50b00000)]
  0x0000021d208bfa80 JavaThread "RMI RenewClean-[127.0.0.1:17300,org.jetbrains.kotlin.daemon.common.LoopbackNetworkInterface$ClientLoopbackSocketFactory@3419d016]" daemon [_thread_blocked, id=4112, stack(0x0000008f44200000,0x0000008f44300000)]
  0x0000021d23e6cfd0 JavaThread "RMI TCP Connection(idle)" daemon [_thread_blocked, id=13448, stack(0x0000008f45c00000,0x0000008f45d00000)]
  0x0000021d22e70f50 JavaThread "WorkerExecutor Queue Thread 15" [_thread_blocked, id=16300, stack(0x0000008f4f200000,0x0000008f4f300000)]
=>0x0000021d24021420 JavaThread "C2 CompilerThread1" daemon [_thread_in_native, id=30196, stack(0x0000008f50b00000,0x0000008f50c00000)]
  0x0000021d2401e9a0 JavaThread "C2 CompilerThread2" daemon [_thread_in_native, id=28908, stack(0x0000008f4e800000,0x0000008f4e900000)]

Other Threads:
  0x0000021d76678540 VMThread "VM Thread" [stack: 0x0000008f40f00000,0x0000008f41000000] [id=21840]
  0x0000021d5800f780 WatcherThread [stack: 0x0000008f41b00000,0x0000008f41c00000] [id=25396]
  0x0000021d55e8e800 GCTaskThread "GC Thread#0" [stack: 0x0000008f40a00000,0x0000008f40b00000] [id=31008]
  0x0000021d7b96a780 GCTaskThread "GC Thread#1" [stack: 0x0000008f41e00000,0x0000008f41f00000] [id=6176]
  0x0000021d7b8c9040 GCTaskThread "GC Thread#2" [stack: 0x0000008f41f00000,0x0000008f42000000] [id=15756]
  0x0000021d76a38c90 GCTaskThread "GC Thread#3" [stack: 0x0000008f42000000,0x0000008f42100000] [id=26280]
  0x0000021d7bce3310 GCTaskThread "GC Thread#4" [stack: 0x0000008f42100000,0x0000008f42200000] [id=30268]
  0x0000021d7bb4dcb0 GCTaskThread "GC Thread#5" [stack: 0x0000008f41d00000,0x0000008f41e00000] [id=29144]
  0x0000021d7cc48e00 GCTaskThread "GC Thread#6" [stack: 0x0000008f42f00000,0x0000008f43000000] [id=5696]
  0x0000021d7c1bb750 GCTaskThread "GC Thread#7" [stack: 0x0000008f43000000,0x0000008f43100000] [id=25620]
  0x0000021d7c1bac50 GCTaskThread "GC Thread#8" [stack: 0x0000008f43100000,0x0000008f43200000] [id=1152]
  0x0000021d7c1ba6d0 GCTaskThread "GC Thread#9" [stack: 0x0000008f43200000,0x0000008f43300000] [id=23852]
  0x0000021d580793a0 ConcurrentGCThread "G1 Main Marker" [stack: 0x0000008f40b00000,0x0000008f40c00000] [id=29152]
  0x0000021d58079cc0 ConcurrentGCThread "G1 Conc#0" [stack: 0x0000008f40c00000,0x0000008f40d00000] [id=27332]
  0x0000021d7c1ba990 ConcurrentGCThread "G1 Conc#1" [stack: 0x0000008f43600000,0x0000008f43700000] [id=25100]
  0x0000021d7c1bba10 ConcurrentGCThread "G1 Conc#2" [stack: 0x0000008f43700000,0x0000008f43800000] [id=2548]
  0x0000021d580ce040 ConcurrentGCThread "G1 Refine#0" [stack: 0x0000008f40d00000,0x0000008f40e00000] [id=28584]
  0x0000021d7e4c8c70 ConcurrentGCThread "G1 Refine#1" [stack: 0x0000008f4a200000,0x0000008f4a300000] [id=20528]
  0x0000021d7e4c6c20 ConcurrentGCThread "G1 Refine#2" [stack: 0x0000008f4a300000,0x0000008f4a400000] [id=14084]
  0x0000021d7e4c7ad0 ConcurrentGCThread "G1 Refine#3" [stack: 0x0000008f4a400000,0x0000008f4a500000] [id=7068]
  0x0000021d1b553530 ConcurrentGCThread "G1 Refine#4" [stack: 0x0000008f4f300000,0x0000008f4f400000] [id=25052]
  0x0000021d1b552f50 ConcurrentGCThread "G1 Refine#5" [stack: 0x0000008f4f400000,0x0000008f4f500000] [id=24624]
  0x0000021d580ce820 ConcurrentGCThread "G1 Service" [stack: 0x0000008f40e00000,0x0000008f40f00000] [id=4908]

Threads with active compile tasks:
C2 CompilerThread0   169038 35688       4       com.android.tools.r8.internal.J4::c (33 bytes)
C1 CompilerThread0   169038 35877       3       com.android.tools.r8.internal.K4::<init> (18 bytes)
C2 CompilerThread1   169038 35475       4       com.android.tools.r8.internal.f20::a0 (25 bytes)
C2 CompilerThread2   169038 35650       4       com.android.tools.r8.ir.optimize.c0::a (278 bytes)

VM state: not at safepoint (normal execution)

VM Mutex/Monitor currently owned by a thread:  ([mutex/lock_event])
[0x0000021d5800d370] Compile_lock - owner thread: 0x0000000000000000

Heap address: 0x0000000080000000, size: 2048 MB, Compressed Oops mode: 32-bit

CDS archive(s) mapped at: [0x0000021d00000000-0x0000021d00bd0000-0x0000021d00bd0000), size 12386304, SharedBaseAddress: 0x0000021d00000000, ArchiveRelocationMode: 1.
Compressed class space mapped at: 0x0000021d01000000-0x0000021d1b000000, reserved size: 436207616
Narrow klass base: 0x0000021d00000000, Narrow klass shift: 0, Narrow klass range: 0x100000000

GC Precious Log:
 CPUs: 12 total, 12 available
 Memory: 7835M
 Large Page Support: Disabled
 NUMA Support: Disabled
 Compressed Oops: Enabled (32-bit)
 Heap Region Size: 1M
 Heap Min Capacity: 8M
 Heap Initial Capacity: 124M
 Heap Max Capacity: 2G
 Pre-touch: Disabled
 Parallel Workers: 10
 Concurrent Workers: 3
 Concurrent Refinement Workers: 10
 Periodic GC: Disabled

Heap:
 garbage-first heap   total 662528K, used 472159K [0x0000000080000000, 0x0000000100000000)
  region size 1024K, 21 young (21504K), 8 survivors (8192K)
 Metaspace       used 169615K, committed 171712K, reserved 622592K
  class space    used 22813K, committed 23808K, reserved 425984K

Heap Regions: E=young(eden), S=young(survivor), O=old, HS=humongous(starts), HC=humongous(continues), CS=collection set, F=free, OA=open archive, CA=closed archive, TAMS=top-at-mark-start (previous, next)
|   0|0x0000000080000000, 0x0000000080100000, 0x0000000080100000|100%|HS|  |TAMS 0x0000000080100000, 0x0000000080000000| Complete 
|   1|0x0000000080100000, 0x0000000080200000, 0x0000000080200000|100%|HC|  |TAMS 0x0000000080200000, 0x0000000080100000| Complete 
|   2|0x0000000080200000, 0x0000000080300000, 0x0000000080300000|100%|HC|  |TAMS 0x0000000080300000, 0x0000000080200000| Complete 
|   3|0x0000000080300000, 0x0000000080400000, 0x0000000080400000|100%|HC|  |TAMS 0x0000000080400000, 0x0000000080300000| Complete 
|   4|0x0000000080400000, 0x0000000080500000, 0x0000000080500000|100%| O|  |TAMS 0x0000000080500000, 0x0000000080400000| Untracked 
|   5|0x0000000080500000, 0x0000000080600000, 0x0000000080600000|100%| O|  |TAMS 0x0000000080600000, 0x0000000080500000| Untracked 
|   6|0x0000000080600000, 0x0000000080700000, 0x0000000080700000|100%| O|  |TAMS 0x0000000080700000, 0x0000000080600000| Untracked 
|   7|0x0000000080700000, 0x0000000080800000, 0x0000000080800000|100%| O|  |TAMS 0x0000000080800000, 0x0000000080700000| Untracked 
|   8|0x0000000080800000, 0x0000000080900000, 0x0000000080900000|100%| O|  |TAMS 0x0000000080900000, 0x0000000080800000| Untracked 
|   9|0x0000000080900000, 0x0000000080a00000, 0x0000000080a00000|100%| O|  |TAMS 0x0000000080a00000, 0x0000000080900000| Untracked 
|  10|0x0000000080a00000, 0x0000000080b00000, 0x0000000080b00000|100%| O|  |TAMS 0x0000000080b00000, 0x0000000080a00000| Untracked 
|  11|0x0000000080b00000, 0x0000000080c00000, 0x0000000080c00000|100%| O|  |TAMS 0x0000000080c00000, 0x0000000080b00000| Untracked 
|  12|0x0000000080c00000, 0x0000000080d00000, 0x0000000080d00000|100%| O|  |TAMS 0x0000000080d00000, 0x0000000080c00000| Untracked 
|  13|0x0000000080d00000, 0x0000000080e00000, 0x0000000080e00000|100%| O|  |TAMS 0x0000000080e00000, 0x0000000080d00000| Untracked 
|  14|0x0000000080e00000, 0x0000000080f00000, 0x0000000080f00000|100%| O|  |TAMS 0x0000000080f00000, 0x0000000080e00000| Untracked 
|  15|0x0000000080f00000, 0x0000000081000000, 0x0000000081000000|100%| O|  |TAMS 0x0000000081000000, 0x0000000080f00000| Untracked 
|  16|0x0000000081000000, 0x0000000081100000, 0x0000000081100000|100%| O|  |TAMS 0x0000000081100000, 0x0000000081000000| Untracked 
|  17|0x0000000081100000, 0x0000000081200000, 0x0000000081200000|100%| O|  |TAMS 0x0000000081200000, 0x0000000081100000| Untracked 
|  18|0x0000000081200000, 0x0000000081300000, 0x0000000081300000|100%| O|  |TAMS 0x0000000081300000, 0x0000000081200000| Untracked 
|  19|0x0000000081300000, 0x0000000081400000, 0x0000000081400000|100%| O|  |TAMS 0x0000000081400000, 0x0000000081300000| Untracked 
|  20|0x0000000081400000, 0x0000000081500000, 0x0000000081500000|100%| O|  |TAMS 0x0000000081500000, 0x0000000081400000| Untracked 
|  21|0x0000000081500000, 0x0000000081600000, 0x0000000081600000|100%| O|  |TAMS 0x0000000081600000, 0x0000000081500000| Untracked 
|  22|0x0000000081600000, 0x0000000081700000, 0x0000000081700000|100%| O|  |TAMS 0x0000000081700000, 0x0000000081600000| Untracked 
|  23|0x0000000081700000, 0x0000000081800000, 0x0000000081800000|100%| O|  |TAMS 0x0000000081800000, 0x0000000081700000| Untracked 
|  24|0x0000000081800000, 0x0000000081900000, 0x0000000081900000|100%| O|  |TAMS 0x0000000081900000, 0x0000000081800000| Untracked 
|  25|0x0000000081900000, 0x0000000081a00000, 0x0000000081a00000|100%| O|  |TAMS 0x0000000081a00000, 0x0000000081900000| Untracked 
|  26|0x0000000081a00000, 0x0000000081b00000, 0x0000000081b00000|100%| O|  |TAMS 0x0000000081b00000, 0x0000000081a00000| Untracked 
|  27|0x0000000081b00000, 0x0000000081c00000, 0x0000000081c00000|100%| O|  |TAMS 0x0000000081c00000, 0x0000000081b00000| Untracked 
|  28|0x0000000081c00000, 0x0000000081d00000, 0x0000000081d00000|100%| O|  |TAMS 0x0000000081d00000, 0x0000000081c00000| Untracked 
|  29|0x0000000081d00000, 0x0000000081e00000, 0x0000000081e00000|100%| O|  |TAMS 0x0000000081e00000, 0x0000000081d00000| Untracked 
|  30|0x0000000081e00000, 0x0000000081f00000, 0x0000000081f00000|100%| O|  |TAMS 0x0000000081f00000, 0x0000000081e00000| Untracked 
|  31|0x0000000081f00000, 0x0000000082000000, 0x0000000082000000|100%| O|  |TAMS 0x0000000082000000, 0x0000000081f00000| Untracked 
|  32|0x0000000082000000, 0x0000000082100000, 0x0000000082100000|100%| O|  |TAMS 0x0000000082100000, 0x0000000082000000| Untracked 
|  33|0x0000000082100000, 0x00000000821f5e00, 0x0000000082200000| 96%| O|  |TAMS 0x00000000821f5e00, 0x0000000082100000| Untracked 
|  34|0x0000000082200000, 0x0000000082300000, 0x0000000082300000|100%| O|  |TAMS 0x0000000082300000, 0x0000000082200000| Untracked 
|  35|0x0000000082300000, 0x0000000082400000, 0x0000000082400000|100%| O|  |TAMS 0x0000000082400000, 0x0000000082300000| Untracked 
|  36|0x0000000082400000, 0x0000000082500000, 0x0000000082500000|100%| O|  |TAMS 0x0000000082500000, 0x0000000082400000| Untracked 
|  37|0x0000000082500000, 0x0000000082600000, 0x0000000082600000|100%|HS|  |TAMS 0x0000000082600000, 0x0000000082500000| Complete 
|  38|0x0000000082600000, 0x0000000082700000, 0x0000000082700000|100%|HC|  |TAMS 0x0000000082700000, 0x0000000082600000| Complete 
|  39|0x0000000082700000, 0x0000000082800000, 0x0000000082800000|100%|HS|  |TAMS 0x0000000082800000, 0x0000000082700000| Complete 
|  40|0x0000000082800000, 0x0000000082900000, 0x0000000082900000|100%|HC|  |TAMS 0x0000000082900000, 0x0000000082800000| Complete 
|  41|0x0000000082900000, 0x0000000082a00000, 0x0000000082a00000|100%| O|  |TAMS 0x0000000082a00000, 0x0000000082900000| Untracked 
|  42|0x0000000082a00000, 0x0000000082b00000, 0x0000000082b00000|100%| O|  |TAMS 0x0000000082b00000, 0x0000000082a00000| Untracked 
|  43|0x0000000082b00000, 0x0000000082c00000, 0x0000000082c00000|100%| O|  |TAMS 0x0000000082c00000, 0x0000000082b00000| Untracked 
|  44|0x0000000082c00000, 0x0000000082d00000, 0x0000000082d00000|100%| O|  |TAMS 0x0000000082d00000, 0x0000000082c00000| Untracked 
|  45|0x0000000082d00000, 0x0000000082e00000, 0x0000000082e00000|100%|HS|  |TAMS 0x0000000082e00000, 0x0000000082d00000| Complete 
|  46|0x0000000082e00000, 0x0000000082f00000, 0x0000000082f00000|100%|HC|  |TAMS 0x0000000082f00000, 0x0000000082e00000| Complete 
|  47|0x0000000082f00000, 0x0000000083000000, 0x0000000083000000|100%|HC|  |TAMS 0x0000000083000000, 0x0000000082f00000| Complete 
|  48|0x0000000083000000, 0x0000000083100000, 0x0000000083100000|100%|HC|  |TAMS 0x0000000083100000, 0x0000000083000000| Complete 
|  49|0x0000000083100000, 0x0000000083200000, 0x0000000083200000|100%|HS|  |TAMS 0x0000000083200000, 0x0000000083100000| Complete 
|  50|0x0000000083200000, 0x0000000083300000, 0x0000000083300000|100%|HC|  |TAMS 0x0000000083300000, 0x0000000083200000| Complete 
|  51|0x0000000083300000, 0x0000000083400000, 0x0000000083400000|100%|HC|  |TAMS 0x0000000083400000, 0x0000000083300000| Complete 
|  52|0x0000000083400000, 0x0000000083500000, 0x0000000083500000|100%|HC|  |TAMS 0x0000000083500000, 0x0000000083400000| Complete 
|  53|0x0000000083500000, 0x0000000083600000, 0x0000000083600000|100%| O|  |TAMS 0x0000000083600000, 0x0000000083500000| Untracked 
|  54|0x0000000083600000, 0x0000000083700000, 0x0000000083700000|100%| O|  |TAMS 0x0000000083700000, 0x0000000083600000| Untracked 
|  55|0x0000000083700000, 0x0000000083800000, 0x0000000083800000|100%| O|  |TAMS 0x0000000083800000, 0x0000000083700000| Untracked 
|  56|0x0000000083800000, 0x0000000083900000, 0x0000000083900000|100%| O|  |TAMS 0x0000000083900000, 0x0000000083800000| Untracked 
|  57|0x0000000083900000, 0x0000000083a00000, 0x0000000083a00000|100%|HS|  |TAMS 0x0000000083a00000, 0x0000000083900000| Complete 
|  58|0x0000000083a00000, 0x0000000083b00000, 0x0000000083b00000|100%| O|  |TAMS 0x0000000083b00000, 0x0000000083a00000| Untracked 
|  59|0x0000000083b00000, 0x0000000083c00000, 0x0000000083c00000|100%| O|  |TAMS 0x0000000083c00000, 0x0000000083b00000| Untracked 
|  60|0x0000000083c00000, 0x0000000083d00000, 0x0000000083d00000|100%| O|  |TAMS 0x0000000083d00000, 0x0000000083c00000| Untracked 
|  61|0x0000000083d00000, 0x0000000083e00000, 0x0000000083e00000|100%| O|  |TAMS 0x0000000083e00000, 0x0000000083d00000| Untracked 
|  62|0x0000000083e00000, 0x0000000083f00000, 0x0000000083f00000|100%| O|  |TAMS 0x0000000083f00000, 0x0000000083e00000| Untracked 
|  63|0x0000000083f00000, 0x0000000084000000, 0x0000000084000000|100%| O|  |TAMS 0x0000000084000000, 0x0000000083f00000| Untracked 
|  64|0x0000000084000000, 0x0000000084100000, 0x0000000084100000|100%| O|  |TAMS 0x0000000084100000, 0x0000000084000000| Untracked 
|  65|0x0000000084100000, 0x0000000084200000, 0x0000000084200000|100%| O|  |TAMS 0x0000000084200000, 0x0000000084100000| Untracked 
|  66|0x0000000084200000, 0x0000000084300000, 0x0000000084300000|100%| O|  |TAMS 0x0000000084300000, 0x0000000084200000| Untracked 
|  67|0x0000000084300000, 0x0000000084400000, 0x0000000084400000|100%| O|  |TAMS 0x0000000084300000, 0x0000000084300000| Untracked 
|  68|0x0000000084400000, 0x0000000084500000, 0x0000000084500000|100%| O|  |TAMS 0x0000000084500000, 0x0000000084400000| Untracked 
|  69|0x0000000084500000, 0x0000000084600000, 0x0000000084600000|100%| O|  |TAMS 0x0000000084600000, 0x0000000084500000| Untracked 
|  70|0x0000000084600000, 0x0000000084700000, 0x0000000084700000|100%| O|  |TAMS 0x0000000084700000, 0x0000000084600000| Untracked 
|  71|0x0000000084700000, 0x0000000084800000, 0x0000000084800000|100%| O|  |TAMS 0x0000000084800000, 0x0000000084700000| Untracked 
|  72|0x0000000084800000, 0x0000000084900000, 0x0000000084900000|100%| O|  |TAMS 0x0000000084900000, 0x0000000084800000| Untracked 
|  73|0x0000000084900000, 0x0000000084a00000, 0x0000000084a00000|100%| O|  |TAMS 0x0000000084a00000, 0x0000000084900000| Untracked 
|  74|0x0000000084a00000, 0x0000000084b00000, 0x0000000084b00000|100%| O|  |TAMS 0x0000000084b00000, 0x0000000084a00000| Untracked 
|  75|0x0000000084b00000, 0x0000000084c00000, 0x0000000084c00000|100%|HS|  |TAMS 0x0000000084c00000, 0x0000000084b00000| Complete 
|  76|0x0000000084c00000, 0x0000000084d00000, 0x0000000084d00000|100%|HS|  |TAMS 0x0000000084d00000, 0x0000000084c00000| Complete 
|  77|0x0000000084d00000, 0x0000000084e00000, 0x0000000084e00000|100%|HS|  |TAMS 0x0000000084e00000, 0x0000000084d00000| Complete 
|  78|0x0000000084e00000, 0x0000000084f00000, 0x0000000084f00000|100%|HS|  |TAMS 0x0000000084f00000, 0x0000000084e00000| Complete 
|  79|0x0000000084f00000, 0x0000000085000000, 0x0000000085000000|100%| O|  |TAMS 0x0000000085000000, 0x0000000084f00000| Untracked 
|  80|0x0000000085000000, 0x0000000085100000, 0x0000000085100000|100%| O|  |TAMS 0x0000000085100000, 0x0000000085000000| Untracked 
|  81|0x0000000085100000, 0x0000000085200000, 0x0000000085200000|100%| O|  |TAMS 0x0000000085200000, 0x0000000085100000| Untracked 
|  82|0x0000000085200000, 0x0000000085300000, 0x0000000085300000|100%| O|  |TAMS 0x0000000085300000, 0x0000000085200000| Untracked 
|  83|0x0000000085300000, 0x0000000085400000, 0x0000000085400000|100%| O|  |TAMS 0x0000000085400000, 0x0000000085300000| Untracked 
|  84|0x0000000085400000, 0x0000000085500000, 0x0000000085500000|100%| O|  |TAMS 0x0000000085500000, 0x0000000085400000| Untracked 
|  85|0x0000000085500000, 0x0000000085600000, 0x0000000085600000|100%| O|  |TAMS 0x0000000085600000, 0x0000000085500000| Untracked 
|  86|0x0000000085600000, 0x0000000085700000, 0x0000000085700000|100%| O|  |TAMS 0x0000000085700000, 0x0000000085600000| Untracked 
|  87|0x0000000085700000, 0x0000000085800000, 0x0000000085800000|100%| O|  |TAMS 0x0000000085800000, 0x0000000085700000| Untracked 
|  88|0x0000000085800000, 0x0000000085900000, 0x0000000085900000|100%| O|  |TAMS 0x0000000085900000, 0x0000000085800000| Untracked 
|  89|0x0000000085900000, 0x0000000085a00000, 0x0000000085a00000|100%| O|  |TAMS 0x0000000085a00000, 0x0000000085900000| Untracked 
|  90|0x0000000085a00000, 0x0000000085b00000, 0x0000000085b00000|100%| O|  |TAMS 0x0000000085b00000, 0x0000000085a00000| Untracked 
|  91|0x0000000085b00000, 0x0000000085c00000, 0x0000000085c00000|100%|HS|  |TAMS 0x0000000085c00000, 0x0000000085b00000| Complete 
|  92|0x0000000085c00000, 0x0000000085d00000, 0x0000000085d00000|100%|HC|  |TAMS 0x0000000085d00000, 0x0000000085c00000| Complete 
|  93|0x0000000085d00000, 0x0000000085e00000, 0x0000000085e00000|100%| O|  |TAMS 0x0000000085e00000, 0x0000000085d00000| Untracked 
|  94|0x0000000085e00000, 0x0000000085f00000, 0x0000000085f00000|100%| O|  |TAMS 0x0000000085f00000, 0x0000000085e00000| Untracked 
|  95|0x0000000085f00000, 0x0000000086000000, 0x0000000086000000|100%| O|  |TAMS 0x0000000086000000, 0x0000000085f00000| Untracked 
|  96|0x0000000086000000, 0x0000000086100000, 0x0000000086100000|100%| O|  |TAMS 0x0000000086100000, 0x0000000086000000| Untracked 
|  97|0x0000000086100000, 0x0000000086200000, 0x0000000086200000|100%| O|  |TAMS 0x0000000086200000, 0x0000000086100000| Untracked 
|  98|0x0000000086200000, 0x0000000086300000, 0x0000000086300000|100%| O|  |TAMS 0x0000000086300000, 0x0000000086200000| Untracked 
|  99|0x0000000086300000, 0x0000000086400000, 0x0000000086400000|100%|HS|  |TAMS 0x0000000086400000, 0x0000000086300000| Complete 
| 100|0x0000000086400000, 0x0000000086500000, 0x0000000086500000|100%|HS|  |TAMS 0x0000000086500000, 0x0000000086400000| Complete 
| 101|0x0000000086500000, 0x0000000086600000, 0x0000000086600000|100%| O|  |TAMS 0x0000000086600000, 0x0000000086500000| Untracked 
| 102|0x0000000086600000, 0x0000000086700000, 0x0000000086700000|100%| O|  |TAMS 0x0000000086700000, 0x0000000086600000| Untracked 
| 103|0x0000000086700000, 0x0000000086800000, 0x0000000086800000|100%| O|  |TAMS 0x0000000086800000, 0x0000000086700000| Untracked 
| 104|0x0000000086800000, 0x0000000086900000, 0x0000000086900000|100%| O|  |TAMS 0x0000000086900000, 0x0000000086800000| Untracked 
| 105|0x0000000086900000, 0x0000000086a00000, 0x0000000086a00000|100%| O|  |TAMS 0x0000000086a00000, 0x0000000086900000| Untracked 
| 106|0x0000000086a00000, 0x0000000086b00000, 0x0000000086b00000|100%| O|  |TAMS 0x0000000086b00000, 0x0000000086a00000| Untracked 
| 107|0x0000000086b00000, 0x0000000086c00000, 0x0000000086c00000|100%| O|  |TAMS 0x0000000086c00000, 0x0000000086b00000| Untracked 
| 108|0x0000000086c00000, 0x0000000086d00000, 0x0000000086d00000|100%| O|  |TAMS 0x0000000086d00000, 0x0000000086c00000| Untracked 
| 109|0x0000000086d00000, 0x0000000086e00000, 0x0000000086e00000|100%| O|  |TAMS 0x0000000086e00000, 0x0000000086d00000| Untracked 
| 110|0x0000000086e00000, 0x0000000086f00000, 0x0000000086f00000|100%| O|  |TAMS 0x0000000086f00000, 0x0000000086e00000| Untracked 
| 111|0x0000000086f00000, 0x0000000087000000, 0x0000000087000000|100%| O|  |TAMS 0x0000000087000000, 0x0000000086f00000| Untracked 
| 112|0x0000000087000000, 0x0000000087100000, 0x0000000087100000|100%| O|  |TAMS 0x0000000087100000, 0x0000000087000000| Untracked 
| 113|0x0000000087100000, 0x0000000087200000, 0x0000000087200000|100%| O|  |TAMS 0x0000000087200000, 0x0000000087100000| Untracked 
| 114|0x0000000087200000, 0x0000000087300000, 0x0000000087300000|100%| O|  |TAMS 0x0000000087300000, 0x0000000087200000| Untracked 
| 115|0x0000000087300000, 0x0000000087400000, 0x0000000087400000|100%| O|  |TAMS 0x0000000087400000, 0x0000000087300000| Untracked 
| 116|0x0000000087400000, 0x0000000087500000, 0x0000000087500000|100%| O|  |TAMS 0x0000000087400000, 0x0000000087400000| Untracked 
| 117|0x0000000087500000, 0x0000000087600000, 0x0000000087600000|100%| O|  |TAMS 0x0000000087600000, 0x0000000087500000| Untracked 
| 118|0x0000000087600000, 0x0000000087700000, 0x0000000087700000|100%| O|  |TAMS 0x0000000087600000, 0x0000000087600000| Untracked 
| 119|0x0000000087700000, 0x0000000087800000, 0x0000000087800000|100%| O|  |TAMS 0x0000000087800000, 0x0000000087700000| Untracked 
| 120|0x0000000087800000, 0x0000000087900000, 0x0000000087900000|100%| O|  |TAMS 0x0000000087900000, 0x0000000087800000| Untracked 
| 121|0x0000000087900000, 0x0000000087a00000, 0x0000000087a00000|100%| O|  |TAMS 0x0000000087a00000, 0x0000000087900000| Untracked 
| 122|0x0000000087a00000, 0x0000000087b00000, 0x0000000087b00000|100%| O|  |TAMS 0x0000000087b00000, 0x0000000087a00000| Untracked 
| 123|0x0000000087b00000, 0x0000000087c00000, 0x0000000087c00000|100%| O|  |TAMS 0x0000000087c00000, 0x0000000087b00000| Untracked 
| 124|0x0000000087c00000, 0x0000000087d00000, 0x0000000087d00000|100%|HS|  |TAMS 0x0000000087d00000, 0x0000000087c00000| Complete 
| 125|0x0000000087d00000, 0x0000000087e00000, 0x0000000087e00000|100%|HC|  |TAMS 0x0000000087e00000, 0x0000000087d00000| Complete 
| 126|0x0000000087e00000, 0x0000000087f00000, 0x0000000087f00000|100%|HS|  |TAMS 0x0000000087f00000, 0x0000000087e00000| Complete 
| 127|0x0000000087f00000, 0x0000000088000000, 0x0000000088000000|100%|HS|  |TAMS 0x0000000088000000, 0x0000000087f00000| Complete 
| 128|0x0000000088000000, 0x0000000088100000, 0x0000000088100000|100%|HS|  |TAMS 0x0000000088100000, 0x0000000088000000| Complete 
| 129|0x0000000088100000, 0x0000000088200000, 0x0000000088200000|100%|HS|  |TAMS 0x0000000088200000, 0x0000000088100000| Complete 
| 130|0x0000000088200000, 0x0000000088300000, 0x0000000088300000|100%| O|  |TAMS 0x0000000088300000, 0x0000000088200000| Untracked 
| 131|0x0000000088300000, 0x0000000088400000, 0x0000000088400000|100%| O|  |TAMS 0x0000000088400000, 0x0000000088300000| Untracked 
| 132|0x0000000088400000, 0x0000000088500000, 0x0000000088500000|100%| O|  |TAMS 0x0000000088500000, 0x0000000088400000| Untracked 
| 133|0x0000000088500000, 0x0000000088600000, 0x0000000088600000|100%| O|  |TAMS 0x0000000088600000, 0x0000000088500000| Untracked 
| 134|0x0000000088600000, 0x0000000088700000, 0x0000000088700000|100%| O|  |TAMS 0x0000000088700000, 0x0000000088600000| Untracked 
| 135|0x0000000088700000, 0x0000000088800000, 0x0000000088800000|100%| O|  |TAMS 0x0000000088800000, 0x0000000088700000| Untracked 
| 136|0x0000000088800000, 0x0000000088900000, 0x0000000088900000|100%| O|  |TAMS 0x0000000088900000, 0x0000000088800000| Untracked 
| 137|0x0000000088900000, 0x0000000088a00000, 0x0000000088a00000|100%| O|  |TAMS 0x0000000088a00000, 0x0000000088900000| Untracked 
| 138|0x0000000088a00000, 0x0000000088b00000, 0x0000000088b00000|100%| O|  |TAMS 0x0000000088b00000, 0x0000000088a00000| Untracked 
| 139|0x0000000088b00000, 0x0000000088c00000, 0x0000000088c00000|100%| O|  |TAMS 0x0000000088c00000, 0x0000000088b00000| Untracked 
| 140|0x0000000088c00000, 0x0000000088d00000, 0x0000000088d00000|100%| O|  |TAMS 0x0000000088c00000, 0x0000000088c00000| Untracked 
| 141|0x0000000088d00000, 0x0000000088e00000, 0x0000000088e00000|100%| O|  |TAMS 0x0000000088e00000, 0x0000000088d00000| Untracked 
| 142|0x0000000088e00000, 0x0000000088f00000, 0x0000000088f00000|100%| O|  |TAMS 0x0000000088f00000, 0x0000000088e00000| Untracked 
| 143|0x0000000088f00000, 0x0000000089000000, 0x0000000089000000|100%| O|  |TAMS 0x0000000089000000, 0x0000000088f00000| Untracked 
| 144|0x0000000089000000, 0x0000000089100000, 0x0000000089100000|100%| O|  |TAMS 0x0000000089100000, 0x0000000089000000| Untracked 
| 145|0x0000000089100000, 0x0000000089200000, 0x0000000089200000|100%| O|  |TAMS 0x0000000089200000, 0x0000000089100000| Untracked 
| 146|0x0000000089200000, 0x0000000089300000, 0x0000000089300000|100%| O|  |TAMS 0x0000000089300000, 0x0000000089200000| Untracked 
| 147|0x0000000089300000, 0x0000000089400000, 0x0000000089400000|100%| O|  |TAMS 0x0000000089400000, 0x0000000089300000| Untracked 
| 148|0x0000000089400000, 0x0000000089500000, 0x0000000089500000|100%| O|  |TAMS 0x0000000089500000, 0x0000000089400000| Untracked 
| 149|0x0000000089500000, 0x0000000089600000, 0x0000000089600000|100%| O|  |TAMS 0x0000000089600000, 0x0000000089500000| Untracked 
| 150|0x0000000089600000, 0x0000000089700000, 0x0000000089700000|100%| O|  |TAMS 0x0000000089700000, 0x0000000089600000| Untracked 
| 151|0x0000000089700000, 0x0000000089800000, 0x0000000089800000|100%| O|  |TAMS 0x0000000089800000, 0x0000000089700000| Untracked 
| 152|0x0000000089800000, 0x0000000089900000, 0x0000000089900000|100%| O|  |TAMS 0x0000000089900000, 0x0000000089800000| Untracked 
| 153|0x0000000089900000, 0x0000000089a00000, 0x0000000089a00000|100%| O|  |TAMS 0x0000000089a00000, 0x0000000089900000| Untracked 
| 154|0x0000000089a00000, 0x0000000089b00000, 0x0000000089b00000|100%|HS|  |TAMS 0x0000000089b00000, 0x0000000089a00000| Complete 
| 155|0x0000000089b00000, 0x0000000089c00000, 0x0000000089c00000|100%| O|  |TAMS 0x0000000089c00000, 0x0000000089b00000| Untracked 
| 156|0x0000000089c00000, 0x0000000089d00000, 0x0000000089d00000|100%| O|  |TAMS 0x0000000089d00000, 0x0000000089c00000| Untracked 
| 157|0x0000000089d00000, 0x0000000089e00000, 0x0000000089e00000|100%| O|  |TAMS 0x0000000089e00000, 0x0000000089d00000| Untracked 
| 158|0x0000000089e00000, 0x0000000089f00000, 0x0000000089f00000|100%| O|  |TAMS 0x0000000089f00000, 0x0000000089e00000| Untracked 
| 159|0x0000000089f00000, 0x000000008a000000, 0x000000008a000000|100%| O|  |TAMS 0x000000008a000000, 0x0000000089f00000| Untracked 
| 160|0x000000008a000000, 0x000000008a100000, 0x000000008a100000|100%| O|  |TAMS 0x000000008a100000, 0x000000008a000000| Untracked 
| 161|0x000000008a100000, 0x000000008a200000, 0x000000008a200000|100%| O|  |TAMS 0x000000008a200000, 0x000000008a100000| Untracked 
| 162|0x000000008a200000, 0x000000008a300000, 0x000000008a300000|100%| O|  |TAMS 0x000000008a300000, 0x000000008a200000| Untracked 
| 163|0x000000008a300000, 0x000000008a400000, 0x000000008a400000|100%| O|  |TAMS 0x000000008a400000, 0x000000008a300000| Untracked 
| 164|0x000000008a400000, 0x000000008a500000, 0x000000008a500000|100%| O|  |TAMS 0x000000008a500000, 0x000000008a400000| Untracked 
| 165|0x000000008a500000, 0x000000008a600000, 0x000000008a600000|100%| O|  |TAMS 0x000000008a600000, 0x000000008a500000| Untracked 
| 166|0x000000008a600000, 0x000000008a700000, 0x000000008a700000|100%| O|  |TAMS 0x000000008a700000, 0x000000008a600000| Untracked 
| 167|0x000000008a700000, 0x000000008a800000, 0x000000008a800000|100%| O|  |TAMS 0x000000008a800000, 0x000000008a700000| Untracked 
| 168|0x000000008a800000, 0x000000008a900000, 0x000000008a900000|100%| O|  |TAMS 0x000000008a900000, 0x000000008a800000| Untracked 
| 169|0x000000008a900000, 0x000000008aa00000, 0x000000008aa00000|100%| O|  |TAMS 0x000000008aa00000, 0x000000008a900000| Untracked 
| 170|0x000000008aa00000, 0x000000008ab00000, 0x000000008ab00000|100%| O|  |TAMS 0x000000008ab00000, 0x000000008aa00000| Untracked 
| 171|0x000000008ab00000, 0x000000008ac00000, 0x000000008ac00000|100%| O|  |TAMS 0x000000008ac00000, 0x000000008ab00000| Untracked 
| 172|0x000000008ac00000, 0x000000008ad00000, 0x000000008ad00000|100%|HS|  |TAMS 0x000000008ad00000, 0x000000008ac00000| Complete 
| 173|0x000000008ad00000, 0x000000008ae00000, 0x000000008ae00000|100%|HS|  |TAMS 0x000000008ae00000, 0x000000008ad00000| Complete 
| 174|0x000000008ae00000, 0x000000008af00000, 0x000000008af00000|100%|HS|  |TAMS 0x000000008af00000, 0x000000008ae00000| Complete 
| 175|0x000000008af00000, 0x000000008b000000, 0x000000008b000000|100%|HS|  |TAMS 0x000000008b000000, 0x000000008af00000| Complete 
| 176|0x000000008b000000, 0x000000008b100000, 0x000000008b100000|100%| O|  |TAMS 0x000000008b100000, 0x000000008b000000| Untracked 
| 177|0x000000008b100000, 0x000000008b200000, 0x000000008b200000|100%| O|  |TAMS 0x000000008b200000, 0x000000008b100000| Untracked 
| 178|0x000000008b200000, 0x000000008b300000, 0x000000008b300000|100%| O|  |TAMS 0x000000008b300000, 0x000000008b200000| Untracked 
| 179|0x000000008b300000, 0x000000008b400000, 0x000000008b400000|100%| O|  |TAMS 0x000000008b300000, 0x000000008b300000| Untracked 
| 180|0x000000008b400000, 0x000000008b500000, 0x000000008b500000|100%| O|  |TAMS 0x000000008b500000, 0x000000008b400000| Untracked 
| 181|0x000000008b500000, 0x000000008b600000, 0x000000008b600000|100%| O|  |TAMS 0x000000008b600000, 0x000000008b500000| Untracked 
| 182|0x000000008b600000, 0x000000008b700000, 0x000000008b700000|100%|HS|  |TAMS 0x000000008b600000, 0x000000008b600000| Complete 
| 183|0x000000008b700000, 0x000000008b800000, 0x000000008b800000|100%|HC|  |TAMS 0x000000008b700000, 0x000000008b700000| Complete 
| 184|0x000000008b800000, 0x000000008b900000, 0x000000008b900000|100%| O|  |TAMS 0x000000008b800000, 0x000000008b800000| Untracked 
| 185|0x000000008b900000, 0x000000008ba00000, 0x000000008ba00000|100%| O|  |TAMS 0x000000008b900000, 0x000000008b900000| Untracked 
| 186|0x000000008ba00000, 0x000000008bb00000, 0x000000008bb00000|100%| O|  |TAMS 0x000000008bb00000, 0x000000008ba00000| Untracked 
| 187|0x000000008bb00000, 0x000000008bc00000, 0x000000008bc00000|100%| O|  |TAMS 0x000000008bb00000, 0x000000008bb00000| Untracked 
| 188|0x000000008bc00000, 0x000000008bd00000, 0x000000008bd00000|100%| O|  |TAMS 0x000000008bc00000, 0x000000008bc00000| Untracked 
| 189|0x000000008bd00000, 0x000000008be00000, 0x000000008be00000|100%| O|  |TAMS 0x000000008be00000, 0x000000008bd00000| Untracked 
| 190|0x000000008be00000, 0x000000008bf00000, 0x000000008bf00000|100%| O|  |TAMS 0x000000008bf00000, 0x000000008be00000| Untracked 
| 191|0x000000008bf00000, 0x000000008c000000, 0x000000008c000000|100%| O|  |TAMS 0x000000008bf00000, 0x000000008bf00000| Untracked 
| 192|0x000000008c000000, 0x000000008c100000, 0x000000008c100000|100%| O|  |TAMS 0x000000008c000000, 0x000000008c000000| Untracked 
| 193|0x000000008c100000, 0x000000008c200000, 0x000000008c200000|100%| O|  |TAMS 0x000000008c200000, 0x000000008c100000| Untracked 
| 194|0x000000008c200000, 0x000000008c300000, 0x000000008c300000|100%| O|  |TAMS 0x000000008c300000, 0x000000008c200000| Untracked 
| 195|0x000000008c300000, 0x000000008c400000, 0x000000008c400000|100%| O|  |TAMS 0x000000008c400000, 0x000000008c300000| Untracked 
| 196|0x000000008c400000, 0x000000008c500000, 0x000000008c500000|100%| O|  |TAMS 0x000000008c500000, 0x000000008c400000| Untracked 
| 197|0x000000008c500000, 0x000000008c600000, 0x000000008c600000|100%| O|  |TAMS 0x000000008c600000, 0x000000008c500000| Untracked 
| 198|0x000000008c600000, 0x000000008c700000, 0x000000008c700000|100%| O|  |TAMS 0x000000008c600000, 0x000000008c600000| Untracked 
| 199|0x000000008c700000, 0x000000008c800000, 0x000000008c800000|100%| O|  |TAMS 0x000000008c700000, 0x000000008c700000| Untracked 
| 200|0x000000008c800000, 0x000000008c900000, 0x000000008c900000|100%| O|  |TAMS 0x000000008c800000, 0x000000008c800000| Untracked 
| 201|0x000000008c900000, 0x000000008ca00000, 0x000000008ca00000|100%| O|  |TAMS 0x000000008c900000, 0x000000008c900000| Untracked 
| 202|0x000000008ca00000, 0x000000008cb00000, 0x000000008cb00000|100%| O|  |TAMS 0x000000008cb00000, 0x000000008ca00000| Untracked 
| 203|0x000000008cb00000, 0x000000008cc00000, 0x000000008cc00000|100%| O|  |TAMS 0x000000008cb00000, 0x000000008cb00000| Untracked 
| 204|0x000000008cc00000, 0x000000008cd00000, 0x000000008cd00000|100%| O|  |TAMS 0x000000008cd00000, 0x000000008cc00000| Untracked 
| 205|0x000000008cd00000, 0x000000008ce00000, 0x000000008ce00000|100%| O|  |TAMS 0x000000008ce00000, 0x000000008cd00000| Untracked 
| 206|0x000000008ce00000, 0x000000008cf00000, 0x000000008cf00000|100%| O|  |TAMS 0x000000008cf00000, 0x000000008ce00000| Untracked 
| 207|0x000000008cf00000, 0x000000008d000000, 0x000000008d000000|100%| O|  |TAMS 0x000000008d000000, 0x000000008cf00000| Untracked 
| 208|0x000000008d000000, 0x000000008d100000, 0x000000008d100000|100%| O|  |TAMS 0x000000008d100000, 0x000000008d000000| Untracked 
| 209|0x000000008d100000, 0x000000008d200000, 0x000000008d200000|100%| O|  |TAMS 0x000000008d200000, 0x000000008d100000| Untracked 
| 210|0x000000008d200000, 0x000000008d300000, 0x000000008d300000|100%| O|  |TAMS 0x000000008d300000, 0x000000008d200000| Untracked 
| 211|0x000000008d300000, 0x000000008d400000, 0x000000008d400000|100%| O|  |TAMS 0x000000008d400000, 0x000000008d300000| Untracked 
| 212|0x000000008d400000, 0x000000008d500000, 0x000000008d500000|100%| O|  |TAMS 0x000000008d500000, 0x000000008d400000| Untracked 
| 213|0x000000008d500000, 0x000000008d600000, 0x000000008d600000|100%| O|  |TAMS 0x000000008d600000, 0x000000008d500000| Untracked 
| 214|0x000000008d600000, 0x000000008d700000, 0x000000008d700000|100%| O|  |TAMS 0x000000008d700000, 0x000000008d600000| Untracked 
| 215|0x000000008d700000, 0x000000008d800000, 0x000000008d800000|100%| O|  |TAMS 0x000000008d800000, 0x000000008d700000| Untracked 
| 216|0x000000008d800000, 0x000000008d900000, 0x000000008d900000|100%| O|  |TAMS 0x000000008d900000, 0x000000008d800000| Untracked 
| 217|0x000000008d900000, 0x000000008da00000, 0x000000008da00000|100%| O|  |TAMS 0x000000008da00000, 0x000000008d900000| Untracked 
| 218|0x000000008da00000, 0x000000008db00000, 0x000000008db00000|100%| O|  |TAMS 0x000000008db00000, 0x000000008da00000| Untracked 
| 219|0x000000008db00000, 0x000000008dc00000, 0x000000008dc00000|100%| O|  |TAMS 0x000000008dc00000, 0x000000008db00000| Untracked 
| 220|0x000000008dc00000, 0x000000008dd00000, 0x000000008dd00000|100%| O|  |TAMS 0x000000008dd00000, 0x000000008dc00000| Untracked 
| 221|0x000000008dd00000, 0x000000008de00000, 0x000000008de00000|100%| O|  |TAMS 0x000000008de00000, 0x000000008dd00000| Untracked 
| 222|0x000000008de00000, 0x000000008df00000, 0x000000008df00000|100%| O|  |TAMS 0x000000008df00000, 0x000000008de00000| Untracked 
| 223|0x000000008df00000, 0x000000008e000000, 0x000000008e000000|100%| O|  |TAMS 0x000000008e000000, 0x000000008df00000| Untracked 
| 224|0x000000008e000000, 0x000000008e100000, 0x000000008e100000|100%| O|  |TAMS 0x000000008e100000, 0x000000008e000000| Untracked 
| 225|0x000000008e100000, 0x000000008e200000, 0x000000008e200000|100%| O|  |TAMS 0x000000008e200000, 0x000000008e100000| Untracked 
| 226|0x000000008e200000, 0x000000008e300000, 0x000000008e300000|100%| O|  |TAMS 0x000000008e300000, 0x000000008e200000| Untracked 
| 227|0x000000008e300000, 0x000000008e400000, 0x000000008e400000|100%| O|  |TAMS 0x000000008e400000, 0x000000008e300000| Untracked 
| 228|0x000000008e400000, 0x000000008e500000, 0x000000008e500000|100%| O|  |TAMS 0x000000008e500000, 0x000000008e400000| Untracked 
| 229|0x000000008e500000, 0x000000008e600000, 0x000000008e600000|100%| O|  |TAMS 0x000000008e600000, 0x000000008e500000| Untracked 
| 230|0x000000008e600000, 0x000000008e700000, 0x000000008e700000|100%| O|  |TAMS 0x000000008e700000, 0x000000008e600000| Untracked 
| 231|0x000000008e700000, 0x000000008e800000, 0x000000008e800000|100%| O|  |TAMS 0x000000008e800000, 0x000000008e700000| Untracked 
| 232|0x000000008e800000, 0x000000008e900000, 0x000000008e900000|100%| O|  |TAMS 0x000000008e900000, 0x000000008e800000| Untracked 
| 233|0x000000008e900000, 0x000000008ea00000, 0x000000008ea00000|100%| O|  |TAMS 0x000000008ea00000, 0x000000008e900000| Untracked 
| 234|0x000000008ea00000, 0x000000008eb00000, 0x000000008eb00000|100%| O|  |TAMS 0x000000008eb00000, 0x000000008ea00000| Untracked 
| 235|0x000000008eb00000, 0x000000008ec00000, 0x000000008ec00000|100%| O|  |TAMS 0x000000008ec00000, 0x000000008eb00000| Untracked 
| 236|0x000000008ec00000, 0x000000008ed00000, 0x000000008ed00000|100%| O|  |TAMS 0x000000008ed00000, 0x000000008ec00000| Untracked 
| 237|0x000000008ed00000, 0x000000008ee00000, 0x000000008ee00000|100%| O|  |TAMS 0x000000008ee00000, 0x000000008ed00000| Untracked 
| 238|0x000000008ee00000, 0x000000008ef00000, 0x000000008ef00000|100%| O|  |TAMS 0x000000008ef00000, 0x000000008ee00000| Untracked 
| 239|0x000000008ef00000, 0x000000008f000000, 0x000000008f000000|100%| O|  |TAMS 0x000000008f000000, 0x000000008ef00000| Untracked 
| 240|0x000000008f000000, 0x000000008f100000, 0x000000008f100000|100%| O|  |TAMS 0x000000008f100000, 0x000000008f000000| Untracked 
| 241|0x000000008f100000, 0x000000008f200000, 0x000000008f200000|100%| O|  |TAMS 0x000000008f100000, 0x000000008f100000| Untracked 
| 242|0x000000008f200000, 0x000000008f300000, 0x000000008f300000|100%| O|  |TAMS 0x000000008f300000, 0x000000008f200000| Untracked 
| 243|0x000000008f300000, 0x000000008f400000, 0x000000008f400000|100%| O|  |TAMS 0x000000008f400000, 0x000000008f300000| Untracked 
| 244|0x000000008f400000, 0x000000008f500000, 0x000000008f500000|100%| O|  |TAMS 0x000000008f500000, 0x000000008f400000| Untracked 
| 245|0x000000008f500000, 0x000000008f600000, 0x000000008f600000|100%| O|  |TAMS 0x000000008f600000, 0x000000008f500000| Untracked 
| 246|0x000000008f600000, 0x000000008f700000, 0x000000008f700000|100%| O|  |TAMS 0x000000008f600000, 0x000000008f600000| Untracked 
| 247|0x000000008f700000, 0x000000008f800000, 0x000000008f800000|100%| O|  |TAMS 0x000000008f700000, 0x000000008f700000| Untracked 
| 248|0x000000008f800000, 0x000000008f900000, 0x000000008f900000|100%| O|  |TAMS 0x000000008f900000, 0x000000008f800000| Untracked 
| 249|0x000000008f900000, 0x000000008fa00000, 0x000000008fa00000|100%| O|  |TAMS 0x000000008fa00000, 0x000000008f900000| Untracked 
| 250|0x000000008fa00000, 0x000000008fb00000, 0x000000008fb00000|100%| O|  |TAMS 0x000000008fb00000, 0x000000008fa00000| Untracked 
| 251|0x000000008fb00000, 0x000000008fc00000, 0x000000008fc00000|100%| O|  |TAMS 0x000000008fc00000, 0x000000008fb00000| Untracked 
| 252|0x000000008fc00000, 0x000000008fd00000, 0x000000008fd00000|100%| O|  |TAMS 0x000000008fd00000, 0x000000008fc00000| Untracked 
| 253|0x000000008fd00000, 0x000000008fe00000, 0x000000008fe00000|100%| O|  |TAMS 0x000000008fe00000, 0x000000008fd00000| Untracked 
| 254|0x000000008fe00000, 0x000000008ff00000, 0x000000008ff00000|100%| O|  |TAMS 0x000000008ff00000, 0x000000008fe00000| Untracked 
| 255|0x000000008ff00000, 0x0000000090000000, 0x0000000090000000|100%| O|  |TAMS 0x0000000090000000, 0x000000008ff00000| Untracked 
| 256|0x0000000090000000, 0x0000000090100000, 0x0000000090100000|100%| O|  |TAMS 0x0000000090100000, 0x0000000090000000| Untracked 
| 257|0x0000000090100000, 0x0000000090200000, 0x0000000090200000|100%| O|  |TAMS 0x0000000090200000, 0x0000000090100000| Untracked 
| 258|0x0000000090200000, 0x0000000090300000, 0x0000000090300000|100%| O|  |TAMS 0x0000000090300000, 0x0000000090200000| Untracked 
| 259|0x0000000090300000, 0x0000000090400000, 0x0000000090400000|100%| O|  |TAMS 0x0000000090400000, 0x0000000090300000| Untracked 
| 260|0x0000000090400000, 0x0000000090500000, 0x0000000090500000|100%| O|  |TAMS 0x0000000090500000, 0x0000000090400000| Untracked 
| 261|0x0000000090500000, 0x0000000090600000, 0x0000000090600000|100%| O|  |TAMS 0x0000000090600000, 0x0000000090500000| Untracked 
| 262|0x0000000090600000, 0x0000000090700000, 0x0000000090700000|100%| O|  |TAMS 0x0000000090700000, 0x0000000090600000| Untracked 
| 263|0x0000000090700000, 0x0000000090800000, 0x0000000090800000|100%| O|  |TAMS 0x0000000090700000, 0x0000000090700000| Untracked 
| 264|0x0000000090800000, 0x0000000090900000, 0x0000000090900000|100%| O|  |TAMS 0x0000000090800000, 0x0000000090800000| Untracked 
| 265|0x0000000090900000, 0x0000000090a00000, 0x0000000090a00000|100%| O|  |TAMS 0x0000000090900000, 0x0000000090900000| Untracked 
| 266|0x0000000090a00000, 0x0000000090b00000, 0x0000000090b00000|100%| O|  |TAMS 0x0000000090a00000, 0x0000000090a00000| Untracked 
| 267|0x0000000090b00000, 0x0000000090c00000, 0x0000000090c00000|100%| O|  |TAMS 0x0000000090b00000, 0x0000000090b00000| Untracked 
| 268|0x0000000090c00000, 0x0000000090d00000, 0x0000000090d00000|100%| O|  |TAMS 0x0000000090c00000, 0x0000000090c00000| Untracked 
| 269|0x0000000090d00000, 0x0000000090e00000, 0x0000000090e00000|100%| O|  |TAMS 0x0000000090d00000, 0x0000000090d00000| Untracked 
| 270|0x0000000090e00000, 0x0000000090f00000, 0x0000000090f00000|100%| O|  |TAMS 0x0000000090e00000, 0x0000000090e00000| Untracked 
| 271|0x0000000090f00000, 0x0000000091000000, 0x0000000091000000|100%| O|  |TAMS 0x0000000090f00000, 0x0000000090f00000| Untracked 
| 272|0x0000000091000000, 0x0000000091100000, 0x0000000091100000|100%| O|  |TAMS 0x0000000091000000, 0x0000000091000000| Untracked 
| 273|0x0000000091100000, 0x0000000091200000, 0x0000000091200000|100%| O|  |TAMS 0x0000000091100000, 0x0000000091100000| Untracked 
| 274|0x0000000091200000, 0x0000000091300000, 0x0000000091300000|100%| O|  |TAMS 0x0000000091200000, 0x0000000091200000| Untracked 
| 275|0x0000000091300000, 0x0000000091400000, 0x0000000091400000|100%| O|  |TAMS 0x0000000091300000, 0x0000000091300000| Untracked 
| 276|0x0000000091400000, 0x0000000091500000, 0x0000000091500000|100%| O|  |TAMS 0x0000000091400000, 0x0000000091400000| Untracked 
| 277|0x0000000091500000, 0x0000000091600000, 0x0000000091600000|100%| O|  |TAMS 0x0000000091500000, 0x0000000091500000| Untracked 
| 278|0x0000000091600000, 0x0000000091700000, 0x0000000091700000|100%| O|  |TAMS 0x0000000091600000, 0x0000000091600000| Untracked 
| 279|0x0000000091700000, 0x0000000091800000, 0x0000000091800000|100%| O|  |TAMS 0x0000000091800000, 0x0000000091700000| Untracked 
| 280|0x0000000091800000, 0x0000000091900000, 0x0000000091900000|100%| O|  |TAMS 0x0000000091800000, 0x0000000091800000| Untracked 
| 281|0x0000000091900000, 0x0000000091a00000, 0x0000000091a00000|100%| O|  |TAMS 0x0000000091900000, 0x0000000091900000| Untracked 
| 282|0x0000000091a00000, 0x0000000091b00000, 0x0000000091b00000|100%|HS|  |TAMS 0x0000000091a00000, 0x0000000091a00000| Complete 
| 283|0x0000000091b00000, 0x0000000091c00000, 0x0000000091c00000|100%|HC|  |TAMS 0x0000000091b00000, 0x0000000091b00000| Complete 
| 284|0x0000000091c00000, 0x0000000091d00000, 0x0000000091d00000|100%| O|  |TAMS 0x0000000091c00000, 0x0000000091c00000| Untracked 
| 285|0x0000000091d00000, 0x0000000091e00000, 0x0000000091e00000|100%| O|  |TAMS 0x0000000091e00000, 0x0000000091d00000| Untracked 
| 286|0x0000000091e00000, 0x0000000091f00000, 0x0000000091f00000|100%| O|  |TAMS 0x0000000091f00000, 0x0000000091e00000| Untracked 
| 287|0x0000000091f00000, 0x0000000092000000, 0x0000000092000000|100%| O|  |TAMS 0x0000000092000000, 0x0000000091f00000| Untracked 
| 288|0x0000000092000000, 0x0000000092100000, 0x0000000092100000|100%| O|  |TAMS 0x0000000092000000, 0x0000000092000000| Untracked 
| 289|0x0000000092100000, 0x0000000092200000, 0x0000000092200000|100%| O|  |TAMS 0x0000000092100000, 0x0000000092100000| Untracked 
| 290|0x0000000092200000, 0x0000000092300000, 0x0000000092300000|100%| O|  |TAMS 0x0000000092200000, 0x0000000092200000| Untracked 
| 291|0x0000000092300000, 0x0000000092400000, 0x0000000092400000|100%| O|  |TAMS 0x0000000092400000, 0x0000000092300000| Untracked 
| 292|0x0000000092400000, 0x0000000092500000, 0x0000000092500000|100%| O|  |TAMS 0x0000000092400000, 0x0000000092400000| Untracked 
| 293|0x0000000092500000, 0x0000000092600000, 0x0000000092600000|100%| O|  |TAMS 0x0000000092500000, 0x0000000092500000| Untracked 
| 294|0x0000000092600000, 0x0000000092700000, 0x0000000092700000|100%| O|  |TAMS 0x0000000092600000, 0x0000000092600000| Untracked 
| 295|0x0000000092700000, 0x0000000092800000, 0x0000000092800000|100%| O|  |TAMS 0x0000000092700000, 0x0000000092700000| Untracked 
| 296|0x0000000092800000, 0x0000000092900000, 0x0000000092900000|100%| O|  |TAMS 0x0000000092800000, 0x0000000092800000| Untracked 
| 297|0x0000000092900000, 0x0000000092a00000, 0x0000000092a00000|100%| O|  |TAMS 0x0000000092900000, 0x0000000092900000| Untracked 
| 298|0x0000000092a00000, 0x0000000092b00000, 0x0000000092b00000|100%| O|  |TAMS 0x0000000092a00000, 0x0000000092a00000| Untracked 
| 299|0x0000000092b00000, 0x0000000092c00000, 0x0000000092c00000|100%| O|  |TAMS 0x0000000092c00000, 0x0000000092b00000| Untracked 
| 300|0x0000000092c00000, 0x0000000092d00000, 0x0000000092d00000|100%| O|  |TAMS 0x0000000092c00000, 0x0000000092c00000| Untracked 
| 301|0x0000000092d00000, 0x0000000092e00000, 0x0000000092e00000|100%| O|  |TAMS 0x0000000092d00000, 0x0000000092d00000| Untracked 
| 302|0x0000000092e00000, 0x0000000092f00000, 0x0000000092f00000|100%| O|  |TAMS 0x0000000092e00000, 0x0000000092e00000| Untracked 
| 303|0x0000000092f00000, 0x0000000093000000, 0x0000000093000000|100%| O|  |TAMS 0x0000000092f00000, 0x0000000092f00000| Untracked 
| 304|0x0000000093000000, 0x0000000093100000, 0x0000000093100000|100%| O|  |TAMS 0x0000000093100000, 0x0000000093000000| Untracked 
| 305|0x0000000093100000, 0x0000000093200000, 0x0000000093200000|100%| O|  |TAMS 0x0000000093200000, 0x0000000093100000| Untracked 
| 306|0x0000000093200000, 0x0000000093300000, 0x0000000093300000|100%| O|  |TAMS 0x0000000093200000, 0x0000000093200000| Untracked 
| 307|0x0000000093300000, 0x0000000093400000, 0x0000000093400000|100%| O|  |TAMS 0x0000000093300000, 0x0000000093300000| Untracked 
| 308|0x0000000093400000, 0x0000000093500000, 0x0000000093500000|100%| O|  |TAMS 0x0000000093500000, 0x0000000093400000| Untracked 
| 309|0x0000000093500000, 0x0000000093600000, 0x0000000093600000|100%| O|  |TAMS 0x0000000093500000, 0x0000000093500000| Untracked 
| 310|0x0000000093600000, 0x0000000093700000, 0x0000000093700000|100%| O|  |TAMS 0x0000000093600000, 0x0000000093600000| Untracked 
| 311|0x0000000093700000, 0x0000000093800000, 0x0000000093800000|100%|HS|  |TAMS 0x0000000093800000, 0x0000000093700000| Complete 
| 312|0x0000000093800000, 0x0000000093900000, 0x0000000093900000|100%|HC|  |TAMS 0x0000000093900000, 0x0000000093800000| Complete 
| 313|0x0000000093900000, 0x0000000093a00000, 0x0000000093a00000|100%| O|  |TAMS 0x0000000093a00000, 0x0000000093900000| Untracked 
| 314|0x0000000093a00000, 0x0000000093b00000, 0x0000000093b00000|100%| O|  |TAMS 0x0000000093b00000, 0x0000000093a00000| Untracked 
| 315|0x0000000093b00000, 0x0000000093c00000, 0x0000000093c00000|100%| O|  |TAMS 0x0000000093c00000, 0x0000000093b00000| Untracked 
| 316|0x0000000093c00000, 0x0000000093d00000, 0x0000000093d00000|100%| O|  |TAMS 0x0000000093d00000, 0x0000000093c00000| Untracked 
| 317|0x0000000093d00000, 0x0000000093e00000, 0x0000000093e00000|100%| O|  |TAMS 0x0000000093e00000, 0x0000000093d00000| Untracked 
| 318|0x0000000093e00000, 0x0000000093f00000, 0x0000000093f00000|100%| O|  |TAMS 0x0000000093e00000, 0x0000000093e00000| Untracked 
| 319|0x0000000093f00000, 0x0000000094000000, 0x0000000094000000|100%| O|  |TAMS 0x0000000094000000, 0x0000000093f00000| Untracked 
| 320|0x0000000094000000, 0x0000000094100000, 0x0000000094100000|100%| O|  |TAMS 0x0000000094100000, 0x0000000094000000| Untracked 
| 321|0x0000000094100000, 0x0000000094200000, 0x0000000094200000|100%| O|  |TAMS 0x0000000094200000, 0x0000000094100000| Untracked 
| 322|0x0000000094200000, 0x0000000094300000, 0x0000000094300000|100%| O|  |TAMS 0x0000000094300000, 0x0000000094200000| Untracked 
| 323|0x0000000094300000, 0x0000000094400000, 0x0000000094400000|100%| O|  |TAMS 0x0000000094300000, 0x0000000094300000| Untracked 
| 324|0x0000000094400000, 0x0000000094500000, 0x0000000094500000|100%| O|  |TAMS 0x0000000094400000, 0x0000000094400000| Untracked 
| 325|0x0000000094500000, 0x0000000094600000, 0x0000000094600000|100%|HS|  |TAMS 0x0000000094500000, 0x0000000094500000| Complete 
| 326|0x0000000094600000, 0x0000000094700000, 0x0000000094700000|100%|HC|  |TAMS 0x0000000094600000, 0x0000000094600000| Complete 
| 327|0x0000000094700000, 0x0000000094800000, 0x0000000094800000|100%| O|  |TAMS 0x0000000094700000, 0x0000000094700000| Untracked 
| 328|0x0000000094800000, 0x0000000094900000, 0x0000000094900000|100%| O|  |TAMS 0x0000000094800000, 0x0000000094800000| Untracked 
| 329|0x0000000094900000, 0x0000000094a00000, 0x0000000094a00000|100%| O|  |TAMS 0x0000000094900000, 0x0000000094900000| Untracked 
| 330|0x0000000094a00000, 0x0000000094b00000, 0x0000000094b00000|100%| O|  |TAMS 0x0000000094b00000, 0x0000000094a00000| Untracked 
| 331|0x0000000094b00000, 0x0000000094c00000, 0x0000000094c00000|100%| O|  |TAMS 0x0000000094c00000, 0x0000000094b00000| Untracked 
| 332|0x0000000094c00000, 0x0000000094d00000, 0x0000000094d00000|100%| O|  |TAMS 0x0000000094d00000, 0x0000000094c00000| Untracked 
| 333|0x0000000094d00000, 0x0000000094e00000, 0x0000000094e00000|100%| O|  |TAMS 0x0000000094d00000, 0x0000000094d00000| Untracked 
| 334|0x0000000094e00000, 0x0000000094f00000, 0x0000000094f00000|100%| O|  |TAMS 0x0000000094e00000, 0x0000000094e00000| Untracked 
| 335|0x0000000094f00000, 0x0000000095000000, 0x0000000095000000|100%| O|  |TAMS 0x0000000094f00000, 0x0000000094f00000| Untracked 
| 336|0x0000000095000000, 0x0000000095100000, 0x0000000095100000|100%| O|  |TAMS 0x0000000095000000, 0x0000000095000000| Untracked 
| 337|0x0000000095100000, 0x0000000095200000, 0x0000000095200000|100%| O|  |TAMS 0x0000000095100000, 0x0000000095100000| Untracked 
| 338|0x0000000095200000, 0x0000000095300000, 0x0000000095300000|100%| O|  |TAMS 0x0000000095200000, 0x0000000095200000| Untracked 
| 339|0x0000000095300000, 0x0000000095400000, 0x0000000095400000|100%| O|  |TAMS 0x0000000095300000, 0x0000000095300000| Untracked 
| 340|0x0000000095400000, 0x0000000095500000, 0x0000000095500000|100%| O|  |TAMS 0x0000000095400000, 0x0000000095400000| Untracked 
| 341|0x0000000095500000, 0x0000000095600000, 0x0000000095600000|100%| O|  |TAMS 0x0000000095500000, 0x0000000095500000| Untracked 
| 342|0x0000000095600000, 0x0000000095700000, 0x0000000095700000|100%| O|  |TAMS 0x0000000095600000, 0x0000000095600000| Untracked 
| 343|0x0000000095700000, 0x0000000095800000, 0x0000000095800000|100%| O|  |TAMS 0x0000000095700000, 0x0000000095700000| Untracked 
| 344|0x0000000095800000, 0x0000000095900000, 0x0000000095900000|100%| O|  |TAMS 0x0000000095800000, 0x0000000095800000| Untracked 
| 345|0x0000000095900000, 0x0000000095a00000, 0x0000000095a00000|100%| O|  |TAMS 0x0000000095a00000, 0x0000000095900000| Untracked 
| 346|0x0000000095a00000, 0x0000000095b00000, 0x0000000095b00000|100%| O|  |TAMS 0x0000000095a00000, 0x0000000095a00000| Untracked 
| 347|0x0000000095b00000, 0x0000000095c00000, 0x0000000095c00000|100%| O|  |TAMS 0x0000000095b00000, 0x0000000095b00000| Untracked 
| 348|0x0000000095c00000, 0x0000000095d00000, 0x0000000095d00000|100%|HS|  |TAMS 0x0000000095d00000, 0x0000000095c00000| Complete 
| 349|0x0000000095d00000, 0x0000000095e00000, 0x0000000095e00000|100%|HC|  |TAMS 0x0000000095e00000, 0x0000000095d00000| Complete 
| 350|0x0000000095e00000, 0x0000000095f00000, 0x0000000095f00000|100%|HS|  |TAMS 0x0000000095e00000, 0x0000000095e00000| Complete 
| 351|0x0000000095f00000, 0x0000000096000000, 0x0000000096000000|100%|HC|  |TAMS 0x0000000095f00000, 0x0000000095f00000| Complete 
| 352|0x0000000096000000, 0x0000000096100000, 0x0000000096100000|100%| O|  |TAMS 0x0000000096100000, 0x0000000096000000| Untracked 
| 353|0x0000000096100000, 0x0000000096200000, 0x0000000096200000|100%| O|  |TAMS 0x0000000096100000, 0x0000000096100000| Untracked 
| 354|0x0000000096200000, 0x0000000096300000, 0x0000000096300000|100%| O|  |TAMS 0x0000000096200000, 0x0000000096200000| Untracked 
| 355|0x0000000096300000, 0x0000000096400000, 0x0000000096400000|100%| O|  |TAMS 0x0000000096300000, 0x0000000096300000| Untracked 
| 356|0x0000000096400000, 0x0000000096500000, 0x0000000096500000|100%| O|  |TAMS 0x0000000096500000, 0x0000000096400000| Untracked 
| 357|0x0000000096500000, 0x0000000096600000, 0x0000000096600000|100%| O|  |TAMS 0x0000000096500000, 0x0000000096500000| Untracked 
| 358|0x0000000096600000, 0x0000000096700000, 0x0000000096700000|100%| O|  |TAMS 0x0000000096600000, 0x0000000096600000| Untracked 
| 359|0x0000000096700000, 0x0000000096800000, 0x0000000096800000|100%| O|  |TAMS 0x0000000096700000, 0x0000000096700000| Untracked 
| 360|0x0000000096800000, 0x0000000096900000, 0x0000000096900000|100%| O|  |TAMS 0x0000000096800000, 0x0000000096800000| Untracked 
| 361|0x0000000096900000, 0x0000000096a00000, 0x0000000096a00000|100%| O|  |TAMS 0x0000000096900000, 0x0000000096900000| Untracked 
| 362|0x0000000096a00000, 0x0000000096b00000, 0x0000000096b00000|100%| O|  |TAMS 0x0000000096a00000, 0x0000000096a00000| Untracked 
| 363|0x0000000096b00000, 0x0000000096c00000, 0x0000000096c00000|100%| O|  |TAMS 0x0000000096b00000, 0x0000000096b00000| Untracked 
| 364|0x0000000096c00000, 0x0000000096d00000, 0x0000000096d00000|100%| O|  |TAMS 0x0000000096c00000, 0x0000000096c00000| Untracked 
| 365|0x0000000096d00000, 0x0000000096e00000, 0x0000000096e00000|100%| O|  |TAMS 0x0000000096d00000, 0x0000000096d00000| Untracked 
| 366|0x0000000096e00000, 0x0000000096f00000, 0x0000000096f00000|100%| O|  |TAMS 0x0000000096e00000, 0x0000000096e00000| Untracked 
| 367|0x0000000096f00000, 0x0000000097000000, 0x0000000097000000|100%| O|  |TAMS 0x0000000096f00000, 0x0000000096f00000| Untracked 
| 368|0x0000000097000000, 0x0000000097100000, 0x0000000097100000|100%| O|  |TAMS 0x0000000097000000, 0x0000000097000000| Untracked 
| 369|0x0000000097100000, 0x0000000097200000, 0x0000000097200000|100%| O|  |TAMS 0x0000000097100000, 0x0000000097100000| Untracked 
| 370|0x0000000097200000, 0x0000000097300000, 0x0000000097300000|100%| O|  |TAMS 0x0000000097200000, 0x0000000097200000| Untracked 
| 371|0x0000000097300000, 0x0000000097400000, 0x0000000097400000|100%| O|  |TAMS 0x0000000097300000, 0x0000000097300000| Untracked 
| 372|0x0000000097400000, 0x0000000097500000, 0x0000000097500000|100%| O|  |TAMS 0x0000000097500000, 0x0000000097400000| Untracked 
| 373|0x0000000097500000, 0x0000000097600000, 0x0000000097600000|100%| O|  |TAMS 0x0000000097500000, 0x0000000097500000| Untracked 
| 374|0x0000000097600000, 0x0000000097700000, 0x0000000097700000|100%| O|  |TAMS 0x0000000097600000, 0x0000000097600000| Untracked 
| 375|0x0000000097700000, 0x0000000097800000, 0x0000000097800000|100%| O|  |TAMS 0x0000000097700000, 0x0000000097700000| Untracked 
| 376|0x0000000097800000, 0x0000000097900000, 0x0000000097900000|100%| O|  |TAMS 0x0000000097800000, 0x0000000097800000| Untracked 
| 377|0x0000000097900000, 0x0000000097a00000, 0x0000000097a00000|100%| O|  |TAMS 0x0000000097900000, 0x0000000097900000| Untracked 
| 378|0x0000000097a00000, 0x0000000097b00000, 0x0000000097b00000|100%| O|  |TAMS 0x0000000097b00000, 0x0000000097a00000| Untracked 
| 379|0x0000000097b00000, 0x0000000097c00000, 0x0000000097c00000|100%| O|  |TAMS 0x0000000097b00000, 0x0000000097b00000| Untracked 
| 380|0x0000000097c00000, 0x0000000097d00000, 0x0000000097d00000|100%| O|  |TAMS 0x0000000097d00000, 0x0000000097c00000| Untracked 
| 381|0x0000000097d00000, 0x0000000097e00000, 0x0000000097e00000|100%| O|  |TAMS 0x0000000097d00000, 0x0000000097d00000| Untracked 
| 382|0x0000000097e00000, 0x0000000097f00000, 0x0000000097f00000|100%| O|  |TAMS 0x0000000097e00000, 0x0000000097e00000| Untracked 
| 383|0x0000000097f00000, 0x0000000098000000, 0x0000000098000000|100%| O|  |TAMS 0x0000000097f00000, 0x0000000097f00000| Untracked 
| 384|0x0000000098000000, 0x0000000098100000, 0x0000000098100000|100%| O|  |TAMS 0x0000000098000000, 0x0000000098000000| Untracked 
| 385|0x0000000098100000, 0x0000000098200000, 0x0000000098200000|100%| O|  |TAMS 0x0000000098100000, 0x0000000098100000| Untracked 
| 386|0x0000000098200000, 0x0000000098300000, 0x0000000098300000|100%|HS|  |TAMS 0x0000000098200000, 0x0000000098200000| Complete 
| 387|0x0000000098300000, 0x0000000098400000, 0x0000000098400000|100%|HC|  |TAMS 0x0000000098300000, 0x0000000098300000| Complete 
| 388|0x0000000098400000, 0x0000000098500000, 0x0000000098500000|100%| O|  |TAMS 0x0000000098400000, 0x0000000098400000| Untracked 
| 389|0x0000000098500000, 0x0000000098600000, 0x0000000098600000|100%| O|  |TAMS 0x0000000098500000, 0x0000000098500000| Untracked 
| 390|0x0000000098600000, 0x0000000098700000, 0x0000000098700000|100%| O|  |TAMS 0x0000000098600000, 0x0000000098600000| Untracked 
| 391|0x0000000098700000, 0x0000000098800000, 0x0000000098800000|100%| O|  |TAMS 0x0000000098700000, 0x0000000098700000| Untracked 
| 392|0x0000000098800000, 0x0000000098900000, 0x0000000098900000|100%| O|  |TAMS 0x0000000098800000, 0x0000000098800000| Untracked 
| 393|0x0000000098900000, 0x0000000098a00000, 0x0000000098a00000|100%| O|  |TAMS 0x0000000098900000, 0x0000000098900000| Untracked 
| 394|0x0000000098a00000, 0x0000000098b00000, 0x0000000098b00000|100%| O|  |TAMS 0x0000000098a00000, 0x0000000098a00000| Untracked 
| 395|0x0000000098b00000, 0x0000000098c00000, 0x0000000098c00000|100%| O|  |TAMS 0x0000000098b00000, 0x0000000098b00000| Untracked 
| 396|0x0000000098c00000, 0x0000000098d00000, 0x0000000098d00000|100%| O|  |TAMS 0x0000000098c00000, 0x0000000098c00000| Untracked 
| 397|0x0000000098d00000, 0x0000000098e00000, 0x0000000098e00000|100%| O|  |TAMS 0x0000000098d00000, 0x0000000098d00000| Untracked 
| 398|0x0000000098e00000, 0x0000000098f00000, 0x0000000098f00000|100%| O|  |TAMS 0x0000000098e00000, 0x0000000098e00000| Untracked 
| 399|0x0000000098f00000, 0x0000000099000000, 0x0000000099000000|100%| O|  |TAMS 0x0000000098f00000, 0x0000000098f00000| Untracked 
| 400|0x0000000099000000, 0x0000000099100000, 0x0000000099100000|100%| O|  |TAMS 0x0000000099000000, 0x0000000099000000| Untracked 
| 401|0x0000000099100000, 0x0000000099200000, 0x0000000099200000|100%| O|  |TAMS 0x0000000099100000, 0x0000000099100000| Untracked 
| 402|0x0000000099200000, 0x0000000099300000, 0x0000000099300000|100%| O|  |TAMS 0x0000000099200000, 0x0000000099200000| Untracked 
| 403|0x0000000099300000, 0x0000000099400000, 0x0000000099400000|100%| O|  |TAMS 0x0000000099300000, 0x0000000099300000| Untracked 
| 404|0x0000000099400000, 0x0000000099500000, 0x0000000099500000|100%| O|  |TAMS 0x0000000099400000, 0x0000000099400000| Untracked 
| 405|0x0000000099500000, 0x0000000099600000, 0x0000000099600000|100%| O|  |TAMS 0x0000000099500000, 0x0000000099500000| Untracked 
| 406|0x0000000099600000, 0x0000000099700000, 0x0000000099700000|100%| O|  |TAMS 0x0000000099600000, 0x0000000099600000| Untracked 
| 407|0x0000000099700000, 0x0000000099800000, 0x0000000099800000|100%|HS|  |TAMS 0x0000000099700000, 0x0000000099700000| Complete 
| 408|0x0000000099800000, 0x0000000099900000, 0x0000000099900000|100%|HC|  |TAMS 0x0000000099800000, 0x0000000099800000| Complete 
| 409|0x0000000099900000, 0x0000000099a00000, 0x0000000099a00000|100%|HC|  |TAMS 0x0000000099900000, 0x0000000099900000| Complete 
| 410|0x0000000099a00000, 0x0000000099b00000, 0x0000000099b00000|100%|HC|  |TAMS 0x0000000099a00000, 0x0000000099a00000| Complete 
| 411|0x0000000099b00000, 0x0000000099c00000, 0x0000000099c00000|100%|HC|  |TAMS 0x0000000099b00000, 0x0000000099b00000| Complete 
| 412|0x0000000099c00000, 0x0000000099d00000, 0x0000000099d00000|100%|HC|  |TAMS 0x0000000099c00000, 0x0000000099c00000| Complete 
| 413|0x0000000099d00000, 0x0000000099e00000, 0x0000000099e00000|100%|HC|  |TAMS 0x0000000099d00000, 0x0000000099d00000| Complete 
| 414|0x0000000099e00000, 0x0000000099f00000, 0x0000000099f00000|100%| O|  |TAMS 0x0000000099e00000, 0x0000000099e00000| Untracked 
| 415|0x0000000099f00000, 0x000000009a000000, 0x000000009a000000|100%| O|  |TAMS 0x0000000099f00000, 0x0000000099f00000| Untracked 
| 416|0x000000009a000000, 0x000000009a100000, 0x000000009a100000|100%| O|  |TAMS 0x000000009a000000, 0x000000009a000000| Untracked 
| 417|0x000000009a100000, 0x000000009a200000, 0x000000009a200000|100%| O|  |TAMS 0x000000009a100000, 0x000000009a100000| Untracked 
| 418|0x000000009a200000, 0x000000009a300000, 0x000000009a300000|100%| O|  |TAMS 0x000000009a200000, 0x000000009a200000| Untracked 
| 419|0x000000009a300000, 0x000000009a400000, 0x000000009a400000|100%| O|  |TAMS 0x000000009a300000, 0x000000009a300000| Untracked 
| 420|0x000000009a400000, 0x000000009a500000, 0x000000009a500000|100%| O|  |TAMS 0x000000009a400000, 0x000000009a400000| Untracked 
| 421|0x000000009a500000, 0x000000009a600000, 0x000000009a600000|100%| O|  |TAMS 0x000000009a500000, 0x000000009a500000| Untracked 
| 422|0x000000009a600000, 0x000000009a700000, 0x000000009a700000|100%| O|  |TAMS 0x000000009a600000, 0x000000009a600000| Untracked 
| 423|0x000000009a700000, 0x000000009a800000, 0x000000009a800000|100%| O|  |TAMS 0x000000009a700000, 0x000000009a700000| Untracked 
| 424|0x000000009a800000, 0x000000009a900000, 0x000000009a900000|100%| O|  |TAMS 0x000000009a800000, 0x000000009a800000| Untracked 
| 425|0x000000009a900000, 0x000000009aa00000, 0x000000009aa00000|100%| O|  |TAMS 0x000000009a900000, 0x000000009a900000| Untracked 
| 426|0x000000009aa00000, 0x000000009ab00000, 0x000000009ab00000|100%| O|  |TAMS 0x000000009aa00000, 0x000000009aa00000| Untracked 
| 427|0x000000009ab00000, 0x000000009ac00000, 0x000000009ac00000|100%| O|  |TAMS 0x000000009ab00000, 0x000000009ab00000| Untracked 
| 428|0x000000009ac00000, 0x000000009ad00000, 0x000000009ad00000|100%| O|  |TAMS 0x000000009ac00000, 0x000000009ac00000| Untracked 
| 429|0x000000009ad00000, 0x000000009ae00000, 0x000000009ae00000|100%| O|  |TAMS 0x000000009ad00000, 0x000000009ad00000| Untracked 
| 430|0x000000009ae00000, 0x000000009af00000, 0x000000009af00000|100%| O|  |TAMS 0x000000009ae00000, 0x000000009ae00000| Untracked 
| 431|0x000000009af00000, 0x000000009b000000, 0x000000009b000000|100%| O|  |TAMS 0x000000009af00000, 0x000000009af00000| Untracked 
| 432|0x000000009b000000, 0x000000009b100000, 0x000000009b100000|100%| O|  |TAMS 0x000000009b000000, 0x000000009b000000| Untracked 
| 433|0x000000009b100000, 0x000000009b200000, 0x000000009b200000|100%| O|  |TAMS 0x000000009b100000, 0x000000009b100000| Untracked 
| 434|0x000000009b200000, 0x000000009b300000, 0x000000009b300000|100%| O|  |TAMS 0x000000009b200000, 0x000000009b200000| Untracked 
| 435|0x000000009b300000, 0x000000009b400000, 0x000000009b400000|100%| O|  |TAMS 0x000000009b300000, 0x000000009b300000| Untracked 
| 436|0x000000009b400000, 0x000000009b500000, 0x000000009b500000|100%| O|  |TAMS 0x000000009b400000, 0x000000009b400000| Untracked 
| 437|0x000000009b500000, 0x000000009b600000, 0x000000009b600000|100%| O|  |TAMS 0x000000009b500000, 0x000000009b500000| Untracked 
| 438|0x000000009b600000, 0x000000009b700000, 0x000000009b700000|100%| O|  |TAMS 0x000000009b600000, 0x000000009b600000| Untracked 
| 439|0x000000009b700000, 0x000000009b800000, 0x000000009b800000|100%| O|  |TAMS 0x000000009b700000, 0x000000009b700000| Untracked 
| 440|0x000000009b800000, 0x000000009b900000, 0x000000009b900000|100%| O|  |TAMS 0x000000009b800000, 0x000000009b800000| Untracked 
| 441|0x000000009b900000, 0x000000009b922000, 0x000000009ba00000| 13%| O|  |TAMS 0x000000009b900000, 0x000000009b900000| Untracked 
| 442|0x000000009ba00000, 0x000000009ba00000, 0x000000009bb00000|  0%| F|  |TAMS 0x000000009ba00000, 0x000000009ba00000| Untracked 
| 443|0x000000009bb00000, 0x000000009bb00000, 0x000000009bc00000|  0%| F|  |TAMS 0x000000009bb00000, 0x000000009bb00000| Untracked 
| 444|0x000000009bc00000, 0x000000009bc00000, 0x000000009bd00000|  0%| F|  |TAMS 0x000000009bc00000, 0x000000009bc00000| Untracked 
| 445|0x000000009bd00000, 0x000000009bd00000, 0x000000009be00000|  0%| F|  |TAMS 0x000000009bd00000, 0x000000009bd00000| Untracked 
| 446|0x000000009be00000, 0x000000009be00000, 0x000000009bf00000|  0%| F|  |TAMS 0x000000009be00000, 0x000000009be00000| Untracked 
| 447|0x000000009bf00000, 0x000000009bf00000, 0x000000009c000000|  0%| F|  |TAMS 0x000000009bf00000, 0x000000009bf00000| Untracked 
| 448|0x000000009c000000, 0x000000009c000000, 0x000000009c100000|  0%| F|  |TAMS 0x000000009c000000, 0x000000009c000000| Untracked 
| 449|0x000000009c100000, 0x000000009c100000, 0x000000009c200000|  0%| F|  |TAMS 0x000000009c100000, 0x000000009c100000| Untracked 
| 450|0x000000009c200000, 0x000000009c200000, 0x000000009c300000|  0%| F|  |TAMS 0x000000009c200000, 0x000000009c200000| Untracked 
| 451|0x000000009c300000, 0x000000009c300000, 0x000000009c400000|  0%| F|  |TAMS 0x000000009c300000, 0x000000009c300000| Untracked 
| 452|0x000000009c400000, 0x000000009c400000, 0x000000009c500000|  0%| F|  |TAMS 0x000000009c400000, 0x000000009c400000| Untracked 
| 453|0x000000009c500000, 0x000000009c500000, 0x000000009c600000|  0%| F|  |TAMS 0x000000009c500000, 0x000000009c500000| Untracked 
| 454|0x000000009c600000, 0x000000009c600000, 0x000000009c700000|  0%| F|  |TAMS 0x000000009c600000, 0x000000009c600000| Untracked 
| 455|0x000000009c700000, 0x000000009c700000, 0x000000009c800000|  0%| F|  |TAMS 0x000000009c700000, 0x000000009c700000| Untracked 
| 456|0x000000009c800000, 0x000000009c800000, 0x000000009c900000|  0%| F|  |TAMS 0x000000009c800000, 0x000000009c800000| Untracked 
| 457|0x000000009c900000, 0x000000009c900000, 0x000000009ca00000|  0%| F|  |TAMS 0x000000009c900000, 0x000000009c900000| Untracked 
| 458|0x000000009ca00000, 0x000000009ca00000, 0x000000009cb00000|  0%| F|  |TAMS 0x000000009ca00000, 0x000000009ca00000| Untracked 
| 459|0x000000009cb00000, 0x000000009cb00000, 0x000000009cc00000|  0%| F|  |TAMS 0x000000009cb00000, 0x000000009cb00000| Untracked 
| 460|0x000000009cc00000, 0x000000009cc00000, 0x000000009cd00000|  0%| F|  |TAMS 0x000000009cc00000, 0x000000009cc00000| Untracked 
| 461|0x000000009cd00000, 0x000000009cd00000, 0x000000009ce00000|  0%| F|  |TAMS 0x000000009cd00000, 0x000000009cd00000| Untracked 
| 462|0x000000009ce00000, 0x000000009ce00000, 0x000000009cf00000|  0%| F|  |TAMS 0x000000009ce00000, 0x000000009ce00000| Untracked 
| 463|0x000000009cf00000, 0x000000009cf00000, 0x000000009d000000|  0%| F|  |TAMS 0x000000009cf00000, 0x000000009cf00000| Untracked 
| 464|0x000000009d000000, 0x000000009d000000, 0x000000009d100000|  0%| F|  |TAMS 0x000000009d000000, 0x000000009d000000| Untracked 
| 465|0x000000009d100000, 0x000000009d100000, 0x000000009d200000|  0%| F|  |TAMS 0x000000009d100000, 0x000000009d100000| Untracked 
| 466|0x000000009d200000, 0x000000009d200000, 0x000000009d300000|  0%| F|  |TAMS 0x000000009d200000, 0x000000009d200000| Untracked 
| 467|0x000000009d300000, 0x000000009d300000, 0x000000009d400000|  0%| F|  |TAMS 0x000000009d300000, 0x000000009d300000| Untracked 
| 468|0x000000009d400000, 0x000000009d400000, 0x000000009d500000|  0%| F|  |TAMS 0x000000009d400000, 0x000000009d400000| Untracked 
| 469|0x000000009d500000, 0x000000009d500000, 0x000000009d600000|  0%| F|  |TAMS 0x000000009d500000, 0x000000009d500000| Untracked 
| 470|0x000000009d600000, 0x000000009d600000, 0x000000009d700000|  0%| F|  |TAMS 0x000000009d600000, 0x000000009d600000| Untracked 
| 471|0x000000009d700000, 0x000000009d700000, 0x000000009d800000|  0%| F|  |TAMS 0x000000009d700000, 0x000000009d700000| Untracked 
| 472|0x000000009d800000, 0x000000009d800000, 0x000000009d900000|  0%| F|  |TAMS 0x000000009d800000, 0x000000009d800000| Untracked 
| 473|0x000000009d900000, 0x000000009d900000, 0x000000009da00000|  0%| F|  |TAMS 0x000000009d900000, 0x000000009d900000| Untracked 
| 474|0x000000009da00000, 0x000000009da00000, 0x000000009db00000|  0%| F|  |TAMS 0x000000009da00000, 0x000000009da00000| Untracked 
| 475|0x000000009db00000, 0x000000009db00000, 0x000000009dc00000|  0%| F|  |TAMS 0x000000009db00000, 0x000000009db00000| Untracked 
| 476|0x000000009dc00000, 0x000000009dc00000, 0x000000009dd00000|  0%| F|  |TAMS 0x000000009dc00000, 0x000000009dc00000| Untracked 
| 477|0x000000009dd00000, 0x000000009dd00000, 0x000000009de00000|  0%| F|  |TAMS 0x000000009dd00000, 0x000000009dd00000| Untracked 
| 478|0x000000009de00000, 0x000000009de00000, 0x000000009df00000|  0%| F|  |TAMS 0x000000009de00000, 0x000000009de00000| Untracked 
| 479|0x000000009df00000, 0x000000009df00000, 0x000000009e000000|  0%| F|  |TAMS 0x000000009df00000, 0x000000009df00000| Untracked 
| 480|0x000000009e000000, 0x000000009e000000, 0x000000009e100000|  0%| F|  |TAMS 0x000000009e000000, 0x000000009e000000| Untracked 
| 481|0x000000009e100000, 0x000000009e100000, 0x000000009e200000|  0%| F|  |TAMS 0x000000009e100000, 0x000000009e100000| Untracked 
| 482|0x000000009e200000, 0x000000009e200000, 0x000000009e300000|  0%| F|  |TAMS 0x000000009e200000, 0x000000009e200000| Untracked 
| 483|0x000000009e300000, 0x000000009e300000, 0x000000009e400000|  0%| F|  |TAMS 0x000000009e300000, 0x000000009e300000| Untracked 
| 484|0x000000009e400000, 0x000000009e400000, 0x000000009e500000|  0%| F|  |TAMS 0x000000009e400000, 0x000000009e400000| Untracked 
| 485|0x000000009e500000, 0x000000009e500000, 0x000000009e600000|  0%| F|  |TAMS 0x000000009e500000, 0x000000009e500000| Untracked 
| 486|0x000000009e600000, 0x000000009e600000, 0x000000009e700000|  0%| F|  |TAMS 0x000000009e600000, 0x000000009e600000| Untracked 
| 487|0x000000009e700000, 0x000000009e700000, 0x000000009e800000|  0%| F|  |TAMS 0x000000009e700000, 0x000000009e700000| Untracked 
| 488|0x000000009e800000, 0x000000009e800000, 0x000000009e900000|  0%| F|  |TAMS 0x000000009e800000, 0x000000009e800000| Untracked 
| 489|0x000000009e900000, 0x000000009e900000, 0x000000009ea00000|  0%| F|  |TAMS 0x000000009e900000, 0x000000009e900000| Untracked 
| 490|0x000000009ea00000, 0x000000009ea00000, 0x000000009eb00000|  0%| F|  |TAMS 0x000000009ea00000, 0x000000009ea00000| Untracked 
| 491|0x000000009eb00000, 0x000000009eb00000, 0x000000009ec00000|  0%| F|  |TAMS 0x000000009eb00000, 0x000000009eb00000| Untracked 
| 492|0x000000009ec00000, 0x000000009ec00000, 0x000000009ed00000|  0%| F|  |TAMS 0x000000009ec00000, 0x000000009ec00000| Untracked 
| 493|0x000000009ed00000, 0x000000009ed00000, 0x000000009ee00000|  0%| F|  |TAMS 0x000000009ed00000, 0x000000009ed00000| Untracked 
| 494|0x000000009ee00000, 0x000000009ee00000, 0x000000009ef00000|  0%| F|  |TAMS 0x000000009ee00000, 0x000000009ee00000| Untracked 
| 495|0x000000009ef00000, 0x000000009ef00000, 0x000000009f000000|  0%| F|  |TAMS 0x000000009ef00000, 0x000000009ef00000| Untracked 
| 496|0x000000009f000000, 0x000000009f000000, 0x000000009f100000|  0%| F|  |TAMS 0x000000009f000000, 0x000000009f000000| Untracked 
| 497|0x000000009f100000, 0x000000009f100000, 0x000000009f200000|  0%| F|  |TAMS 0x000000009f100000, 0x000000009f100000| Untracked 
| 498|0x000000009f200000, 0x000000009f200000, 0x000000009f300000|  0%| F|  |TAMS 0x000000009f200000, 0x000000009f200000| Untracked 
| 499|0x000000009f300000, 0x000000009f300000, 0x000000009f400000|  0%| F|  |TAMS 0x000000009f300000, 0x000000009f300000| Untracked 
| 500|0x000000009f400000, 0x000000009f400000, 0x000000009f500000|  0%| F|  |TAMS 0x000000009f400000, 0x000000009f400000| Untracked 
| 501|0x000000009f500000, 0x000000009f500000, 0x000000009f600000|  0%| F|  |TAMS 0x000000009f500000, 0x000000009f500000| Untracked 
| 502|0x000000009f600000, 0x000000009f600000, 0x000000009f700000|  0%| F|  |TAMS 0x000000009f600000, 0x000000009f600000| Untracked 
| 503|0x000000009f700000, 0x000000009f700000, 0x000000009f800000|  0%| F|  |TAMS 0x000000009f700000, 0x000000009f700000| Untracked 
| 504|0x000000009f800000, 0x000000009f800000, 0x000000009f900000|  0%| F|  |TAMS 0x000000009f800000, 0x000000009f800000| Untracked 
| 505|0x000000009f900000, 0x000000009f900000, 0x000000009fa00000|  0%| F|  |TAMS 0x000000009f900000, 0x000000009f900000| Untracked 
| 506|0x000000009fa00000, 0x000000009fa00000, 0x000000009fb00000|  0%| F|  |TAMS 0x000000009fa00000, 0x000000009fa00000| Untracked 
| 507|0x000000009fb00000, 0x000000009fb00000, 0x000000009fc00000|  0%| F|  |TAMS 0x000000009fb00000, 0x000000009fb00000| Untracked 
| 508|0x000000009fc00000, 0x000000009fc00000, 0x000000009fd00000|  0%| F|  |TAMS 0x000000009fc00000, 0x000000009fc00000| Untracked 
| 509|0x000000009fd00000, 0x000000009fd00000, 0x000000009fe00000|  0%| F|  |TAMS 0x000000009fd00000, 0x000000009fd00000| Untracked 
| 510|0x000000009fe00000, 0x000000009fe00000, 0x000000009ff00000|  0%| F|  |TAMS 0x000000009fe00000, 0x000000009fe00000| Untracked 
| 511|0x000000009ff00000, 0x000000009ff00000, 0x00000000a0000000|  0%| F|  |TAMS 0x000000009ff00000, 0x000000009ff00000| Untracked 
| 512|0x00000000a0000000, 0x00000000a0000000, 0x00000000a0100000|  0%| F|  |TAMS 0x00000000a0000000, 0x00000000a0000000| Untracked 
| 513|0x00000000a0100000, 0x00000000a0100000, 0x00000000a0200000|  0%| F|  |TAMS 0x00000000a0100000, 0x00000000a0100000| Untracked 
| 514|0x00000000a0200000, 0x00000000a0200000, 0x00000000a0300000|  0%| F|  |TAMS 0x00000000a0200000, 0x00000000a0200000| Untracked 
| 515|0x00000000a0300000, 0x00000000a0300000, 0x00000000a0400000|  0%| F|  |TAMS 0x00000000a0300000, 0x00000000a0300000| Untracked 
| 516|0x00000000a0400000, 0x00000000a0400000, 0x00000000a0500000|  0%| F|  |TAMS 0x00000000a0400000, 0x00000000a0400000| Untracked 
| 517|0x00000000a0500000, 0x00000000a0500000, 0x00000000a0600000|  0%| F|  |TAMS 0x00000000a0500000, 0x00000000a0500000| Untracked 
| 518|0x00000000a0600000, 0x00000000a0600000, 0x00000000a0700000|  0%| F|  |TAMS 0x00000000a0600000, 0x00000000a0600000| Untracked 
| 519|0x00000000a0700000, 0x00000000a0700000, 0x00000000a0800000|  0%| F|  |TAMS 0x00000000a0700000, 0x00000000a0700000| Untracked 
| 520|0x00000000a0800000, 0x00000000a0800000, 0x00000000a0900000|  0%| F|  |TAMS 0x00000000a0800000, 0x00000000a0800000| Untracked 
| 521|0x00000000a0900000, 0x00000000a0a00000, 0x00000000a0a00000|100%| S|CS|TAMS 0x00000000a0900000, 0x00000000a0900000| Complete 
| 522|0x00000000a0a00000, 0x00000000a0b00000, 0x00000000a0b00000|100%| S|CS|TAMS 0x00000000a0a00000, 0x00000000a0a00000| Complete 
| 523|0x00000000a0b00000, 0x00000000a0c00000, 0x00000000a0c00000|100%| S|CS|TAMS 0x00000000a0b00000, 0x00000000a0b00000| Complete 
| 524|0x00000000a0c00000, 0x00000000a0d00000, 0x00000000a0d00000|100%| S|CS|TAMS 0x00000000a0c00000, 0x00000000a0c00000| Complete 
| 525|0x00000000a0d00000, 0x00000000a0e00000, 0x00000000a0e00000|100%| S|CS|TAMS 0x00000000a0d00000, 0x00000000a0d00000| Complete 
| 526|0x00000000a0e00000, 0x00000000a0e00000, 0x00000000a0f00000|  0%| F|  |TAMS 0x00000000a0e00000, 0x00000000a0e00000| Untracked 
| 527|0x00000000a0f00000, 0x00000000a0f00000, 0x00000000a1000000|  0%| F|  |TAMS 0x00000000a0f00000, 0x00000000a0f00000| Untracked 
| 528|0x00000000a1000000, 0x00000000a1000000, 0x00000000a1100000|  0%| F|  |TAMS 0x00000000a1000000, 0x00000000a1000000| Untracked 
| 529|0x00000000a1100000, 0x00000000a1100000, 0x00000000a1200000|  0%| F|  |TAMS 0x00000000a1100000, 0x00000000a1100000| Untracked 
| 530|0x00000000a1200000, 0x00000000a1200000, 0x00000000a1300000|  0%| F|  |TAMS 0x00000000a1200000, 0x00000000a1200000| Untracked 
| 531|0x00000000a1300000, 0x00000000a1300000, 0x00000000a1400000|  0%| F|  |TAMS 0x00000000a1300000, 0x00000000a1300000| Untracked 
| 532|0x00000000a1400000, 0x00000000a1400000, 0x00000000a1500000|  0%| F|  |TAMS 0x00000000a1400000, 0x00000000a1400000| Untracked 
| 533|0x00000000a1500000, 0x00000000a1500000, 0x00000000a1600000|  0%| F|  |TAMS 0x00000000a1500000, 0x00000000a1500000| Untracked 
| 534|0x00000000a1600000, 0x00000000a1600000, 0x00000000a1700000|  0%| F|  |TAMS 0x00000000a1600000, 0x00000000a1600000| Untracked 
| 535|0x00000000a1700000, 0x00000000a1800000, 0x00000000a1800000|100%| S|CS|TAMS 0x00000000a1700000, 0x00000000a1700000| Complete 
| 536|0x00000000a1800000, 0x00000000a1900000, 0x00000000a1900000|100%| S|CS|TAMS 0x00000000a1800000, 0x00000000a1800000| Complete 
| 537|0x00000000a1900000, 0x00000000a1a00000, 0x00000000a1a00000|100%| S|CS|TAMS 0x00000000a1900000, 0x00000000a1900000| Complete 
| 538|0x00000000a1a00000, 0x00000000a1a00000, 0x00000000a1b00000|  0%| F|  |TAMS 0x00000000a1a00000, 0x00000000a1a00000| Untracked 
| 539|0x00000000a1b00000, 0x00000000a1b00000, 0x00000000a1c00000|  0%| F|  |TAMS 0x00000000a1b00000, 0x00000000a1b00000| Untracked 
| 540|0x00000000a1c00000, 0x00000000a1c00000, 0x00000000a1d00000|  0%| F|  |TAMS 0x00000000a1c00000, 0x00000000a1c00000| Untracked 
| 541|0x00000000a1d00000, 0x00000000a1d00000, 0x00000000a1e00000|  0%| F|  |TAMS 0x00000000a1d00000, 0x00000000a1d00000| Untracked 
| 542|0x00000000a1e00000, 0x00000000a1e00000, 0x00000000a1f00000|  0%| F|  |TAMS 0x00000000a1e00000, 0x00000000a1e00000| Untracked 
| 543|0x00000000a1f00000, 0x00000000a1f00000, 0x00000000a2000000|  0%| F|  |TAMS 0x00000000a1f00000, 0x00000000a1f00000| Untracked 
| 544|0x00000000a2000000, 0x00000000a2000000, 0x00000000a2100000|  0%| F|  |TAMS 0x00000000a2000000, 0x00000000a2000000| Untracked 
| 545|0x00000000a2100000, 0x00000000a2100000, 0x00000000a2200000|  0%| F|  |TAMS 0x00000000a2100000, 0x00000000a2100000| Untracked 
| 546|0x00000000a2200000, 0x00000000a2200000, 0x00000000a2300000|  0%| F|  |TAMS 0x00000000a2200000, 0x00000000a2200000| Untracked 
| 547|0x00000000a2300000, 0x00000000a2300000, 0x00000000a2400000|  0%| F|  |TAMS 0x00000000a2300000, 0x00000000a2300000| Untracked 
| 548|0x00000000a2400000, 0x00000000a2400000, 0x00000000a2500000|  0%| F|  |TAMS 0x00000000a2400000, 0x00000000a2400000| Untracked 
| 549|0x00000000a2500000, 0x00000000a2500000, 0x00000000a2600000|  0%| F|  |TAMS 0x00000000a2500000, 0x00000000a2500000| Untracked 
| 550|0x00000000a2600000, 0x00000000a2600000, 0x00000000a2700000|  0%| F|  |TAMS 0x00000000a2600000, 0x00000000a2600000| Untracked 
| 551|0x00000000a2700000, 0x00000000a2700000, 0x00000000a2800000|  0%| F|  |TAMS 0x00000000a2700000, 0x00000000a2700000| Untracked 
| 552|0x00000000a2800000, 0x00000000a2800000, 0x00000000a2900000|  0%| F|  |TAMS 0x00000000a2800000, 0x00000000a2800000| Untracked 
| 553|0x00000000a2900000, 0x00000000a2900000, 0x00000000a2a00000|  0%| F|  |TAMS 0x00000000a2900000, 0x00000000a2900000| Untracked 
| 554|0x00000000a2a00000, 0x00000000a2a00000, 0x00000000a2b00000|  0%| F|  |TAMS 0x00000000a2a00000, 0x00000000a2a00000| Untracked 
| 555|0x00000000a2b00000, 0x00000000a2b00000, 0x00000000a2c00000|  0%| F|  |TAMS 0x00000000a2b00000, 0x00000000a2b00000| Untracked 
| 556|0x00000000a2c00000, 0x00000000a2c00000, 0x00000000a2d00000|  0%| F|  |TAMS 0x00000000a2c00000, 0x00000000a2c00000| Untracked 
| 557|0x00000000a2d00000, 0x00000000a2d00000, 0x00000000a2e00000|  0%| F|  |TAMS 0x00000000a2d00000, 0x00000000a2d00000| Untracked 
| 558|0x00000000a2e00000, 0x00000000a2e00000, 0x00000000a2f00000|  0%| F|  |TAMS 0x00000000a2e00000, 0x00000000a2e00000| Untracked 
| 559|0x00000000a2f00000, 0x00000000a2f00000, 0x00000000a3000000|  0%| F|  |TAMS 0x00000000a2f00000, 0x00000000a2f00000| Untracked 
| 560|0x00000000a3000000, 0x00000000a3000000, 0x00000000a3100000|  0%| F|  |TAMS 0x00000000a3000000, 0x00000000a3000000| Untracked 
| 561|0x00000000a3100000, 0x00000000a3100000, 0x00000000a3200000|  0%| F|  |TAMS 0x00000000a3100000, 0x00000000a3100000| Untracked 
| 562|0x00000000a3200000, 0x00000000a3200000, 0x00000000a3300000|  0%| F|  |TAMS 0x00000000a3200000, 0x00000000a3200000| Untracked 
| 563|0x00000000a3300000, 0x00000000a3300000, 0x00000000a3400000|  0%| F|  |TAMS 0x00000000a3300000, 0x00000000a3300000| Untracked 
| 564|0x00000000a3400000, 0x00000000a3400000, 0x00000000a3500000|  0%| F|  |TAMS 0x00000000a3400000, 0x00000000a3400000| Untracked 
| 565|0x00000000a3500000, 0x00000000a3500000, 0x00000000a3600000|  0%| F|  |TAMS 0x00000000a3500000, 0x00000000a3500000| Untracked 
| 566|0x00000000a3600000, 0x00000000a3600000, 0x00000000a3700000|  0%| F|  |TAMS 0x00000000a3600000, 0x00000000a3600000| Untracked 
| 567|0x00000000a3700000, 0x00000000a3700000, 0x00000000a3800000|  0%| F|  |TAMS 0x00000000a3700000, 0x00000000a3700000| Untracked 
| 568|0x00000000a3800000, 0x00000000a3800000, 0x00000000a3900000|  0%| F|  |TAMS 0x00000000a3800000, 0x00000000a3800000| Untracked 
| 569|0x00000000a3900000, 0x00000000a3900000, 0x00000000a3a00000|  0%| F|  |TAMS 0x00000000a3900000, 0x00000000a3900000| Untracked 
| 570|0x00000000a3a00000, 0x00000000a3a00000, 0x00000000a3b00000|  0%| F|  |TAMS 0x00000000a3a00000, 0x00000000a3a00000| Untracked 
| 571|0x00000000a3b00000, 0x00000000a3b00000, 0x00000000a3c00000|  0%| F|  |TAMS 0x00000000a3b00000, 0x00000000a3b00000| Untracked 
| 572|0x00000000a3c00000, 0x00000000a3c00000, 0x00000000a3d00000|  0%| F|  |TAMS 0x00000000a3c00000, 0x00000000a3c00000| Untracked 
| 573|0x00000000a3d00000, 0x00000000a3d00000, 0x00000000a3e00000|  0%| F|  |TAMS 0x00000000a3d00000, 0x00000000a3d00000| Untracked 
| 574|0x00000000a3e00000, 0x00000000a3e00000, 0x00000000a3f00000|  0%| F|  |TAMS 0x00000000a3e00000, 0x00000000a3e00000| Untracked 
| 575|0x00000000a3f00000, 0x00000000a3f00000, 0x00000000a4000000|  0%| F|  |TAMS 0x00000000a3f00000, 0x00000000a3f00000| Untracked 
| 576|0x00000000a4000000, 0x00000000a4000000, 0x00000000a4100000|  0%| F|  |TAMS 0x00000000a4000000, 0x00000000a4000000| Untracked 
| 577|0x00000000a4100000, 0x00000000a4100000, 0x00000000a4200000|  0%| F|  |TAMS 0x00000000a4100000, 0x00000000a4100000| Untracked 
| 578|0x00000000a4200000, 0x00000000a4200000, 0x00000000a4300000|  0%| F|  |TAMS 0x00000000a4200000, 0x00000000a4200000| Untracked 
| 579|0x00000000a4300000, 0x00000000a4300000, 0x00000000a4400000|  0%| F|  |TAMS 0x00000000a4300000, 0x00000000a4300000| Untracked 
| 580|0x00000000a4400000, 0x00000000a4400000, 0x00000000a4500000|  0%| F|  |TAMS 0x00000000a4400000, 0x00000000a4400000| Untracked 
| 581|0x00000000a4500000, 0x00000000a4500000, 0x00000000a4600000|  0%| F|  |TAMS 0x00000000a4500000, 0x00000000a4500000| Untracked 
| 582|0x00000000a4600000, 0x00000000a4600000, 0x00000000a4700000|  0%| F|  |TAMS 0x00000000a4600000, 0x00000000a4600000| Untracked 
| 583|0x00000000a4700000, 0x00000000a4700000, 0x00000000a4800000|  0%| F|  |TAMS 0x00000000a4700000, 0x00000000a4700000| Untracked 
| 584|0x00000000a4800000, 0x00000000a4800000, 0x00000000a4900000|  0%| F|  |TAMS 0x00000000a4800000, 0x00000000a4800000| Untracked 
| 585|0x00000000a4900000, 0x00000000a4900000, 0x00000000a4a00000|  0%| F|  |TAMS 0x00000000a4900000, 0x00000000a4900000| Untracked 
| 586|0x00000000a4a00000, 0x00000000a4a00000, 0x00000000a4b00000|  0%| F|  |TAMS 0x00000000a4a00000, 0x00000000a4a00000| Untracked 
| 587|0x00000000a4b00000, 0x00000000a4b00000, 0x00000000a4c00000|  0%| F|  |TAMS 0x00000000a4b00000, 0x00000000a4b00000| Untracked 
| 588|0x00000000a4c00000, 0x00000000a4c00000, 0x00000000a4d00000|  0%| F|  |TAMS 0x00000000a4c00000, 0x00000000a4c00000| Untracked 
| 589|0x00000000a4d00000, 0x00000000a4d00000, 0x00000000a4e00000|  0%| F|  |TAMS 0x00000000a4d00000, 0x00000000a4d00000| Untracked 
| 590|0x00000000a4e00000, 0x00000000a4e00000, 0x00000000a4f00000|  0%| F|  |TAMS 0x00000000a4e00000, 0x00000000a4e00000| Untracked 
| 591|0x00000000a4f00000, 0x00000000a4f00000, 0x00000000a5000000|  0%| F|  |TAMS 0x00000000a4f00000, 0x00000000a4f00000| Untracked 
| 592|0x00000000a5000000, 0x00000000a5000000, 0x00000000a5100000|  0%| F|  |TAMS 0x00000000a5000000, 0x00000000a5000000| Untracked 
| 593|0x00000000a5100000, 0x00000000a5100000, 0x00000000a5200000|  0%| F|  |TAMS 0x00000000a5100000, 0x00000000a5100000| Untracked 
| 594|0x00000000a5200000, 0x00000000a5200000, 0x00000000a5300000|  0%| F|  |TAMS 0x00000000a5200000, 0x00000000a5200000| Untracked 
| 595|0x00000000a5300000, 0x00000000a5300000, 0x00000000a5400000|  0%| F|  |TAMS 0x00000000a5300000, 0x00000000a5300000| Untracked 
| 596|0x00000000a5400000, 0x00000000a5400000, 0x00000000a5500000|  0%| F|  |TAMS 0x00000000a5400000, 0x00000000a5400000| Untracked 
| 597|0x00000000a5500000, 0x00000000a5500000, 0x00000000a5600000|  0%| F|  |TAMS 0x00000000a5500000, 0x00000000a5500000| Untracked 
| 598|0x00000000a5600000, 0x00000000a5600000, 0x00000000a5700000|  0%| F|  |TAMS 0x00000000a5600000, 0x00000000a5600000| Untracked 
| 599|0x00000000a5700000, 0x00000000a5700000, 0x00000000a5800000|  0%| F|  |TAMS 0x00000000a5700000, 0x00000000a5700000| Untracked 
| 600|0x00000000a5800000, 0x00000000a5800000, 0x00000000a5900000|  0%| F|  |TAMS 0x00000000a5800000, 0x00000000a5800000| Untracked 
| 601|0x00000000a5900000, 0x00000000a5900000, 0x00000000a5a00000|  0%| F|  |TAMS 0x00000000a5900000, 0x00000000a5900000| Untracked 
| 602|0x00000000a5a00000, 0x00000000a5a00000, 0x00000000a5b00000|  0%| F|  |TAMS 0x00000000a5a00000, 0x00000000a5a00000| Untracked 
| 603|0x00000000a5b00000, 0x00000000a5b00000, 0x00000000a5c00000|  0%| F|  |TAMS 0x00000000a5b00000, 0x00000000a5b00000| Untracked 
| 604|0x00000000a5c00000, 0x00000000a5c00000, 0x00000000a5d00000|  0%| F|  |TAMS 0x00000000a5c00000, 0x00000000a5c00000| Untracked 
| 605|0x00000000a5d00000, 0x00000000a5d00000, 0x00000000a5e00000|  0%| F|  |TAMS 0x00000000a5d00000, 0x00000000a5d00000| Untracked 
| 606|0x00000000a5e00000, 0x00000000a5e00000, 0x00000000a5f00000|  0%| F|  |TAMS 0x00000000a5e00000, 0x00000000a5e00000| Untracked 
| 607|0x00000000a5f00000, 0x00000000a5f00000, 0x00000000a6000000|  0%| F|  |TAMS 0x00000000a5f00000, 0x00000000a5f00000| Untracked 
| 608|0x00000000a6000000, 0x00000000a6000000, 0x00000000a6100000|  0%| F|  |TAMS 0x00000000a6000000, 0x00000000a6000000| Untracked 
| 609|0x00000000a6100000, 0x00000000a6100000, 0x00000000a6200000|  0%| F|  |TAMS 0x00000000a6100000, 0x00000000a6100000| Untracked 
| 610|0x00000000a6200000, 0x00000000a6200000, 0x00000000a6300000|  0%| F|  |TAMS 0x00000000a6200000, 0x00000000a6200000| Untracked 
| 611|0x00000000a6300000, 0x00000000a6300000, 0x00000000a6400000|  0%| F|  |TAMS 0x00000000a6300000, 0x00000000a6300000| Untracked 
| 612|0x00000000a6400000, 0x00000000a6400000, 0x00000000a6500000|  0%| F|  |TAMS 0x00000000a6400000, 0x00000000a6400000| Untracked 
| 613|0x00000000a6500000, 0x00000000a6500000, 0x00000000a6600000|  0%| F|  |TAMS 0x00000000a6500000, 0x00000000a6500000| Untracked 
| 614|0x00000000a6600000, 0x00000000a6600000, 0x00000000a6700000|  0%| F|  |TAMS 0x00000000a6600000, 0x00000000a6600000| Untracked 
| 615|0x00000000a6700000, 0x00000000a6700000, 0x00000000a6800000|  0%| F|  |TAMS 0x00000000a6700000, 0x00000000a6700000| Untracked 
| 616|0x00000000a6800000, 0x00000000a6800000, 0x00000000a6900000|  0%| F|  |TAMS 0x00000000a6800000, 0x00000000a6800000| Untracked 
| 617|0x00000000a6900000, 0x00000000a6900000, 0x00000000a6a00000|  0%| F|  |TAMS 0x00000000a6900000, 0x00000000a6900000| Untracked 
| 618|0x00000000a6a00000, 0x00000000a6a00000, 0x00000000a6b00000|  0%| F|  |TAMS 0x00000000a6a00000, 0x00000000a6a00000| Untracked 
| 619|0x00000000a6b00000, 0x00000000a6b00000, 0x00000000a6c00000|  0%| F|  |TAMS 0x00000000a6b00000, 0x00000000a6b00000| Untracked 
| 620|0x00000000a6c00000, 0x00000000a6c00000, 0x00000000a6d00000|  0%| F|  |TAMS 0x00000000a6c00000, 0x00000000a6c00000| Untracked 
| 621|0x00000000a6d00000, 0x00000000a6d00000, 0x00000000a6e00000|  0%| F|  |TAMS 0x00000000a6d00000, 0x00000000a6d00000| Untracked 
| 622|0x00000000a6e00000, 0x00000000a6e00000, 0x00000000a6f00000|  0%| F|  |TAMS 0x00000000a6e00000, 0x00000000a6e00000| Untracked 
| 623|0x00000000a6f00000, 0x00000000a6f00000, 0x00000000a7000000|  0%| F|  |TAMS 0x00000000a6f00000, 0x00000000a6f00000| Untracked 
| 624|0x00000000a7000000, 0x00000000a7000000, 0x00000000a7100000|  0%| F|  |TAMS 0x00000000a7000000, 0x00000000a7000000| Untracked 
| 625|0x00000000a7100000, 0x00000000a7100000, 0x00000000a7200000|  0%| F|  |TAMS 0x00000000a7100000, 0x00000000a7100000| Untracked 
| 626|0x00000000a7200000, 0x00000000a7200000, 0x00000000a7300000|  0%| F|  |TAMS 0x00000000a7200000, 0x00000000a7200000| Untracked 
| 627|0x00000000a7300000, 0x00000000a7300000, 0x00000000a7400000|  0%| F|  |TAMS 0x00000000a7300000, 0x00000000a7300000| Untracked 
| 628|0x00000000a7400000, 0x00000000a7400000, 0x00000000a7500000|  0%| F|  |TAMS 0x00000000a7400000, 0x00000000a7400000| Untracked 
| 629|0x00000000a7500000, 0x00000000a7500000, 0x00000000a7600000|  0%| F|  |TAMS 0x00000000a7500000, 0x00000000a7500000| Untracked 
| 630|0x00000000a7600000, 0x00000000a7600000, 0x00000000a7700000|  0%| F|  |TAMS 0x00000000a7600000, 0x00000000a7600000| Untracked 
| 631|0x00000000a7700000, 0x00000000a7700000, 0x00000000a7800000|  0%| F|  |TAMS 0x00000000a7700000, 0x00000000a7700000| Untracked 
| 632|0x00000000a7800000, 0x00000000a7900000, 0x00000000a7900000|100%| E|  |TAMS 0x00000000a7800000, 0x00000000a7800000| Complete 
| 633|0x00000000a7900000, 0x00000000a7a00000, 0x00000000a7a00000|100%| E|CS|TAMS 0x00000000a7900000, 0x00000000a7900000| Complete 
| 634|0x00000000a7a00000, 0x00000000a7b00000, 0x00000000a7b00000|100%| E|CS|TAMS 0x00000000a7a00000, 0x00000000a7a00000| Complete 
| 635|0x00000000a7b00000, 0x00000000a7c00000, 0x00000000a7c00000|100%| E|CS|TAMS 0x00000000a7b00000, 0x00000000a7b00000| Complete 
| 636|0x00000000a7c00000, 0x00000000a7d00000, 0x00000000a7d00000|100%| E|CS|TAMS 0x00000000a7c00000, 0x00000000a7c00000| Complete 
| 637|0x00000000a7d00000, 0x00000000a7e00000, 0x00000000a7e00000|100%| E|CS|TAMS 0x00000000a7d00000, 0x00000000a7d00000| Complete 
| 638|0x00000000a7e00000, 0x00000000a7f00000, 0x00000000a7f00000|100%| E|CS|TAMS 0x00000000a7e00000, 0x00000000a7e00000| Complete 
| 639|0x00000000a7f00000, 0x00000000a8000000, 0x00000000a8000000|100%| E|CS|TAMS 0x00000000a7f00000, 0x00000000a7f00000| Complete 
| 640|0x00000000a8000000, 0x00000000a8100000, 0x00000000a8100000|100%| E|CS|TAMS 0x00000000a8000000, 0x00000000a8000000| Complete 
| 641|0x00000000a8100000, 0x00000000a8200000, 0x00000000a8200000|100%| E|CS|TAMS 0x00000000a8100000, 0x00000000a8100000| Complete 
| 642|0x00000000a8200000, 0x00000000a8300000, 0x00000000a8300000|100%| E|CS|TAMS 0x00000000a8200000, 0x00000000a8200000| Complete 
| 643|0x00000000a8300000, 0x00000000a8400000, 0x00000000a8400000|100%| E|CS|TAMS 0x00000000a8300000, 0x00000000a8300000| Complete 
| 644|0x00000000a8400000, 0x00000000a8500000, 0x00000000a8500000|100%| E|CS|TAMS 0x00000000a8400000, 0x00000000a8400000| Complete 
| 645|0x00000000a8500000, 0x00000000a8600000, 0x00000000a8600000|100%| E|CS|TAMS 0x00000000a8500000, 0x00000000a8500000| Complete 
| 646|0x00000000a8600000, 0x00000000a8700000, 0x00000000a8700000|100%| E|CS|TAMS 0x00000000a8600000, 0x00000000a8600000| Complete 

Card table byte_map: [0x0000021d6f230000,0x0000021d6f630000] _byte_map_base: 0x0000021d6ee30000

Marking Bits (Prev, Next): (CMBitMap*) 0x0000021d58068cb0, (CMBitMap*) 0x0000021d58068cf0
 Prev Bits: [0x0000021d6fa30000, 0x0000021d71a30000)
 Next Bits: [0x0000021d71a30000, 0x0000021d73a30000)

Polling page: 0x0000021d55d60000

Metaspace:

Usage:
  Non-class:    143.39 MB used.
      Class:     22.28 MB used.
       Both:    165.67 MB used.

Virtual space:
  Non-class space:      192.00 MB reserved,     144.44 MB ( 75%) committed,  3 nodes.
      Class space:      416.00 MB reserved,      23.31 MB (  6%) committed,  1 nodes.
             Both:      608.00 MB reserved,     167.75 MB ( 28%) committed. 

Chunk freelists:
   Non-Class:  15.31 MB
       Class:  8.61 MB
        Both:  23.92 MB

MaxMetaspaceSize: 512.00 MB
CompressedClassSpaceSize: 416.00 MB
Initial GC threshold: 21.00 MB
Current GC threshold: 241.19 MB
CDS: on
MetaspaceReclaimPolicy: balanced
 - commit_granule_bytes: 65536.
 - commit_granule_words: 8192.
 - virtual_space_node_default_size: 8388608.
 - enlarge_chunks_in_place: 1.
 - new_chunks_are_fully_committed: 0.
 - uncommit_free_chunks: 1.
 - use_allocation_guard: 0.
 - handle_deallocations: 1.


Internal statistics:

num_allocs_failed_limit: 18.
num_arena_births: 2942.
num_arena_deaths: 6.
num_vsnodes_births: 4.
num_vsnodes_deaths: 0.
num_space_committed: 2688.
num_space_uncommitted: 7.
num_chunks_returned_to_freelist: 71.
num_chunks_taken_from_freelist: 10769.
num_chunk_merges: 30.
num_chunk_splits: 6914.
num_chunks_enlarged: 4266.
num_inconsistent_stats: 0.

CodeHeap 'non-profiled nmethods': size=120000Kb used=20013Kb max_used=20611Kb free=99986Kb
 bounds [0x0000021d67390000, 0x0000021d687c0000, 0x0000021d6e8c0000]
CodeHeap 'profiled nmethods': size=120000Kb used=56882Kb max_used=57270Kb free=63117Kb
 bounds [0x0000021d5f8c0000, 0x0000021d63120000, 0x0000021d66df0000]
CodeHeap 'non-nmethods': size=5760Kb used=2520Kb max_used=2619Kb free=3239Kb
 bounds [0x0000021d66df0000, 0x0000021d67090000, 0x0000021d67390000]
 total_blobs=28220 nmethods=27151 adapters=976
 compilation: enabled
              stopped_count=0, restarted_count=0
 full_count=0

Compilation events (20 events):
Event: 168.440 Thread 0x0000021d7669a030 nmethod 35676 0x0000021d682e6710 code [0x0000021d682e68c0, 0x0000021d682e7158]
Event: 168.441 Thread 0x0000021d7669a030 35688       4       com.android.tools.r8.internal.J4::c (33 bytes)
Event: 168.442 Thread 0x0000021d7669e0e0 nmethod 35868 0x0000021d618f9190 code [0x0000021d618f9480, 0x0000021d618f9f48]
Event: 168.442 Thread 0x0000021d7669e0e0 35872       2       org.gradle.api.internal.cache.StringInterner::intern (9 bytes)
Event: 168.442 Thread 0x0000021d7669e0e0 nmethod 35872 0x0000021d62cce610 code [0x0000021d62cce7c0, 0x0000021d62cce988]
Event: 168.443 Thread 0x0000021d7669e0e0 35869       2       com.android.tools.r8.ir.regalloc.b::j (1048 bytes)
Event: 168.452 Thread 0x0000021d7669e0e0 nmethod 35869 0x0000021d5fd33610 code [0x0000021d5fd33cc0, 0x0000021d5fd36438]
Event: 168.452 Thread 0x0000021d7669e0e0 35876       3       com.android.tools.r8.internal.j9::b (33 bytes)
Event: 168.453 Thread 0x0000021d7669e0e0 nmethod 35876 0x0000021d61c22c90 code [0x0000021d61c22e40, 0x0000021d61c230b8]
Event: 168.453 Thread 0x0000021d7669e0e0 35875       2       com.android.tools.r8.internal.k6::d (1944 bytes)
Event: 168.474 Thread 0x0000021d7669e0e0 nmethod 35875 0x0000021d62c56110 code [0x0000021d62c56da0, 0x0000021d62c5af38]
Event: 168.474 Thread 0x0000021d7669e0e0 35892       2       java.util.stream.ReferencePipeline::collect (124 bytes)
Event: 168.475 Thread 0x0000021d7669e0e0 nmethod 35892 0x0000021d62c00390 code [0x0000021d62c005c0, 0x0000021d62c00a88]
Event: 168.476 Thread 0x0000021d7669e0e0 35900       3       com.android.tools.r8.internal.od::a (52 bytes)
Event: 168.476 Thread 0x0000021d7669e0e0 nmethod 35900 0x0000021d60800d10 code [0x0000021d60800f60, 0x0000021d60801948]
Event: 168.476 Thread 0x0000021d7669e0e0 35898       3       com.android.tools.r8.internal.ys::a (183 bytes)
Event: 168.479 Thread 0x0000021d7669e0e0 nmethod 35898 0x0000021d6226c410 code [0x0000021d6226c7c0, 0x0000021d6226e448]
Event: 168.479 Thread 0x0000021d7669e0e0 35899       3       com.android.tools.r8.internal.fB::a (101 bytes)
Event: 168.481 Thread 0x0000021d7669e0e0 nmethod 35899 0x0000021d60ec6410 code [0x0000021d60ec66c0, 0x0000021d60ec7628]
Event: 168.481 Thread 0x0000021d7669e0e0 35883       3       com.android.tools.r8.internal.hn::c (285 bytes)

GC Heap History (20 events):
Event: 148.482 GC heap before
{Heap before GC invocations=85 (full 0):
 garbage-first heap   total 662528K, used 485425K [0x0000000080000000, 0x0000000100000000)
  region size 1024K, 150 young (153600K), 18 survivors (18432K)
 Metaspace       used 147323K, committed 149312K, reserved 557056K
  class space    used 19062K, committed 20032K, reserved 425984K
}
Event: 148.521 GC heap after
{Heap after GC invocations=86 (full 0):
 garbage-first heap   total 662528K, used 363558K [0x0000000080000000, 0x0000000100000000)
  region size 1024K, 13 young (13312K), 13 survivors (13312K)
 Metaspace       used 147323K, committed 149312K, reserved 557056K
  class space    used 19062K, committed 20032K, reserved 425984K
}
Event: 152.378 GC heap before
{Heap before GC invocations=86 (full 0):
 garbage-first heap   total 662528K, used 505894K [0x0000000080000000, 0x0000000100000000)
  region size 1024K, 147 young (150528K), 13 survivors (13312K)
 Metaspace       used 147840K, committed 149824K, reserved 557056K
  class space    used 19086K, committed 20032K, reserved 425984K
}
Event: 152.399 GC heap after
{Heap after GC invocations=87 (full 0):
 garbage-first heap   total 662528K, used 379313K [0x0000000080000000, 0x0000000100000000)
  region size 1024K, 15 young (15360K), 15 survivors (15360K)
 Metaspace       used 147840K, committed 149824K, reserved 557056K
  class space    used 19086K, committed 20032K, reserved 425984K
}
Event: 159.104 GC heap before
{Heap before GC invocations=87 (full 0):
 garbage-first heap   total 662528K, used 529841K [0x0000000080000000, 0x0000000100000000)
  region size 1024K, 147 young (150528K), 15 survivors (15360K)
 Metaspace       used 148643K, committed 150656K, reserved 557056K
  class space    used 19207K, committed 20160K, reserved 425984K
}
Event: 159.133 GC heap after
{Heap after GC invocations=88 (full 0):
 garbage-first heap   total 662528K, used 385167K [0x0000000080000000, 0x0000000100000000)
  region size 1024K, 13 young (13312K), 13 survivors (13312K)
 Metaspace       used 148643K, committed 150656K, reserved 557056K
  class space    used 19207K, committed 20160K, reserved 425984K
}
Event: 162.187 GC heap before
{Heap before GC invocations=88 (full 0):
 garbage-first heap   total 662528K, used 524431K [0x0000000080000000, 0x0000000100000000)
  region size 1024K, 148 young (151552K), 13 survivors (13312K)
 Metaspace       used 154726K, committed 156736K, reserved 622592K
  class space    used 20148K, committed 21120K, reserved 425984K
}
Event: 162.222 GC heap after
{Heap after GC invocations=89 (full 0):
 garbage-first heap   total 662528K, used 404858K [0x0000000080000000, 0x0000000100000000)
  region size 1024K, 18 young (18432K), 18 survivors (18432K)
 Metaspace       used 154726K, committed 156736K, reserved 622592K
  class space    used 20148K, committed 21120K, reserved 425984K
}
Event: 164.165 GC heap before
{Heap before GC invocations=89 (full 0):
 garbage-first heap   total 662528K, used 532858K [0x0000000080000000, 0x0000000100000000)
  region size 1024K, 144 young (147456K), 18 survivors (18432K)
 Metaspace       used 160517K, committed 162560K, reserved 622592K
  class space    used 21259K, committed 22208K, reserved 425984K
}
Event: 164.210 GC heap after
{Heap after GC invocations=90 (full 0):
 garbage-first heap   total 662528K, used 422871K [0x0000000080000000, 0x0000000100000000)
  region size 1024K, 18 young (18432K), 18 survivors (18432K)
 Metaspace       used 160517K, committed 162560K, reserved 622592K
  class space    used 21259K, committed 22208K, reserved 425984K
}
Event: 165.591 GC heap before
{Heap before GC invocations=90 (full 0):
 garbage-first heap   total 662528K, used 555991K [0x0000000080000000, 0x0000000100000000)
  region size 1024K, 131 young (134144K), 18 survivors (18432K)
 Metaspace       used 165781K, committed 167808K, reserved 622592K
  class space    used 22206K, committed 23168K, reserved 425984K
}
Event: 165.631 GC heap after
{Heap after GC invocations=91 (full 0):
 garbage-first heap   total 662528K, used 443351K [0x0000000080000000, 0x0000000100000000)
  region size 1024K, 12 young (12288K), 12 survivors (12288K)
 Metaspace       used 165781K, committed 167808K, reserved 622592K
  class space    used 22206K, committed 23168K, reserved 425984K
}
Event: 166.304 GC heap before
{Heap before GC invocations=91 (full 0):
 garbage-first heap   total 662528K, used 547799K [0x0000000080000000, 0x0000000100000000)
  region size 1024K, 115 young (117760K), 12 survivors (12288K)
 Metaspace       used 166615K, committed 168704K, reserved 622592K
  class space    used 22277K, committed 23232K, reserved 425984K
}
Event: 166.324 GC heap after
{Heap after GC invocations=92 (full 0):
 garbage-first heap   total 662528K, used 450201K [0x0000000080000000, 0x0000000100000000)
  region size 1024K, 8 young (8192K), 8 survivors (8192K)
 Metaspace       used 166615K, committed 168704K, reserved 622592K
  class space    used 22277K, committed 23232K, reserved 425984K
}
Event: 166.770 GC heap before
{Heap before GC invocations=92 (full 0):
 garbage-first heap   total 662528K, used 555673K [0x0000000080000000, 0x0000000100000000)
  region size 1024K, 111 young (113664K), 8 survivors (8192K)
 Metaspace       used 167067K, committed 169152K, reserved 622592K
  class space    used 22331K, committed 23296K, reserved 425984K
}
Event: 166.783 GC heap after
{Heap after GC invocations=93 (full 0):
 garbage-first heap   total 662528K, used 452481K [0x0000000080000000, 0x0000000100000000)
  region size 1024K, 10 young (10240K), 10 survivors (10240K)
 Metaspace       used 167067K, committed 169152K, reserved 622592K
  class space    used 22331K, committed 23296K, reserved 425984K
}
Event: 167.224 GC heap before
{Heap before GC invocations=93 (full 0):
 garbage-first heap   total 662528K, used 561025K [0x0000000080000000, 0x0000000100000000)
  region size 1024K, 116 young (118784K), 10 survivors (10240K)
 Metaspace       used 167962K, committed 170048K, reserved 622592K
  class space    used 22521K, committed 23488K, reserved 425984K
}
Event: 167.242 GC heap after
{Heap after GC invocations=94 (full 0):
 garbage-first heap   total 662528K, used 454884K [0x0000000080000000, 0x0000000100000000)
  region size 1024K, 7 young (7168K), 7 survivors (7168K)
 Metaspace       used 167962K, committed 170048K, reserved 622592K
  class space    used 22521K, committed 23488K, reserved 425984K
}
Event: 167.884 GC heap before
{Heap before GC invocations=94 (full 0):
 garbage-first heap   total 662528K, used 563428K [0x0000000080000000, 0x0000000100000000)
  region size 1024K, 114 young (116736K), 7 survivors (7168K)
 Metaspace       used 168969K, committed 171072K, reserved 622592K
  class space    used 22717K, committed 23744K, reserved 425984K
}
Event: 167.898 GC heap after
{Heap after GC invocations=95 (full 0):
 garbage-first heap   total 662528K, used 457256K [0x0000000080000000, 0x0000000100000000)
  region size 1024K, 9 young (9216K), 9 survivors (9216K)
 Metaspace       used 168969K, committed 171072K, reserved 622592K
  class space    used 22717K, committed 23744K, reserved 425984K
}

Deoptimization events (20 events):
Event: 168.209 Thread 0x0000021d1b0ff570 DEOPT PACKING pc=0x0000021d63084048 sp=0x0000008f46df9490
Event: 168.209 Thread 0x0000021d1b0ff570 DEOPT UNPACKING pc=0x0000021d66e42b43 sp=0x0000008f46df8988 mode 0
Event: 168.243 Thread 0x0000021d1b0ff570 DEOPT PACKING pc=0x0000021d62db7db4 sp=0x0000008f46df8f60
Event: 168.243 Thread 0x0000021d1b0ff570 DEOPT UNPACKING pc=0x0000021d66e42b43 sp=0x0000008f46df83f0 mode 0
Event: 168.283 Thread 0x0000021d1b0ff570 DEOPT PACKING pc=0x0000021d63084048 sp=0x0000008f46df9490
Event: 168.283 Thread 0x0000021d1b0ff570 DEOPT UNPACKING pc=0x0000021d66e42b43 sp=0x0000008f46df8988 mode 0
Event: 168.321 Thread 0x0000021d1b0fff90 Uncommon trap: trap_request=0xffffff45 fr.pc=0x0000021d679fbc1c relative=0x00000000000000dc
Event: 168.321 Thread 0x0000021d1b0fff90 Uncommon trap: reason=unstable_if action=reinterpret pc=0x0000021d679fbc1c method=org.gradle.internal.execution.DefaultWorkExecutionTracker$OperationListener.finished(Lorg/gradle/internal/operations/BuildOperationDescriptor;Lorg/gradle/internal/operations
Event: 168.321 Thread 0x0000021d1b0fff90 DEOPT PACKING pc=0x0000021d679fbc1c sp=0x0000008f46ffb780
Event: 168.321 Thread 0x0000021d1b0fff90 DEOPT UNPACKING pc=0x0000021d66e423a3 sp=0x0000008f46ffb6f8 mode 2
Event: 168.437 Thread 0x0000021d1b0fff90 Uncommon trap: trap_request=0xffffff54 fr.pc=0x0000021d6853015c relative=0x00000000000002bc
Event: 168.438 Thread 0x0000021d1b0fff90 Uncommon trap: reason=speculate_null_assert action=make_not_entrant pc=0x0000021d6853015c method=com.google.common.collect.Interners$InternerImpl.intern(Ljava/lang/Object;)Ljava/lang/Object; @ 46 c2
Event: 168.438 Thread 0x0000021d1b0fff90 DEOPT PACKING pc=0x0000021d6853015c sp=0x0000008f46ffcf20
Event: 168.438 Thread 0x0000021d1b0fff90 DEOPT UNPACKING pc=0x0000021d66e423a3 sp=0x0000008f46ffce08 mode 2
Event: 168.472 Thread 0x0000021d1b0fb8b0 DEOPT PACKING pc=0x0000021d62f55ed6 sp=0x0000008f46af9b00
Event: 168.472 Thread 0x0000021d1b0fb8b0 DEOPT UNPACKING pc=0x0000021d66e42b43 sp=0x0000008f46af9048 mode 0
Event: 168.473 Thread 0x0000021d1b0fccf0 DEOPT PACKING pc=0x0000021d62f54f86 sp=0x0000008f457f8b50
Event: 168.473 Thread 0x0000021d1b0fccf0 DEOPT UNPACKING pc=0x0000021d66e42b43 sp=0x0000008f457f8020 mode 0
Event: 168.474 Thread 0x0000021d1b0fb8b0 DEOPT PACKING pc=0x0000021d62f546a6 sp=0x0000008f46af9b90
Event: 168.474 Thread 0x0000021d1b0fb8b0 DEOPT UNPACKING pc=0x0000021d66e42b43 sp=0x0000008f46af9060 mode 0

Classes unloaded (20 events):
Event: 141.682 Thread 0x0000021d76678540 Unloading class 0x0000021d022d1798 'jdk/internal/jimage/ImageHeader'
Event: 141.682 Thread 0x0000021d76678540 Unloading class 0x0000021d022d1568 'jdk/internal/jimage/BasicImageReader$2'
Event: 141.682 Thread 0x0000021d76678540 Unloading class 0x0000021d022d1338 'jdk/internal/jimage/BasicImageReader$1'
Event: 141.682 Thread 0x0000021d76678540 Unloading class 0x0000021d022d10d0 'jdk/internal/jimage/ImageReader$Resource'
Event: 141.682 Thread 0x0000021d76678540 Unloading class 0x0000021d022d0e68 'jdk/internal/jimage/ImageReader$LinkNode'
Event: 141.682 Thread 0x0000021d76678540 Unloading class 0x0000021d022d0c00 'jdk/internal/jimage/ImageReader$Directory'
Event: 141.682 Thread 0x0000021d76678540 Unloading class 0x0000021d022d0998 'jdk/internal/jimage/ImageReader$Node'
Event: 141.682 Thread 0x0000021d76678540 Unloading class 0x0000021d022d07a0 'jdk/internal/jimage/ImageStrings'
Event: 141.682 Thread 0x0000021d76678540 Unloading class 0x0000021d022d04e0 'jdk/internal/jimage/ImageReader$SharedImageReader'
Event: 141.682 Thread 0x0000021d76678540 Unloading class 0x0000021d022d0220 'jdk/internal/jimage/BasicImageReader'
Event: 141.682 Thread 0x0000021d76678540 Unloading class 0x0000021d022d0000 'jdk/internal/jimage/ImageReader'
Event: 141.682 Thread 0x0000021d76678540 Unloading class 0x0000021d022c9c58 'jdk/internal/jrtfs/SystemImage$2'
Event: 141.682 Thread 0x0000021d76678540 Unloading class 0x0000021d022c9a40 'jdk/internal/jrtfs/SystemImage$$Lambda$2859+0x0000021d022c9a40'
Event: 141.682 Thread 0x0000021d76678540 Unloading class 0x0000021d022c9810 'jdk/internal/jrtfs/ExplodedImage'
Event: 141.682 Thread 0x0000021d76678540 Unloading class 0x0000021d022c95d8 'jdk/internal/jrtfs/SystemImage$1'
Event: 141.682 Thread 0x0000021d76678540 Unloading class 0x0000021d022c8dd8 'jdk/internal/jrtfs/SystemImage'
Event: 141.682 Thread 0x0000021d76678540 Unloading class 0x0000021d022c9378 'jdk/internal/jrtfs/JrtFileStore'
Event: 141.682 Thread 0x0000021d76678540 Unloading class 0x0000021d022c9000 'jdk/internal/jrtfs/JrtPath'
Event: 141.682 Thread 0x0000021d76678540 Unloading class 0x0000021d022c8ae0 'jdk/internal/jrtfs/JrtFileSystem'
Event: 141.682 Thread 0x0000021d76678540 Unloading class 0x0000021d022c8800 'jdk/internal/jrtfs/JrtFileSystemProvider'

Classes redefined (0 events):
No events

Internal exceptions (20 events):
Event: 164.613 Thread 0x0000021d1b0ff570 Exception <a 'java/lang/NoSuchMethodError'{0x00000000a66957e0}: 'void java.lang.invoke.DirectMethodHandle$Holder.invokeSpecial(java.lang.Object, java.lang.Object, int, java.lang.Object)'> (0x00000000a66957e0) 
thrown [s\open\src\hotspot\share\interpreter\linkResolver.cpp, line 759]
Event: 164.934 Thread 0x0000021d1b1009b0 Exception <a 'java/lang/NoSuchMethodError'{0x00000000a568f4e0}: 'java.lang.Object java.lang.invoke.DirectMethodHandle$Holder.invokeInterface(java.lang.Object, java.lang.Object, int)'> (0x00000000a568f4e0) 
thrown [s\open\src\hotspot\share\interpreter\linkResolver.cpp, line 759]
Event: 165.483 Thread 0x0000021d1b0fe640 Exception <a 'java/lang/IncompatibleClassChangeError'{0x00000000a25d0ab8}: Found class java.lang.Object, but interface was expected> (0x00000000a25d0ab8) 
thrown [s\open\src\hotspot\share\interpreter\linkResolver.cpp, line 826]
Event: 165.510 Thread 0x0000021d1b0fae90 Exception <a 'java/lang/NoSuchMethodError'{0x00000000a2457508}: 'int java.lang.invoke.DirectMethodHandle$Holder.invokeStatic(java.lang.Object, java.lang.Object, int, java.lang.Object)'> (0x00000000a2457508) 
thrown [s\open\src\hotspot\share\interpreter\linkResolver.cpp, line 759]
Event: 165.942 Thread 0x0000021d1b1009b0 Exception <a 'java/lang/NoSuchMethodError'{0x00000000a542a888}: 'void java.lang.invoke.DirectMethodHandle$Holder.invokeSpecialIFC(java.lang.Object, java.lang.Object, java.lang.Object, java.lang.Object)'> (0x00000000a542a888) 
thrown [s\open\src\hotspot\share\interpreter\linkResolver.cpp, line 759]
Event: 165.964 Thread 0x0000021d1b0ff570 Exception <a 'java/lang/NoSuchMethodError'{0x00000000a4e0a750}: 'int java.lang.invoke.DirectMethodHandle$Holder.invokeInterface(java.lang.Object, java.lang.Object, int)'> (0x00000000a4e0a750) 
thrown [s\open\src\hotspot\share\interpreter\linkResolver.cpp, line 759]
Event: 166.804 Thread 0x0000021d1b0fff90 Exception <a 'java/lang/NoSuchMethodError'{0x00000000a86b9a18}: 'java.lang.Object java.lang.invoke.DirectMethodHandle$Holder.newInvokeSpecial(java.lang.Object, java.lang.Object, int, java.lang.Object, java.lang.Object, java.lang.Object)'> (0x00000000a86b9a18) 
thrown [s\open\src\hotspot\share\interpreter\linkResolver.cpp, line 759]
Event: 166.821 Thread 0x0000021d1b0fff90 Exception <a 'java/lang/NoSuchMethodError'{0x00000000a82833a0}: 'java.lang.Object java.lang.invoke.Invokers$Holder.linkToTargetMethod(java.lang.Object, int, java.lang.Object, java.lang.Object, java.lang.Object, java.lang.Object)'> (0x00000000a82833a0) 
thrown [s\open\src\hotspot\share\interpreter\linkResolver.cpp, line 759]
Event: 166.823 Thread 0x0000021d1b0fff90 Exception <a 'java/lang/NoSuchMethodError'{0x00000000a8287bd0}: 'void java.lang.invoke.DirectMethodHandle$Holder.invokeSpecial(java.lang.Object, java.lang.Object, java.lang.Object, int, java.lang.Object, java.lang.Object, java.lang.Object, java.lang.Object)'> (0x00000000a8287bd0) 
thrown [s\open\src\hotspot\share\interpreter\linkResolver.cpp, line 759]
Event: 166.905 Thread 0x0000021d1b0fae90 Exception <a 'java/lang/NoSuchMethodError'{0x00000000a81c57f0}: 'void java.lang.invoke.DirectMethodHandle$Holder.invokeStatic(java.lang.Object, java.lang.Object, java.lang.Object, java.lang.Object, java.lang.Object, java.lang.Object, java.lang.Object, java.lang.Object)'> (0x00000000a81c57f0) 
thrown [s\open\src\hotspot\share\interpreter\linkResolver.cpp, line 759]
Event: 166.951 Thread 0x0000021d1b0fff90 Exception <a 'java/lang/NoSuchMethodError'{0x00000000a68f4320}: 'java.lang.Object java.lang.invoke.DirectMethodHandle$Holder.newInvokeSpecial(java.lang.Object, int, java.lang.Object, java.lang.Object)'> (0x00000000a68f4320) 
thrown [s\open\src\hotspot\share\interpreter\linkResolver.cpp, line 759]
Event: 166.952 Thread 0x0000021d1b0fff90 Exception <a 'java/lang/NoSuchMethodError'{0x00000000a68f8b78}: 'java.lang.Object java.lang.invoke.DirectMethodHandle$Holder.invokeSpecial(java.lang.Object, java.lang.Object, int, java.lang.Object, java.lang.Object)'> (0x00000000a68f8b78) 
thrown [s\open\src\hotspot\share\interpreter\linkResolver.cpp, line 759]
Event: 166.959 Thread 0x0000021d1b1009b0 Implicit null exception at 0x0000021d6801634f to 0x0000021d68016460
Event: 167.248 Thread 0x0000021d1b0ff060 Implicit null exception at 0x0000021d67e6a2ed to 0x0000021d67e6a3cc
Event: 167.542 Thread 0x0000021d1b1009b0 Exception <a 'java/lang/IncompatibleClassChangeError'{0x00000000a5a7b648}: Found class java.lang.Object, but interface was expected> (0x00000000a5a7b648) 
thrown [s\open\src\hotspot\share\interpreter\linkResolver.cpp, line 826]
Event: 168.252 Thread 0x0000021d1b1009b0 Exception <a 'sun/nio/fs/WindowsException'{0x00000000a5621710}> (0x00000000a5621710) 
thrown [s\open\src\hotspot\share\prims\jni.cpp, line 516]
Event: 168.253 Thread 0x0000021d1b0fff90 Exception <a 'sun/nio/fs/WindowsException'{0x00000000a56636b0}> (0x00000000a56636b0) 
thrown [s\open\src\hotspot\share\prims\jni.cpp, line 516]
Event: 168.253 Thread 0x0000021d1b0fae90 Exception <a 'sun/nio/fs/WindowsException'{0x00000000a5830520}> (0x00000000a5830520) 
thrown [s\open\src\hotspot\share\prims\jni.cpp, line 516]
Event: 168.254 Thread 0x0000021d1b0fa470 Exception <a 'sun/nio/fs/WindowsException'{0x00000000a59a2638}> (0x00000000a59a2638) 
thrown [s\open\src\hotspot\share\prims\jni.cpp, line 516]
Event: 168.254 Thread 0x0000021d1b0fb3a0 Exception <a 'sun/nio/fs/WindowsException'{0x00000000a4c32050}> (0x00000000a4c32050) 
thrown [s\open\src\hotspot\share\prims\jni.cpp, line 516]

VM Operations (20 events):
Event: 167.224 Executing VM operation: G1CollectForAllocation
Event: 167.247 Executing VM operation: G1CollectForAllocation done
Event: 167.249 Executing VM operation: HandshakeAllThreads
Event: 167.252 Executing VM operation: HandshakeAllThreads done
Event: 167.442 Executing VM operation: ICBufferFull
Event: 167.451 Executing VM operation: ICBufferFull done
Event: 167.467 Executing VM operation: HandshakeAllThreads
Event: 167.494 Executing VM operation: HandshakeAllThreads done
Event: 167.555 Executing VM operation: HandshakeAllThreads
Event: 167.557 Executing VM operation: HandshakeAllThreads done
Event: 167.623 Executing VM operation: HandshakeAllThreads
Event: 167.629 Executing VM operation: HandshakeAllThreads done
Event: 167.829 Executing VM operation: HandshakeAllThreads
Event: 167.846 Executing VM operation: HandshakeAllThreads done
Event: 167.876 Executing VM operation: G1CollectForAllocation
Event: 167.910 Executing VM operation: G1CollectForAllocation done
Event: 168.226 Executing VM operation: HandshakeAllThreads
Event: 168.231 Executing VM operation: HandshakeAllThreads done
Event: 168.417 Executing VM operation: ICBufferFull
Event: 168.436 Executing VM operation: ICBufferFull done

Events (20 events):
Event: 168.081 Thread 0x0000021d766c1580 flushing nmethod 0x0000021d62e7ab10
Event: 168.081 Thread 0x0000021d766c1580 flushing nmethod 0x0000021d62e7ae90
Event: 168.081 Thread 0x0000021d766c1580 flushing nmethod 0x0000021d62e90e90
Event: 168.081 Thread 0x0000021d766c1580 flushing nmethod 0x0000021d62e91210
Event: 168.081 Thread 0x0000021d766c1580 flushing nmethod 0x0000021d62e95990
Event: 168.081 Thread 0x0000021d766c1580 flushing nmethod 0x0000021d62e9f090
Event: 168.082 Thread 0x0000021d766c1580 flushing nmethod 0x0000021d62ea5790
Event: 168.082 Thread 0x0000021d766c1580 flushing nmethod 0x0000021d62ec2990
Event: 168.082 Thread 0x0000021d766c1580 flushing nmethod 0x0000021d62ec4b10
Event: 168.082 Thread 0x0000021d766c1580 flushing nmethod 0x0000021d62ed9790
Event: 168.082 Thread 0x0000021d766c1580 flushing nmethod 0x0000021d62ef3c90
Event: 168.082 Thread 0x0000021d766c1580 flushing nmethod 0x0000021d62f0f210
Event: 168.082 Thread 0x0000021d766c1580 flushing nmethod 0x0000021d62f17710
Event: 168.083 Thread 0x0000021d766c1580 flushing nmethod 0x0000021d62f2e310
Event: 168.084 Thread 0x0000021d766c1580 flushing nmethod 0x0000021d62f7ec10
Event: 168.084 Thread 0x0000021d766c1580 flushing nmethod 0x0000021d62fdb990
Event: 168.096 loading class java/nio/ByteBufferAsShortBufferL
Event: 168.135 loading class java/nio/ByteBufferAsShortBufferL done
Event: 168.216 loading class java/util/zip/Adler32
Event: 168.218 loading class java/util/zip/Adler32 done


Dynamic libraries:
0x00007ff675de0000 - 0x00007ff675df0000 	C:\Program Files\Java\jdk-17\bin\java.exe
0x00007fffb3e00000 - 0x00007fffb4068000 	C:\WINDOWS\SYSTEM32\ntdll.dll
0x00007fffb3c20000 - 0x00007fffb3ce9000 	C:\WINDOWS\System32\KERNEL32.DLL
0x00007fffb1340000 - 0x00007fffb1731000 	C:\WINDOWS\System32\KERNELBASE.dll
0x00007fffb11f0000 - 0x00007fffb133b000 	C:\WINDOWS\System32\ucrtbase.dll
0x00007fffada90000 - 0x00007fffadaa9000 	C:\Program Files\Java\jdk-17\bin\jli.dll
0x00007fffa77f0000 - 0x00007fffa780b000 	C:\Program Files\Java\jdk-17\bin\VCRUNTIME140.dll
0x00007fffb2930000 - 0x00007fffb29e4000 	C:\WINDOWS\System32\ADVAPI32.dll
0x00007fffb3d10000 - 0x00007fffb3db9000 	C:\WINDOWS\System32\msvcrt.dll
0x00007fffb1d70000 - 0x00007fffb1e16000 	C:\WINDOWS\System32\sechost.dll
0x00007fffb2810000 - 0x00007fffb2928000 	C:\WINDOWS\System32\RPCRT4.dll
0x00007fffb1ba0000 - 0x00007fffb1d66000 	C:\WINDOWS\System32\USER32.dll
0x00007fffb1ac0000 - 0x00007fffb1ae7000 	C:\WINDOWS\System32\win32u.dll
0x00007fff8c970000 - 0x00007fff8cc03000 	C:\WINDOWS\WinSxS\amd64_microsoft.windows.common-controls_6595b64144ccf1df_6.0.26100.7824_none_3e0870b2e3345462\COMCTL32.dll
0x00007fffb2f70000 - 0x00007fffb2f9b000 	C:\WINDOWS\System32\GDI32.dll
0x00007fffb06e0000 - 0x00007fffb080b000 	C:\WINDOWS\System32\gdi32full.dll
0x00007fffb1af0000 - 0x00007fffb1b93000 	C:\WINDOWS\System32\msvcp_win.dll
0x00007fff9e510000 - 0x00007fff9e51b000 	C:\WINDOWS\SYSTEM32\VERSION.dll
0x00007fffb2fa0000 - 0x00007fffb2fd1000 	C:\WINDOWS\System32\IMM32.DLL
0x00007fffada70000 - 0x00007fffada7c000 	C:\Program Files\Java\jdk-17\bin\vcruntime140_1.dll
0x00007fff79440000 - 0x00007fff794ce000 	C:\Program Files\Java\jdk-17\bin\msvcp140.dll
0x00007fff05550000 - 0x00007fff06130000 	C:\Program Files\Java\jdk-17\bin\server\jvm.dll
0x00007fffb3190000 - 0x00007fffb3198000 	C:\WINDOWS\System32\PSAPI.DLL
0x00007fffabae0000 - 0x00007fffabb15000 	C:\WINDOWS\SYSTEM32\WINMM.dll
0x00007fffab3f0000 - 0x00007fffab3fa000 	C:\WINDOWS\SYSTEM32\WSOCK32.dll
0x00007fffb2ef0000 - 0x00007fffb2f64000 	C:\WINDOWS\System32\WS2_32.dll
0x00007fffaf480000 - 0x00007fffaf49b000 	C:\WINDOWS\SYSTEM32\kernel.appcore.dll
0x00007fffad400000 - 0x00007fffad40a000 	C:\Program Files\Java\jdk-17\bin\jimage.dll
0x00007fffae360000 - 0x00007fffae5a2000 	C:\WINDOWS\SYSTEM32\DBGHELP.DLL
0x00007fffb2b60000 - 0x00007fffb2ee6000 	C:\WINDOWS\System32\combase.dll
0x00007fffb2a80000 - 0x00007fffb2b57000 	C:\WINDOWS\System32\OLEAUT32.dll
0x00007fff8a7c0000 - 0x00007fff8a7fb000 	C:\WINDOWS\SYSTEM32\dbgcore.DLL
0x00007fffb0810000 - 0x00007fffb08b5000 	C:\WINDOWS\System32\bcryptPrimitives.dll
0x00007fffab540000 - 0x00007fffab54e000 	C:\Program Files\Java\jdk-17\bin\instrument.dll
0x00007fff93ec0000 - 0x00007fff93ee5000 	C:\Program Files\Java\jdk-17\bin\java.dll
0x00007fff77450000 - 0x00007fff77527000 	C:\Program Files\Java\jdk-17\bin\jsvml.dll
0x00007fffb1e20000 - 0x00007fffb2572000 	C:\WINDOWS\System32\SHELL32.dll
0x00007fffb1950000 - 0x00007fffb1aba000 	C:\WINDOWS\System32\wintypes.dll
0x00007fffb0980000 - 0x00007fffb11e3000 	C:\WINDOWS\System32\windows.storage.dll
0x00007fffb2580000 - 0x00007fffb2676000 	C:\WINDOWS\System32\SHCORE.dll
0x00007fffb29f0000 - 0x00007fffb2a57000 	C:\WINDOWS\System32\shlwapi.dll
0x00007fffb0600000 - 0x00007fffb0629000 	C:\WINDOWS\SYSTEM32\profapi.dll
0x00007fff96870000 - 0x00007fff96888000 	C:\Program Files\Java\jdk-17\bin\zip.dll
0x00007fffa7280000 - 0x00007fffa7299000 	C:\Program Files\Java\jdk-17\bin\net.dll
0x00007fffa7ea0000 - 0x00007fffa7fc7000 	C:\WINDOWS\SYSTEM32\WINHTTP.dll
0x00007fffaf9f0000 - 0x00007fffafa5b000 	C:\WINDOWS\system32\mswsock.dll
0x00007fff9df30000 - 0x00007fff9df46000 	C:\Program Files\Java\jdk-17\bin\nio.dll
0x00007fff95190000 - 0x00007fff951a0000 	C:\Program Files\Java\jdk-17\bin\verify.dll
0x00007fff5f210000 - 0x00007fff5f237000 	C:\Users\glbha\.gradle\native\c067742578af261105cb4f569cf0c3c89f3d7b1fecec35dd04571415982c5e48\windows-amd64\native-platform.dll
0x00007fff4dee0000 - 0x00007fff4e024000 	C:\Users\glbha\.gradle\native\38dada09dfb8b06ba9b0570ebf7e218e3eb74d4ef43ca46872605cf95ebc2f47\windows-amd64\native-platform-file-events.dll
0x00007fffaa800000 - 0x00007fffaa80a000 	C:\Program Files\Java\jdk-17\bin\management.dll
0x00007fffaa6b0000 - 0x00007fffaa6bb000 	C:\Program Files\Java\jdk-17\bin\management_ext.dll
0x00007fffafcc0000 - 0x00007fffafcdb000 	C:\WINDOWS\SYSTEM32\CRYPTSP.dll
0x00007fffaf3e0000 - 0x00007fffaf419000 	C:\WINDOWS\system32\rsaenh.dll
0x00007fffafaa0000 - 0x00007fffafacb000 	C:\WINDOWS\SYSTEM32\USERENV.dll
0x00007fffb05d0000 - 0x00007fffb05fa000 	C:\WINDOWS\SYSTEM32\bcrypt.dll
0x00007fffafce0000 - 0x00007fffafcec000 	C:\WINDOWS\SYSTEM32\CRYPTBASE.dll
0x00007fffaee60000 - 0x00007fffaee94000 	C:\WINDOWS\SYSTEM32\IPHLPAPI.DLL
0x00007fffb3cf0000 - 0x00007fffb3cfa000 	C:\WINDOWS\System32\NSI.dll
0x00007fffab340000 - 0x00007fffab35e000 	C:\WINDOWS\SYSTEM32\dhcpcsvc6.DLL
0x00007fffab310000 - 0x00007fffab333000 	C:\WINDOWS\SYSTEM32\dhcpcsvc.DLL
0x00007fffaeef0000 - 0x00007fffaf01c000 	C:\WINDOWS\SYSTEM32\DNSAPI.dll
0x00007fffab510000 - 0x00007fffab51e000 	C:\Program Files\Java\jdk-17\bin\sunmscapi.dll
0x00007fffb17d0000 - 0x00007fffb1947000 	C:\WINDOWS\System32\CRYPT32.dll
0x00007fffafee0000 - 0x00007fffaff10000 	C:\WINDOWS\SYSTEM32\ncrypt.dll
0x00007fffafe90000 - 0x00007fffafecf000 	C:\WINDOWS\SYSTEM32\NTASN1.dll
0x00007fff725f0000 - 0x00007fff725f8000 	C:\WINDOWS\system32\wshunix.dll
0x00007fff88800000 - 0x00007fff88818000 	C:\WINDOWS\system32\napinsp.dll
0x00007fff887e0000 - 0x00007fff887f2000 	C:\WINDOWS\System32\winrnr.dll
0x00007fff887b0000 - 0x00007fff887d2000 	C:\WINDOWS\system32\nlansp_c.dll
0x00007fff883c0000 - 0x00007fff883d6000 	C:\WINDOWS\system32\wshbth.dll
0x00007fffa70b0000 - 0x00007fffa70bb000 	C:\Windows\System32\rasadhlp.dll
0x00007fffab6f0000 - 0x00007fffab776000 	C:\WINDOWS\System32\fwpuclnt.dll
0x00007fffaf5a0000 - 0x00007fffaf5d6000 	C:\WINDOWS\SYSTEM32\ntmarta.dll
0x00007fff800b0000 - 0x00007fff800b7000 	C:\Program Files\Java\jdk-17\bin\rmi.dll

dbghelp: loaded successfully - version: 4.0.5 - missing functions: none
symbol engine: initialized successfully - sym options: 0x614 - pdb path: .;C:\Program Files\Java\jdk-17\bin;C:\WINDOWS\SYSTEM32;C:\WINDOWS\WinSxS\amd64_microsoft.windows.common-controls_6595b64144ccf1df_6.0.26100.7824_none_3e0870b2e3345462;C:\Program Files\Java\jdk-17\bin\server;C:\Users\glbha\.gradle\native\c067742578af261105cb4f569cf0c3c89f3d7b1fecec35dd04571415982c5e48\windows-amd64;C:\Users\glbha\.gradle\native\38dada09dfb8b06ba9b0570ebf7e218e3eb74d4ef43ca46872605cf95ebc2f47\windows-amd64

VM Arguments:
jvm_args: -XX:MaxMetaspaceSize=512m --add-opens=java.base/java.util=ALL-UNNAMED --add-opens=java.base/java.lang=ALL-UNNAMED --add-opens=java.base/java.lang.invoke=ALL-UNNAMED --add-opens=java.prefs/java.util.prefs=ALL-UNNAMED --add-opens=java.base/java.nio.charset=ALL-UNNAMED --add-opens=java.base/java.net=ALL-UNNAMED --add-opens=java.base/java.util.concurrent.atomic=ALL-UNNAMED -Xmx2048m -Dfile.encoding=windows-1252 -Duser.country=IN -Duser.language=en -Duser.variant -javaagent:C:\Users\glbha\.gradle\wrapper\dists\gradle-8.6-all\3mbtmo166bl6vumsh5k2lkq5h\gradle-8.6\lib\agents\gradle-instrumentation-agent-8.6.jar 
java_command: org.gradle.launcher.daemon.bootstrap.GradleDaemon 8.6
java_class_path (initial): C:\Users\glbha\.gradle\wrapper\dists\gradle-8.6-all\3mbtmo166bl6vumsh5k2lkq5h\gradle-8.6\lib\gradle-launcher-8.6.jar
Launcher Type: SUN_STANDARD

[Global flags]
     intx CICompilerCount                          = 4                                         {product} {ergonomic}
   size_t CompressedClassSpaceSize                 = 436207616                                 {product} {ergonomic}
     uint ConcGCThreads                            = 3                                         {product} {ergonomic}
     uint G1ConcRefinementThreads                  = 10                                        {product} {ergonomic}
   size_t G1HeapRegionSize                         = 1048576                                   {product} {ergonomic}
    uintx GCDrainStackTargetSize                   = 64                                        {product} {ergonomic}
   size_t InitialHeapSize                          = 130023424                                 {product} {ergonomic}
   size_t MarkStackSize                            = 4194304                                   {product} {ergonomic}
   size_t MaxHeapSize                              = 2147483648                                {product} {command line}
   size_t MaxMetaspaceSize                         = 536870912                                 {product} {command line}
   size_t MaxNewSize                               = 1287651328                                {product} {ergonomic}
   size_t MinHeapDeltaBytes                        = 1048576                                   {product} {ergonomic}
   size_t MinHeapSize                              = 8388608                                   {product} {ergonomic}
    uintx NonNMethodCodeHeapSize                   = 5839372                                {pd product} {ergonomic}
    uintx NonProfiledCodeHeapSize                  = 122909434                              {pd product} {ergonomic}
    uintx ProfiledCodeHeapSize                     = 122909434                              {pd product} {ergonomic}
    uintx ReservedCodeCacheSize                    = 251658240                              {pd product} {ergonomic}
     bool SegmentedCodeCache                       = true                                      {product} {ergonomic}
   size_t SoftMaxHeapSize                          = 2147483648                             {manageable} {ergonomic}
     bool UseCompressedClassPointers               = true                           {product lp64_product} {ergonomic}
     bool UseCompressedOops                        = true                           {product lp64_product} {ergonomic}
     bool UseG1GC                                  = true                                      {product} {ergonomic}
     bool UseLargePagesIndividualAllocation        = false                                  {pd product} {ergonomic}

Logging:
Log output configuration:
 #0: stdout all=warning uptime,level,tags
 #1: stderr all=off uptime,level,tags

Environment Variables:
JAVA_HOME=C:\Program Files\Java\jdk-17
PATH=C:\Users\glbha\bin;C:\Program Files\Git\mingw64\bin;C:\Program Files\Git\usr\local\bin;C:\Program Files\Git\usr\bin;C:\Program Files\Git\usr\bin;C:\Program Files\Git\mingw64\bin;C:\Program Files\Git\usr\bin;C:\Users\glbha\bin;C:\Users\glbha\AppData\Roaming\Code\User\globalStorage\github.copilot-chat\debugCommand;C:\Users\glbha\AppData\Roaming\Code\User\globalStorage\github.copilot-chat\copilotCli;C:\Program Files\Common Files\Oracle\Java\javapath;C:\WINDOWS\system32;C:\WINDOWS;C:\WINDOWS\System32\Wbem;C:\WINDOWS\System32\WindowsPowerShell\v1.0;C:\WINDOWS\System32\OpenSSH;C:\Program Files\nodejs;C:\Program Files\Git\cmd;C:\Program Files\Java\jdk-17\bin;C:\Program Files\MySQL\MySQL Server 8.0\bin;C:\MinGW\bin;D:\Apps\netbeans\bin;D:\Apps\IntelliJ\IntelliJ IDEA Community Edition 2025.2.3\bin;C:\Program Files\apache-jmeter-5.6.3\bin;D:\Apps\Microsoft VS Code\bin;C:\Program Files\MongoDB\Server\8.2\bin;C:\Program Files (x86)\Microsoft SQL Server\170\Tools\Binn;C:\Program Files\Microsoft SQL Server\170\Tools\Binn;C:\Program Files\Microsoft SQL Server\Client SDK\ODBC\180\Tools\Binn;C:\Program Files\Microsoft SQL Server\170\DTS\Binn;C:\Program Files\PuTTY;C:\Program Files\MySQL\MySQL Shell 8.0\bin;C:\Users\glbha\AppData\Local\Programs\Python\Python311\Scripts;C:\Users\glbha\AppData\Local\Programs\Python\Python311;C:\Users\glbha\AppData\Local\Microsoft\WindowsApps;C:\Users\glbha\AppData\Roaming\npm;C:\msys64\ucrt64\bin;D:\Apps\IntelliJ\IntelliJ IDEA 2025.2.3\bin;D:\Apps\PyCharm\PyCharm 2025.2.3\bin;C:\Users\glbha\AppData\Local\Programs\Antigravity\bin;%ANDROID_HOME%\platform-tools;%ANDROID_HOME%\tools;C:\Users\glbha\AppData\Local\JetBrains\Toolbox\scripts;C:\Users\glbha\.vscode\extensions\vscjava.vscode-java-debug-0.58.5\bundled\scripts\noConfigScripts;C:\Program Files\Git\usr\bin\vendor_perl;C:\Program Files\Git\usr\bin\core_perl
USERNAME=black03
SHELL=C:\Program Files\Git\usr\bin\bash.exe
DISPLAY=needs-to-be-defined
LANG=en_US.UTF-8
OS=Windows_NT
PROCESSOR_IDENTIFIER=Intel64 Family 6 Model 186 Stepping 3, GenuineIntel



---------------  S Y S T E M  ---------------

OS:
 Windows 11 , 64 bit Build 26100 (10.0.26100.7705)
OS uptime: 1 days 22:56 hours
Hyper-V role detected

CPU: total 12 (initial active 12) (6 cores per cpu, 2 threads per core) family 6 model 186 stepping 3 microcode 0x4121, cx8, cmov, fxsr, ht, mmx, 3dnowpref, sse, sse2, sse3, ssse3, sse4.1, sse4.2, popcnt, lzcnt, tsc, tscinvbit, avx, avx2, aes, erms, clmul, bmi1, bmi2, adx, sha, fma, vzeroupper, clflush, clflushopt, clwb, hv

Memory: 4k page, system-wide physical 7835M (479M free)
TotalPageFile size 30261M (AvailPageFile size 39M)
current process WorkingSet (physical memory assigned to process): 689M, peak: 826M
current process commit charge ("private bytes"): 1230M, peak: 1233M

vm_info: Java HotSpot(TM) 64-Bit Server VM (17.0.12+8-LTS-286) for windows-amd64 JRE (17.0.12+8-LTS-286), built on Jun  5 2024 06:46:59 by "mach5one" with MS VC++ 17.6 (VS2022)

END.
